timestamp,transformer_id,load_percentage,oil_temperature_c,winding_temperature_c,vibration_mm_s,dissolved_hydrogen_ppm,dissolved_acetylene_ppm,iso_forest_pred,anomaly_score,anomaly_flag
2026-06-01 00:00:00,TX-ALPHA-01,81.28,41.56,56.68,2.478,21.16,0.48,0,0.1311,0
2026-06-01 01:00:00,TX-ALPHA-01,72.68,40.61,54.18,2.53,24.03,0.25,0,0.1424,0
2026-06-01 02:00:00,TX-ALPHA-01,77.54,39.71,53.73,2.595,46.01,1.07,0,0.1088,0
2026-06-01 03:00:00,TX-ALPHA-01,68.29,34.83,45.22,2.285,36.47,0.46,0,0.1666,0
2026-06-01 04:00:00,TX-ALPHA-01,64.8,36.08,45.49,2.586,10.99,0.51,0,0.1502,0
2026-06-01 05:00:00,TX-ALPHA-01,60.69,38.29,48.08,2.605,21.1,0.22,0,0.0729,0
2026-06-01 06:00:00,TX-ALPHA-01,59.17,39.51,48.16,2.414,11.2,0.34,0,0.0819,0
2026-06-01 07:00:00,TX-ALPHA-01,57.99,47.89,56.33,2.178,13.88,1.56,0,0.0468,0
2026-06-01 08:00:00,TX-ALPHA-01,62.63,40.57,51.12,1.923,28.21,3.05,0,0.1611,0
2026-06-01 09:00:00,TX-ALPHA-01,67.39,46.87,58.46,2.179,73.66,1.09,0,0.0923,0
2026-06-01 10:00:00,TX-ALPHA-01,79.29,55.6,70.19,2.812,13.1,0.92,0,0.1484,0
2026-06-01 11:00:00,TX-ALPHA-01,78.6,58.68,72.77,2.55,48.79,0.44,0,0.1635,0
2026-06-01 12:00:00,TX-ALPHA-01,90.16,62.4,82.21,2.649,44.11,1.41,1,0.4164,0
2026-06-01 13:00:00,TX-ALPHA-01,75.47,60.74,73.7,2.716,15.9,1.04,0,0.1641,0
2026-06-01 14:00:00,TX-ALPHA-01,74.33,57.84,72.65,2.646,20.48,0.74,0,0.0768,0
2026-06-01 15:00:00,TX-ALPHA-01,69.43,55.31,66.66,2.147,38.57,0.35,0,0.0456,0
2026-06-01 16:00:00,TX-ALPHA-01,68.3,56.03,68.78,2.643,28.18,0.48,0,0.0495,0
2026-06-01 17:00:00,TX-ALPHA-01,72.09,78.9,99.53,2.649,17.06,0.89,1,0.5401,1
2026-06-01 18:00:00,TX-ALPHA-01,57.38,53.33,62.27,2.337,37.68,0.62,0,0.1209,0
2026-06-01 19:00:00,TX-ALPHA-01,48.71,43.78,49.15,2.008,11.48,2.38,1,0.403,0
2026-06-01 20:00:00,TX-ALPHA-01,68.94,44.66,57.42,2.561,356.9,31.02,1,0.7476,1
2026-06-01 21:00:00,TX-ALPHA-01,67.54,44.11,55.84,2.339,52.26,0.59,0,0.0602,0
2026-06-01 22:00:00,TX-ALPHA-01,74.03,45.24,59.64,2.44,10.35,0.46,0,0.0278,0
2026-06-01 23:00:00,TX-ALPHA-01,79.55,44.74,60.65,2.754,79.86,0.57,0,0.1784,0
2026-06-02 00:00:00,TX-ALPHA-01,78.24,45.58,59.82,2.798,43.88,0.21,0,0.107,0
2026-06-02 01:00:00,TX-ALPHA-01,77.8,44.66,58.28,2.358,26.74,1.45,0,0.1036,0
2026-06-02 02:00:00,TX-ALPHA-01,73.71,39.33,53.36,2.798,11.6,1.17,0,0.1922,0
2026-06-02 03:00:00,TX-ALPHA-01,68.43,36.05,48.28,2.727,18.28,0.29,0,0.1655,0
2026-06-02 04:00:00,TX-ALPHA-01,126.12,33.96,70.44,2.13,40.44,2.84,1,0.9678,1
2026-06-02 05:00:00,TX-ALPHA-01,57.82,39.74,47.94,2.546,30.04,2.75,0,0.1866,0
2026-06-02 06:00:00,TX-ALPHA-01,52.05,39.07,45.96,1.869,14.52,0.23,0,0.2463,0
2026-06-02 07:00:00,TX-ALPHA-01,59.39,44.38,52.64,2.307,17.95,0.72,0,0.0522,0
2026-06-02 08:00:00,TX-ALPHA-01,66.99,44.49,57.65,2.451,46.66,1.24,0,0.0395,0
2026-06-02 09:00:00,TX-ALPHA-01,64.9,46.33,53.8,2.315,36.7,1.56,0,0.0671,0
2026-06-02 10:00:00,TX-ALPHA-01,79.12,58.69,73.92,2.634,24.05,0.85,0,0.1845,0
2026-06-02 11:00:00,TX-ALPHA-01,86.17,53.51,70.54,3.035,335.47,40.59,1,0.9407,1
2026-06-02 12:00:00,TX-ALPHA-01,76.24,60.62,73.8,2.673,13.2,0.35,0,0.1077,0
2026-06-02 13:00:00,TX-ALPHA-01,77.56,58.68,73.75,2.837,11.28,2.23,0,0.142,0
2026-06-02 14:00:00,TX-ALPHA-01,76.78,57.62,70.42,2.855,19.31,0.23,0,0.1411,0
2026-06-02 15:00:00,TX-ALPHA-01,71.37,53.92,65.86,2.304,17.1,0.51,0,0.0867,0
2026-06-02 16:00:00,TX-ALPHA-01,64.78,54.36,66.79,2.474,18.48,0.47,0,0.0884,0
2026-06-02 17:00:00,TX-ALPHA-01,60.44,47.44,56.75,2.163,12.63,0.47,0,0.0894,0
2026-06-02 18:00:00,TX-ALPHA-01,51.68,48.8,55.83,2.281,12.81,2.32,0,0.2304,0
2026-06-02 19:00:00,TX-ALPHA-01,53.63,45.58,53.18,2.104,24.15,0.9,0,0.1783,0
2026-06-02 20:00:00,TX-ALPHA-01,61.44,41.82,52.69,2.08,31.42,0.71,0,0.0941,0
2026-06-02 21:00:00,TX-ALPHA-01,67.86,44.13,55.29,2.539,12.68,1.55,0,0.0278,0
2026-06-02 22:00:00,TX-ALPHA-01,72.45,42.93,54.11,2.434,30.65,0.41,0,0.0567,0
2026-06-02 23:00:00,TX-ALPHA-01,78.71,46.05,60.07,2.537,33.7,0.81,0,0.0612,0
2026-06-03 00:00:00,TX-ALPHA-01,76.6,40.32,55.07,2.646,16.28,0.29,0,0.0756,0
2026-06-03 01:00:00,TX-ALPHA-01,76.55,43.57,59.21,2.78,21.74,0.54,0,0.0591,0
2026-06-03 02:00:00,TX-ALPHA-01,79.73,37.83,55.49,2.661,10.27,2.35,0,0.2486,0
2026-06-03 03:00:00,TX-ALPHA-01,69.27,40.4,52.74,2.467,48.97,0.3,0,0.0699,0
2026-06-03 04:00:00,TX-ALPHA-01,65.63,36.11,46.24,2.05,21.56,0.54,0,0.2132,0
2026-06-03 05:00:00,TX-ALPHA-01,55.63,58.02,75.38,2.17,16.75,1.0,1,0.418,1
2026-06-03 06:00:00,TX-ALPHA-01,56.72,42.54,50.3,1.997,17.6,1.49,0,0.1192,0
2026-06-03 07:00:00,TX-ALPHA-01,62.54,38.15,50.9,2.716,19.84,1.36,0,0.1273,0
2026-06-03 08:00:00,TX-ALPHA-01,60.51,43.38,52.91,2.494,22.04,0.37,0,0.0774,0
2026-06-03 09:00:00,TX-ALPHA-01,59.98,53.32,62.98,2.292,34.66,2.51,0,0.1438,0
2026-06-03 10:00:00,TX-ALPHA-01,72.72,54.1,67.76,2.561,24.7,1.59,0,0.0571,0
2026-06-03 11:00:00,TX-ALPHA-01,82.39,60.05,76.25,2.488,73.37,0.36,0,0.2723,0
2026-06-03 12:00:00,TX-ALPHA-01,84.23,66.15,83.86,2.946,35.94,1.55,1,0.3751,0
2026-06-03 13:00:00,TX-ALPHA-01,68.01,55.02,67.73,2.241,14.33,0.75,0,0.0819,0
2026-06-03 14:00:00,TX-ALPHA-01,71.77,64.44,79.12,2.467,29.18,2.59,0,0.3123,0
2026-06-03 15:00:00,TX-ALPHA-01,63.02,53.36,64.18,2.125,19.64,0.55,0,0.0682,0
2026-06-03 16:00:00,TX-ALPHA-01,70.46,57.95,71.13,2.726,31.35,1.01,0,0.0735,0
2026-06-03 17:00:00,TX-ALPHA-01,60.79,51.08,58.98,2.238,11.93,0.37,0,0.1192,0
2026-06-03 18:00:00,TX-ALPHA-01,58.17,54.31,62.22,2.53,22.34,1.93,0,0.0832,0
2026-06-03 19:00:00,TX-ALPHA-01,49.06,49.51,53.86,2.229,41.39,0.7,0,0.2852,0
2026-06-03 20:00:00,TX-ALPHA-01,56.5,44.46,52.96,2.084,21.09,0.2,0,0.2025,0
2026-06-03 21:00:00,TX-ALPHA-01,70.48,44.14,55.99,2.629,23.32,1.92,0,0.1649,0
2026-06-03 22:00:00,TX-ALPHA-01,71.11,41.87,55.0,2.582,24.9,0.78,0,0.0286,0
2026-06-03 23:00:00,TX-ALPHA-01,71.49,42.44,56.6,2.624,10.53,1.77,0,0.0552,0
2026-06-04 00:00:00,TX-ALPHA-01,72.95,45.09,58.32,2.342,10.08,0.24,0,0.0456,0
2026-06-04 01:00:00,TX-ALPHA-01,82.45,46.28,62.74,2.812,21.05,0.43,0,0.2048,0
2026-06-04 02:00:00,TX-ALPHA-01,70.78,36.1,48.91,2.444,10.02,1.33,0,0.1455,0
2026-06-04 03:00:00,TX-ALPHA-01,65.12,35.45,47.64,2.325,17.47,1.32,0,0.1166,0
2026-06-04 04:00:00,TX-ALPHA-01,58.83,43.1,53.56,2.604,17.26,1.58,0,0.0796,0
2026-06-04 05:00:00,TX-ALPHA-01,51.77,39.26,47.35,2.248,13.92,1.82,0,0.1627,0
2026-06-04 06:00:00,TX-ALPHA-01,55.97,40.79,50.37,2.38,13.35,1.2,0,0.0701,0
2026-06-04 07:00:00,TX-ALPHA-01,57.29,43.61,51.92,2.419,46.43,0.36,0,0.1777,0
2026-06-04 08:00:00,TX-ALPHA-01,67.25,47.34,57.6,2.641,23.38,3.53,0,0.086,0
2026-06-04 09:00:00,TX-ALPHA-01,73.98,51.81,64.98,2.541,19.88,0.54,0,0.0497,0
2026-06-04 10:00:00,TX-ALPHA-01,70.63,51.19,64.07,2.498,11.99,0.92,0,0.0462,0
2026-06-04 11:00:00,TX-ALPHA-01,77.64,60.19,76.89,2.556,22.08,1.43,0,0.0899,0
2026-06-04 12:00:00,TX-ALPHA-01,75.14,61.24,73.52,2.763,19.53,1.84,0,0.1311,0
2026-06-04 13:00:00,TX-ALPHA-01,83.12,60.11,75.96,2.414,13.41,0.35,0,0.2339,0
2026-06-04 14:00:00,TX-ALPHA-01,77.88,61.8,79.05,2.684,10.45,0.95,0,0.1654,0
2026-06-04 15:00:00,TX-ALPHA-01,62.05,53.27,62.98,2.595,23.81,0.57,0,0.0835,0
2026-06-04 16:00:00,TX-ALPHA-01,58.31,59.31,67.84,2.305,25.84,0.61,0,0.1083,0
2026-06-04 17:00:00,TX-ALPHA-01,62.83,52.77,61.25,2.199,18.93,0.33,0,0.168,0
2026-06-04 18:00:00,TX-ALPHA-01,48.95,47.6,54.1,2.439,207.08,53.29,1,0.9118,1
2026-06-04 19:00:00,TX-ALPHA-01,52.53,47.94,55.88,2.236,40.37,0.78,0,0.1035,0
2026-06-04 20:00:00,TX-ALPHA-01,57.09,51.73,60.45,2.271,27.7,2.51,0,0.1136,0
2026-06-04 21:00:00,TX-ALPHA-01,68.73,45.97,56.89,2.571,26.13,1.04,0,0.023,0
2026-06-04 22:00:00,TX-ALPHA-01,75.07,45.17,58.74,2.744,15.94,1.52,0,0.0345,0
2026-06-04 23:00:00,TX-ALPHA-01,77.28,42.57,56.15,2.902,18.93,0.57,0,0.0586,0
2026-06-05 00:00:00,TX-ALPHA-01,84.04,46.4,60.45,3.171,10.39,0.58,0,0.2647,0
2026-06-05 01:00:00,TX-ALPHA-01,81.23,46.04,61.53,2.773,11.6,0.44,0,0.1141,0
2026-06-05 02:00:00,TX-ALPHA-01,79.32,43.09,57.2,2.583,13.0,0.36,0,0.0922,0
2026-06-05 03:00:00,TX-ALPHA-01,63.75,35.13,46.24,2.375,23.8,1.92,0,0.1695,0
2026-06-05 04:00:00,TX-ALPHA-01,68.25,37.52,49.08,2.678,26.52,0.98,0,0.1206,0
2026-06-05 05:00:00,TX-ALPHA-01,53.74,42.02,48.58,2.221,17.44,0.75,0,0.1363,0
2026-06-05 06:00:00,TX-ALPHA-01,61.56,40.0,49.68,2.267,11.34,0.37,0,0.1486,0
2026-06-05 07:00:00,TX-ALPHA-01,55.88,44.75,54.4,2.228,25.78,0.51,0,0.0545,0
2026-06-05 08:00:00,TX-ALPHA-01,62.93,46.26,57.21,2.149,13.36,0.28,0,0.0422,0
2026-06-05 09:00:00,TX-ALPHA-01,62.64,49.34,59.76,2.573,24.66,1.33,0,0.0535,0
2026-06-05 10:00:00,TX-ALPHA-01,77.58,62.3,76.76,2.166,23.77,2.21,0,0.1952,0
2026-06-05 11:00:00,TX-ALPHA-01,80.18,64.36,80.21,2.596,17.74,1.15,0,0.2149,0
2026-06-05 12:00:00,TX-ALPHA-01,81.9,63.42,79.31,2.412,17.63,0.57,0,0.2011,0
2026-06-05 13:00:00,TX-ALPHA-01,78.54,61.83,76.96,2.455,13.65,1.04,0,0.1358,0
2026-06-05 14:00:00,TX-ALPHA-01,79.71,60.93,75.75,2.669,20.68,1.55,0,0.2661,0
2026-06-05 15:00:00,TX-ALPHA-01,76.65,62.02,75.8,2.346,18.02,1.26,0,0.1136,0
2026-06-05 16:00:00,TX-ALPHA-01,50.89,53.0,60.4,2.232,11.74,0.68,0,0.2178,0
2026-06-05 17:00:00,TX-ALPHA-01,56.51,52.24,60.14,1.762,33.06,2.69,0,0.2783,0
2026-06-05 18:00:00,TX-ALPHA-01,62.3,47.22,58.22,2.381,25.19,0.26,0,0.0706,0
2026-06-05 19:00:00,TX-ALPHA-01,63.56,46.43,56.22,2.604,15.28,1.39,0,0.0526,0
2026-06-05 20:00:00,TX-ALPHA-01,64.13,48.35,58.76,2.304,24.32,1.03,0,0.0363,0
2026-06-05 21:00:00,TX-ALPHA-01,74.7,49.1,63.36,2.502,13.82,0.65,0,0.0189,0
2026-06-05 22:00:00,TX-ALPHA-01,72.64,42.34,55.28,2.564,31.1,1.68,0,0.0326,0
2026-06-05 23:00:00,TX-ALPHA-01,80.34,43.48,59.69,2.762,13.6,1.67,0,0.0929,0
2026-06-06 00:00:00,TX-ALPHA-01,90.41,42.62,62.52,2.962,12.62,0.21,0,0.3338,0
2026-06-06 01:00:00,TX-ALPHA-01,76.63,44.32,58.09,2.357,32.97,0.2,0,0.0658,0
2026-06-06 02:00:00,TX-ALPHA-01,76.34,38.54,53.45,2.5,94.13,0.68,0,0.2077,0
2026-06-06 03:00:00,TX-ALPHA-01,73.33,36.23,49.72,2.353,19.84,0.25,0,0.1581,0
2026-06-06 04:00:00,TX-ALPHA-01,66.08,38.54,48.98,2.389,10.91,1.43,0,0.1006,0
2026-06-06 05:00:00,TX-ALPHA-01,59.88,38.17,48.27,2.005,29.96,2.36,0,0.2753,0
2026-06-06 06:00:00,TX-ALPHA-01,57.33,67.73,86.59,2.541,13.06,0.53,1,0.5262,1
2026-06-06 07:00:00,TX-ALPHA-01,59.61,43.87,54.12,2.252,28.36,0.24,0,0.06,0
2026-06-06 08:00:00,TX-ALPHA-01,57.25,45.84,53.73,1.843,37.94,0.34,0,0.0945,0
2026-06-06 09:00:00,TX-ALPHA-01,75.63,53.84,68.61,2.383,21.92,1.91,0,0.0855,0
2026-06-06 10:00:00,TX-ALPHA-01,78.77,55.82,70.18,2.405,15.54,2.94,0,0.1568,0
2026-06-06 11:00:00,TX-ALPHA-01,84.84,60.33,76.64,2.448,21.73,0.84,0,0.1934,0
2026-06-06 12:00:00,TX-ALPHA-01,84.6,61.99,78.6,2.947,30.75,1.44,0,0.2401,0
2026-06-06 13:00:00,TX-ALPHA-01,78.18,59.27,73.04,2.699,14.43,0.86,0,0.1195,0
2026-06-06 14:00:00,TX-ALPHA-01,74.21,57.42,70.18,2.11,17.6,0.67,0,0.1154,0
2026-06-06 15:00:00,TX-ALPHA-01,64.58,52.16,60.26,2.575,22.24,0.96,0,0.1432,0
2026-06-06 16:00:00,TX-ALPHA-01,56.12,54.59,62.72,2.399,34.04,1.76,0,0.2147,0
2026-06-06 17:00:00,TX-ALPHA-01,56.51,58.62,67.78,2.273,10.45,0.39,0,0.2448,0
2026-06-06 18:00:00,TX-ALPHA-01,50.96,47.02,54.59,2.14,21.18,0.3,0,0.17,0
2026-06-06 19:00:00,TX-ALPHA-01,56.0,75.68,93.91,2.311,34.61,0.43,1,0.5912,1
2026-06-06 20:00:00,TX-ALPHA-01,56.76,71.98,90.19,2.424,20.78,0.39,1,0.496,1
2026-06-06 21:00:00,TX-ALPHA-01,68.38,44.92,55.26,2.145,13.86,0.31,0,0.0278,0
2026-06-06 22:00:00,TX-ALPHA-01,73.68,44.82,59.23,2.938,24.84,1.01,0,0.0526,0
2026-06-06 23:00:00,TX-ALPHA-01,80.44,43.08,57.31,2.393,77.69,0.81,0,0.2053,0
2026-06-07 00:00:00,TX-ALPHA-01,78.02,41.45,56.08,2.3,30.07,0.23,0,0.1087,0
2026-06-07 01:00:00,TX-ALPHA-01,79.29,39.85,54.58,2.556,54.38,1.44,0,0.1529,0
2026-06-07 02:00:00,TX-ALPHA-01,71.74,37.61,49.84,2.182,43.31,0.23,0,0.1617,0
2026-06-07 03:00:00,TX-ALPHA-01,115.73,36.87,73.53,1.774,23.41,1.74,1,0.8428,1
2026-06-07 04:00:00,TX-ALPHA-01,58.94,40.72,49.33,2.222,24.4,0.54,0,0.0781,0
2026-06-07 05:00:00,TX-ALPHA-01,56.43,40.07,49.09,2.318,24.04,1.59,0,0.1063,0
2026-06-07 06:00:00,TX-ALPHA-01,52.54,37.35,44.27,2.084,18.14,0.26,0,0.2604,0
2026-06-07 07:00:00,TX-ALPHA-01,58.44,45.77,55.74,2.299,24.22,1.23,0,0.0635,0
2026-06-07 08:00:00,TX-ALPHA-01,58.27,47.4,54.65,2.395,29.59,1.69,0,0.1484,0
2026-06-07 09:00:00,TX-ALPHA-01,71.18,48.61,61.58,2.533,47.27,0.51,0,0.0686,0
2026-06-07 10:00:00,TX-ALPHA-01,76.87,55.45,68.84,2.498,10.39,1.01,0,0.085,0
2026-06-07 11:00:00,TX-ALPHA-01,75.1,53.74,67.54,7.47,27.48,0.73,0,0.288,1
2026-06-07 12:00:00,TX-ALPHA-01,79.37,58.66,73.73,2.393,12.09,0.57,0,0.0962,0
2026-06-07 13:00:00,TX-ALPHA-01,78.27,61.3,78.7,2.248,12.76,1.66,0,0.1862,0
2026-06-07 14:00:00,TX-ALPHA-01,75.98,58.18,71.02,2.601,23.12,0.33,1,0.3866,0
2026-06-07 15:00:00,TX-ALPHA-01,70.92,60.38,72.3,2.568,38.71,2.1,0,0.1163,0
2026-06-07 16:00:00,TX-ALPHA-01,65.82,54.51,65.86,2.306,19.43,2.99,0,0.0813,0
2026-06-07 17:00:00,TX-ALPHA-01,55.29,52.19,58.84,2.582,23.96,0.56,0,0.2634,0
2026-06-07 18:00:00,TX-ALPHA-01,48.15,47.98,53.74,1.908,15.61,0.23,0,0.3297,0
2026-06-07 19:00:00,TX-ALPHA-01,59.83,54.37,63.45,2.48,29.81,1.46,0,0.0606,0
2026-06-07 20:00:00,TX-ALPHA-01,55.49,48.73,58.79,2.06,14.93,0.22,0,0.0798,0
2026-06-07 21:00:00,TX-ALPHA-01,75.02,49.22,61.85,2.536,28.57,0.39,0,0.0374,0
2026-06-07 22:00:00,TX-ALPHA-01,71.87,42.57,56.94,2.398,13.12,1.81,0,0.0698,0
2026-06-07 23:00:00,TX-ALPHA-01,81.6,46.33,62.64,2.321,11.92,1.22,0,0.2659,0
2026-06-08 00:00:00,TX-ALPHA-01,83.74,42.7,59.86,3.027,43.91,0.7,0,0.2626,0
2026-06-08 01:00:00,TX-ALPHA-01,78.92,41.65,56.51,2.749,17.11,1.1,0,0.1619,0
2026-06-08 02:00:00,TX-ALPHA-01,74.19,39.15,52.54,2.575,14.9,1.1,0,0.0662,0
2026-06-08 03:00:00,TX-ALPHA-01,65.86,40.15,51.64,2.219,32.1,1.77,0,0.1634,0
2026-06-08 04:00:00,TX-ALPHA-01,58.76,43.52,53.51,2.409,10.55,2.34,0,0.0923,0
2026-06-08 05:00:00,TX-ALPHA-01,64.53,36.91,48.27,2.48,21.77,1.13,0,0.1074,0
2026-06-08 06:00:00,TX-ALPHA-01,58.25,44.32,54.14,2.322,10.64,1.35,0,0.0458,0
2026-06-08 07:00:00,TX-ALPHA-01,55.33,42.58,49.94,2.102,18.58,0.53,0,0.1097,0
2026-06-08 08:00:00,TX-ALPHA-01,68.93,48.16,60.73,2.829,36.56,0.48,0,0.1187,0
2026-06-08 09:00:00,TX-ALPHA-01,69.77,50.08,63.21,2.81,79.39,0.81,0,0.1041,0
2026-06-08 10:00:00,TX-ALPHA-01,75.05,56.7,70.05,2.724,14.85,0.8,0,0.1293,0
2026-06-08 11:00:00,TX-ALPHA-01,80.4,62.98,78.57,2.571,27.57,0.75,0,0.1786,0
2026-06-08 12:00:00,TX-ALPHA-01,77.12,57.39,72.1,2.902,12.98,0.86,0,0.089,0
2026-06-08 13:00:00,TX-ALPHA-01,81.08,62.74,78.34,3.115,17.83,0.79,0,0.363,0
2026-06-08 14:00:00,TX-ALPHA-01,79.02,59.87,74.14,2.832,13.96,1.42,0,0.1234,0
2026-06-08 15:00:00,TX-ALPHA-01,71.72,54.92,67.27,2.585,20.84,0.43,0,0.0711,0
2026-06-08 16:00:00,TX-ALPHA-01,55.4,58.62,67.9,1.909,83.28,0.88,1,0.4223,0
2026-06-08 17:00:00,TX-ALPHA-01,59.3,53.98,63.95,2.608,18.37,1.66,0,0.0768,0
2026-06-08 18:00:00,TX-ALPHA-01,52.86,50.8,58.25,2.169,25.16,0.48,0,0.1863,0
2026-06-08 19:00:00,TX-ALPHA-01,61.53,45.24,55.66,2.272,17.46,0.81,0,0.0642,0
2026-06-08 20:00:00,TX-ALPHA-01,57.87,49.19,57.71,2.049,29.74,0.63,0,0.0713,0
2026-06-08 21:00:00,TX-ALPHA-01,63.81,39.79,49.27,2.377,401.38,54.41,1,0.9374,1
2026-06-08 22:00:00,TX-ALPHA-01,67.74,42.44,56.16,3.041,16.91,1.61,0,0.129,0
2026-06-08 23:00:00,TX-ALPHA-01,78.03,45.81,59.97,2.713,16.35,3.27,0,0.1705,0
2026-06-09 00:00:00,TX-ALPHA-01,86.7,40.07,58.17,2.93,352.05,20.56,1,0.9581,1
2026-06-09 01:00:00,TX-ALPHA-01,78.37,42.66,56.42,2.601,58.86,2.64,0,0.2736,0
2026-06-09 02:00:00,TX-ALPHA-01,77.79,43.51,57.93,2.506,51.07,3.41,0,0.2483,0
2026-06-09 03:00:00,TX-ALPHA-01,65.81,33.38,44.46,2.525,41.55,0.43,0,0.2061,0
2026-06-09 04:00:00,TX-ALPHA-01,56.61,41.42,50.48,2.147,33.08,3.91,0,0.176,0
2026-06-09 05:00:00,TX-ALPHA-01,56.51,41.25,50.36,1.96,13.43,0.26,0,0.0958,0
2026-06-09 06:00:00,TX-ALPHA-01,60.46,37.32,46.98,2.144,27.85,0.28,0,0.2117,0
2026-06-09 07:00:00,TX-ALPHA-01,62.49,42.91,51.57,2.359,10.03,0.3,0,0.1044,0
2026-06-09 08:00:00,TX-ALPHA-01,66.97,43.97,56.18,2.419,13.74,0.97,0,0.0016,0
2026-06-09 09:00:00,TX-ALPHA-01,75.92,52.95,67.08,2.836,18.65,0.41,0,0.1989,0
2026-06-09 10:00:00,TX-ALPHA-01,76.35,53.63,67.58,2.714,18.29,0.93,0,0.0731,0
2026-06-09 11:00:00,TX-ALPHA-01,76.99,57.38,72.1,2.088,14.38,0.48,0,0.1368,0
2026-06-09 12:00:00,TX-ALPHA-01,77.66,59.74,75.39,2.685,20.38,0.32,0,0.0946,0
2026-06-09 13:00:00,TX-ALPHA-01,78.33,86.92,109.23,2.604,13.54,1.2,1,0.6885,1
2026-06-09 14:00:00,TX-ALPHA-01,72.63,59.59,72.37,2.385,15.56,0.78,0,0.0607,0
2026-06-09 15:00:00,TX-ALPHA-01,65.63,54.22,66.07,2.383,41.35,0.6,0,0.1358,0
2026-06-09 16:00:00,TX-ALPHA-01,60.0,58.84,70.55,2.054,12.62,0.36,0,0.1153,0
2026-06-09 17:00:00,TX-ALPHA-01,63.65,51.24,61.95,2.04,24.04,0.25,0,0.0678,0
2026-06-09 18:00:00,TX-ALPHA-01,63.35,51.14,60.8,2.447,20.4,1.84,0,0.0976,0
2026-06-09 19:00:00,TX-ALPHA-01,53.01,47.38,54.83,1.897,43.9,0.77,0,0.1956,0
2026-06-09 20:00:00,TX-ALPHA-01,56.8,53.18,62.4,2.3,37.8,0.52,0,0.0865,0
2026-06-09 21:00:00,TX-ALPHA-01,66.31,42.41,53.47,2.582,21.71,0.26,0,0.0973,0
2026-06-09 22:00:00,TX-ALPHA-01,71.78,42.75,54.99,2.455,16.92,1.23,0,0.0813,0
2026-06-09 23:00:00,TX-ALPHA-01,86.77,42.1,60.27,2.887,20.95,1.09,0,0.3158,0
2026-06-10 00:00:00,TX-ALPHA-01,78.08,42.19,58.6,2.82,42.99,1.0,0,0.0945,0
2026-06-10 01:00:00,TX-ALPHA-01,82.06,40.82,57.6,2.646,20.61,0.26,0,0.1727,0
2026-06-10 02:00:00,TX-ALPHA-01,77.87,42.77,57.59,2.712,15.88,0.37,0,0.0819,0
2026-06-10 03:00:00,TX-ALPHA-01,69.97,58.94,78.33,2.746,18.49,0.44,1,0.4446,1
2026-06-10 04:00:00,TX-ALPHA-01,65.69,36.77,49.65,2.403,18.6,0.28,0,0.075,0
2026-06-10 05:00:00,TX-ALPHA-01,51.97,42.75,49.39,2.358,12.13,0.2,0,0.2408,0
2026-06-10 06:00:00,TX-ALPHA-01,49.1,38.73,45.96,1.869,22.64,0.58,0,0.3156,0
2026-06-10 07:00:00,TX-ALPHA-01,65.55,43.8,54.93,2.523,54.7,0.56,0,0.081,0
2026-06-10 08:00:00,TX-ALPHA-01,63.86,45.33,55.64,2.605,13.43,0.89,0,0.0284,0
2026-06-10 09:00:00,TX-ALPHA-01,65.9,48.66,60.31,2.413,42.01,1.64,0,0.1131,0
2026-06-10 10:00:00,TX-ALPHA-01,74.75,55.03,69.56,2.33,23.62,3.19,0,0.1609,0
2026-06-10 11:00:00,TX-ALPHA-01,79.1,57.2,73.85,2.905,52.4,0.31,0,0.1886,0
2026-06-10 12:00:00,TX-ALPHA-01,75.98,60.98,73.87,2.507,19.66,2.48,0,0.138,0
2026-06-10 13:00:00,TX-ALPHA-01,78.41,62.75,76.21,2.411,65.56,2.03,0,0.2127,0
2026-06-10 14:00:00,TX-ALPHA-01,79.75,64.19,79.53,2.615,18.74,0.6,0,0.2274,0
2026-06-10 15:00:00,TX-ALPHA-01,65.48,52.01,63.12,2.308,19.55,0.86,0,0.0515,0
2026-06-10 16:00:00,TX-ALPHA-01,60.2,52.88,63.63,2.553,29.99,1.83,0,0.2394,0
2026-06-10 17:00:00,TX-ALPHA-01,57.36,55.18,64.13,2.467,17.83,0.94,0,0.1158,0
2026-06-10 18:00:00,TX-ALPHA-01,52.75,54.53,64.86,2.603,23.33,0.98,0,0.1327,0
2026-06-10 19:00:00,TX-ALPHA-01,130.21,45.87,82.22,2.291,48.76,0.91,1,0.9124,1
2026-06-10 20:00:00,TX-ALPHA-01,59.25,45.77,55.37,1.84,24.32,0.77,0,0.1287,0
2026-06-10 21:00:00,TX-ALPHA-01,65.45,42.29,53.64,2.199,14.95,0.58,0,0.052,0
2026-06-10 22:00:00,TX-ALPHA-01,75.18,46.75,60.42,2.687,11.03,1.6,0,0.0759,0
2026-06-10 23:00:00,TX-ALPHA-01,73.51,38.76,50.95,2.752,38.27,1.93,0,0.1499,0
2026-06-11 00:00:00,TX-ALPHA-01,85.89,40.21,58.34,2.653,51.11,0.57,0,0.3125,0
2026-06-11 01:00:00,TX-ALPHA-01,79.52,40.6,57.82,2.557,30.87,0.89,0,0.1253,0
2026-06-11 02:00:00,TX-ALPHA-01,80.74,39.3,54.0,2.532,13.06,0.65,0,0.1475,0
2026-06-11 03:00:00,TX-ALPHA-01,74.35,37.42,49.82,2.491,11.86,2.06,0,0.0971,0
2026-06-11 04:00:00,TX-ALPHA-01,62.05,36.17,44.7,2.125,10.16,1.49,0,0.1861,0
2026-06-11 05:00:00,TX-ALPHA-01,56.29,46.98,54.96,2.33,51.79,3.49,0,0.1923,0
2026-06-11 06:00:00,TX-ALPHA-01,51.56,35.76,43.82,1.819,16.68,1.57,0,0.3113,0
2026-06-11 07:00:00,TX-ALPHA-01,54.6,43.93,53.47,2.17,13.75,1.52,0,0.1115,0
2026-06-11 08:00:00,TX-ALPHA-01,59.7,46.5,53.59,2.143,12.64,3.04,0,0.1074,0
2026-06-11 09:00:00,TX-ALPHA-01,64.67,48.08,58.74,2.238,22.0,1.63,0,0.0085,0
2026-06-11 10:00:00,TX-ALPHA-01,70.91,49.78,61.83,2.517,17.54,0.34,0,0.017,0
2026-06-11 11:00:00,TX-ALPHA-01,77.16,53.77,68.56,2.538,50.84,1.01,0,0.1202,0
2026-06-11 12:00:00,TX-ALPHA-01,86.53,58.42,76.0,2.708,21.66,0.65,0,0.278,0
2026-06-11 13:00:00,TX-ALPHA-01,76.43,57.97,71.97,2.559,14.76,3.27,0,0.2397,0
2026-06-11 14:00:00,TX-ALPHA-01,78.87,61.1,75.34,2.791,79.58,0.94,0,0.2488,0
2026-06-11 15:00:00,TX-ALPHA-01,62.89,56.2,66.29,2.264,18.12,2.03,0,0.1272,0
2026-06-11 16:00:00,TX-ALPHA-01,67.87,55.73,67.35,2.57,10.78,0.88,0,0.0774,0
2026-06-11 17:00:00,TX-ALPHA-01,56.8,53.49,62.68,2.208,21.79,1.19,0,0.0732,0
2026-06-11 18:00:00,TX-ALPHA-01,46.49,49.51,55.22,1.894,35.5,0.28,1,0.4252,0
2026-06-11 19:00:00,TX-ALPHA-01,53.57,48.34,57.07,1.69,12.64,1.51,0,0.1444,0
2026-06-11 20:00:00,TX-ALPHA-01,58.47,47.83,57.0,2.169,27.92,1.02,0,0.0874,0
2026-06-11 21:00:00,TX-ALPHA-01,69.94,42.59,55.44,2.654,36.09,0.34,0,0.0389,0
2026-06-11 22:00:00,TX-ALPHA-01,77.32,45.21,61.98,2.468,17.94,0.52,0,0.0744,0
2026-06-11 23:00:00,TX-ALPHA-01,80.5,44.95,60.98,2.57,11.63,3.3,0,0.2271,0
2026-06-12 00:00:00,TX-ALPHA-01,75.29,45.1,57.32,2.45,31.95,1.14,0,0.1373,0
2026-06-12 01:00:00,TX-ALPHA-01,81.17,38.49,53.94,2.768,19.39,0.27,0,0.2036,0
2026-06-12 02:00:00,TX-ALPHA-01,81.4,39.23,55.14,2.853,22.45,0.26,0,0.216,0
2026-06-12 03:00:00,TX-ALPHA-01,66.54,38.4,51.7,2.447,44.58,1.1,0,0.1109,0
2026-06-12 04:00:00,TX-ALPHA-01,58.4,38.46,46.81,2.486,26.41,0.54,0,0.1326,0
2026-06-12 05:00:00,TX-ALPHA-01,57.82,40.29,48.09,2.089,10.19,1.72,0,0.1436,0
2026-06-12 06:00:00,TX-ALPHA-01,55.12,42.87,50.97,2.15,15.67,0.36,0,0.1878,0
2026-06-12 07:00:00,TX-ALPHA-01,57.04,43.75,53.86,2.455,15.68,1.0,0,0.0557,0
2026-06-12 08:00:00,TX-ALPHA-01,65.5,46.61,56.53,2.469,10.39,0.67,0,0.019,0
2026-06-12 09:00:00,TX-ALPHA-01,66.54,48.11,60.68,6.805,13.99,1.57,0,0.3564,1
2026-06-12 10:00:00,TX-ALPHA-01,78.11,59.08,74.26,2.572,21.32,2.26,0,0.1245,0
2026-06-12 11:00:00,TX-ALPHA-01,79.07,56.02,70.38,2.832,23.0,1.55,0,0.1269,0
2026-06-12 12:00:00,TX-ALPHA-01,79.99,61.48,74.51,2.453,19.12,1.25,0,0.1131,0
2026-06-12 13:00:00,TX-ALPHA-01,75.26,59.72,74.08,2.369,10.58,1.16,0,0.0844,0
2026-06-12 14:00:00,TX-ALPHA-01,72.7,54.8,68.8,2.847,12.41,1.89,0,0.1237,0
2026-06-12 15:00:00,TX-ALPHA-01,61.33,49.72,59.1,2.102,33.51,0.56,0,0.3125,0
2026-06-12 16:00:00,TX-ALPHA-01,65.96,76.86,96.5,2.289,24.43,1.86,1,0.5501,1
2026-06-12 17:00:00,TX-ALPHA-01,52.4,51.4,58.94,2.305,13.66,0.24,0,0.1944,0
2026-06-12 18:00:00,TX-ALPHA-01,59.26,53.02,62.95,2.536,18.02,0.82,0,0.0899,0
2026-06-12 19:00:00,TX-ALPHA-01,64.42,48.91,59.14,2.406,18.75,0.36,0,0.0573,0
2026-06-12 20:00:00,TX-ALPHA-01,59.01,47.67,57.09,2.028,10.96,0.88,0,0.1743,0
2026-06-12 21:00:00,TX-ALPHA-01,67.78,45.6,55.7,2.444,16.65,1.12,0,0.2196,0
2026-06-12 22:00:00,TX-ALPHA-01,65.33,37.48,48.18,2.363,16.13,0.28,0,0.1373,0
2026-06-12 23:00:00,TX-ALPHA-01,82.86,46.44,61.22,3.221,48.35,0.46,0,0.3239,0
2026-06-13 00:00:00,TX-ALPHA-01,80.2,43.16,59.02,2.537,16.1,0.64,0,0.0735,0
2026-06-13 01:00:00,TX-ALPHA-01,79.45,40.67,53.59,2.851,21.0,0.32,0,0.2576,0
2026-06-13 02:00:00,TX-ALPHA-01,69.05,34.6,48.19,2.815,12.64,0.85,0,0.1385,0
2026-06-13 03:00:00,TX-ALPHA-01,65.0,39.52,51.15,2.536,24.13,0.31,0,0.0724,0
2026-06-13 04:00:00,TX-ALPHA-01,71.3,39.82,52.43,2.223,11.44,0.84,0,0.147,0
2026-06-13 05:00:00,TX-ALPHA-01,56.87,40.9,51.32,2.136,46.63,0.36,0,0.1029,0
2026-06-13 06:00:00,TX-ALPHA-01,50.74,36.87,44.33,1.855,13.61,0.61,0,0.3661,0
2026-06-13 07:00:00,TX-ALPHA-01,61.4,43.6,54.1,2.345,96.89,0.47,0,0.1383,0
2026-06-13 08:00:00,TX-ALPHA-01,60.34,48.38,59.91,2.128,31.41,0.62,0,0.1532,0
2026-06-13 09:00:00,TX-ALPHA-01,68.25,51.36,63.13,2.512,12.1,1.25,0,0.042,0
2026-06-13 10:00:00,TX-ALPHA-01,73.94,52.83,64.77,2.404,13.32,2.12,0,0.1419,0
2026-06-13 11:00:00,TX-ALPHA-01,73.7,53.53,67.94,2.409,41.25,1.77,0,0.0512,0
2026-06-13 12:00:00,TX-ALPHA-01,76.7,56.36,70.82,3.023,11.92,1.5,0,0.1344,0
2026-06-13 13:00:00,TX-ALPHA-01,79.69,60.5,76.1,2.49,30.32,0.43,0,0.1497,0
2026-06-13 14:00:00,TX-ALPHA-01,73.15,58.21,71.64,2.763,13.15,0.77,0,0.107,0
2026-06-13 15:00:00,TX-ALPHA-01,69.01,58.38,69.47,2.724,41.71,0.3,0,0.1131,0
2026-06-13 16:00:00,TX-ALPHA-01,67.06,56.39,67.39,2.678,12.25,0.83,0,0.109,0
2026-06-13 17:00:00,TX-ALPHA-01,51.66,52.1,58.56,2.135,70.89,0.26,1,0.3911,0
2026-06-13 18:00:00,TX-ALPHA-01,47.85,48.04,53.56,1.598,14.45,0.78,1,0.3996,0
2026-06-13 19:00:00,TX-ALPHA-01,56.76,49.35,58.66,2.358,12.76,0.26,0,0.0311,0
2026-06-13 20:00:00,TX-ALPHA-01,60.52,39.66,48.86,2.355,10.54,0.41,0,0.2945,0
2026-06-13 21:00:00,TX-ALPHA-01,65.68,46.75,60.04,2.388,40.15,1.4,0,0.1311,0
2026-06-13 22:00:00,TX-ALPHA-01,73.71,44.37,56.81,2.787,10.11,0.41,0,0.0803,0
2026-06-13 23:00:00,TX-ALPHA-01,75.17,43.77,59.53,2.493,45.36,0.52,0,0.0863,0
2026-06-14 00:00:00,TX-ALPHA-01,78.69,41.52,56.74,2.439,11.98,2.12,0,0.1137,0
2026-06-14 01:00:00,TX-ALPHA-01,78.67,40.65,54.9,2.438,15.12,0.6,0,0.0867,0
2026-06-14 02:00:00,TX-ALPHA-01,75.8,40.04,53.08,2.649,21.88,0.58,0,0.0788,0
2026-06-14 03:00:00,TX-ALPHA-01,69.15,36.27,49.7,2.332,16.29,0.37,0,0.086,0
2026-06-14 04:00:00,TX-ALPHA-01,63.17,34.87,44.38,2.258,23.61,0.59,0,0.1855,0
2026-06-14 05:00:00,TX-ALPHA-01,52.57,39.61,46.93,2.253,19.5,0.36,0,0.1734,0
2026-06-14 06:00:00,TX-ALPHA-01,50.57,42.05,48.67,2.071,12.39,0.28,0,0.2294,0
2026-06-14 07:00:00,TX-ALPHA-01,56.49,42.19,51.96,2.241,22.11,0.37,0,0.0459,0
2026-06-14 08:00:00,TX-ALPHA-01,55.34,50.79,58.74,2.157,30.43,0.64,0,0.174,0
2026-06-14 09:00:00,TX-ALPHA-01,55.9,49.49,57.57,2.42,18.53,0.56,0,0.0828,0
2026-06-14 10:00:00,TX-ALPHA-01,76.59,56.72,72.66,2.39,18.98,0.55,0,0.0617,0
2026-06-14 11:00:00,TX-ALPHA-01,84.81,63.85,79.76,2.209,44.24,1.18,0,0.3035,0
2026-06-14 12:00:00,TX-ALPHA-01,78.65,59.77,75.33,2.921,29.71,3.16,0,0.2532,0
2026-06-14 13:00:00,TX-ALPHA-01,79.11,62.61,78.8,2.607,16.23,0.27,0,0.1651,0
2026-06-14 14:00:00,TX-ALPHA-01,68.63,57.21,68.6,2.313,10.64,0.86,0,0.0461,0
2026-06-14 15:00:00,TX-ALPHA-01,67.16,56.69,67.88,2.268,21.4,0.93,0,0.0534,0
2026-06-14 16:00:00,TX-ALPHA-01,61.6,54.79,65.43,2.099,24.65,0.74,0,0.0607,0
2026-06-14 17:00:00,TX-ALPHA-01,57.04,51.64,59.78,2.613,14.86,0.54,0,0.0786,0
2026-06-14 18:00:00,TX-ALPHA-01,55.11,49.71,57.27,2.186,63.88,0.96,0,0.2069,0
2026-06-14 19:00:00,TX-ALPHA-01,56.17,48.83,57.64,2.076,11.9,0.24,0,0.1128,0
2026-06-14 20:00:00,TX-ALPHA-01,58.93,48.12,59.67,1.976,22.69,0.5,0,0.0447,0
2026-06-14 21:00:00,TX-ALPHA-01,66.19,44.76,55.33,2.821,19.87,0.46,0,0.052,0
2026-06-14 22:00:00,TX-ALPHA-01,125.66,43.17,84.74,2.395,22.29,0.28,1,0.8735,1
2026-06-14 23:00:00,TX-ALPHA-01,77.04,45.6,60.14,2.341,13.2,0.45,0,0.0449,0
2026-06-15 00:00:00,TX-ALPHA-01,78.86,45.63,59.34,2.512,27.85,4.52,0,0.2472,0
2026-06-15 01:00:00,TX-ALPHA-01,77.56,46.07,61.63,2.485,17.74,0.98,0,0.0538,0
2026-06-15 02:00:00,TX-ALPHA-01,68.45,34.99,45.65,8.13,24.81,5.0,1,0.5941,1
2026-06-15 03:00:00,TX-ALPHA-01,64.38,33.69,44.21,2.63,40.55,2.56,0,0.2804,0
2026-06-15 04:00:00,TX-ALPHA-01,66.92,37.68,49.03,2.341,19.65,0.55,0,0.0929,0
2026-06-15 05:00:00,TX-ALPHA-01,57.51,44.49,52.77,2.566,20.54,1.14,0,0.1043,0
2026-06-15 06:00:00,TX-ALPHA-01,54.83,47.43,58.12,2.261,39.97,0.72,0,0.125,0
2026-06-15 07:00:00,TX-ALPHA-01,57.65,48.45,59.5,2.194,13.42,0.85,0,0.0729,0
2026-06-15 08:00:00,TX-ALPHA-01,61.7,40.45,50.15,2.166,32.72,0.41,0,0.1312,0
2026-06-15 09:00:00,TX-ALPHA-01,69.47,70.92,91.41,2.349,14.97,0.23,1,0.4903,1
2026-06-15 10:00:00,TX-ALPHA-01,68.65,48.66,60.88,2.257,22.6,3.66,0,0.1505,0
2026-06-15 11:00:00,TX-ALPHA-01,78.68,57.38,71.97,2.719,19.59,2.63,0,0.1266,0
2026-06-15 12:00:00,TX-ALPHA-01,81.35,64.51,82.05,2.617,17.49,0.54,0,0.1953,0
2026-06-15 13:00:00,TX-ALPHA-01,80.07,61.03,77.44,2.807,13.6,2.7,0,0.3056,0
2026-06-15 14:00:00,TX-ALPHA-01,72.56,58.4,71.8,2.575,10.21,0.22,0,0.1053,0
2026-06-15 15:00:00,TX-ALPHA-01,59.1,59.19,67.79,2.419,12.32,0.36,0,0.129,0
2026-06-15 16:00:00,TX-ALPHA-01,59.42,55.12,64.84,2.385,17.38,0.44,0,0.0869,0
2026-06-15 17:00:00,TX-ALPHA-01,52.79,53.73,62.32,2.085,12.63,0.45,0,0.1521,0
2026-06-15 18:00:00,TX-ALPHA-01,52.59,53.29,62.31,2.265,17.79,1.72,0,0.1233,0
2026-06-15 19:00:00,TX-ALPHA-01,55.68,51.38,60.34,2.168,26.96,0.26,0,0.1318,0
2026-06-15 20:00:00,TX-ALPHA-01,59.84,48.21,56.68,2.283,40.17,0.63,0,0.069,0
2026-06-15 21:00:00,TX-ALPHA-01,72.94,44.41,57.04,2.381,25.14,1.4,0,0.1252,0
2026-06-15 22:00:00,TX-ALPHA-01,78.08,44.33,60.86,2.245,10.03,0.78,0,0.1429,0
2026-06-15 23:00:00,TX-ALPHA-01,79.88,46.1,60.9,2.668,18.86,0.48,0,0.064,0
2026-06-16 00:00:00,TX-ALPHA-01,74.01,44.58,58.08,2.419,31.71,1.52,0,0.0414,0
2026-06-16 01:00:00,TX-ALPHA-01,78.29,37.73,55.6,2.316,26.49,2.13,0,0.1921,0
2026-06-16 02:00:00,TX-ALPHA-01,78.97,40.03,56.19,2.539,62.35,0.77,0,0.1546,0
2026-06-16 03:00:00,TX-ALPHA-01,68.47,38.66,48.85,2.222,10.33,1.11,0,0.1143,0
2026-06-16 04:00:00,TX-ALPHA-01,62.31,33.84,45.3,2.39,39.31,1.43,0,0.1892,0
2026-06-16 05:00:00,TX-ALPHA-01,56.04,41.89,49.47,2.429,10.88,1.08,0,0.1138,0
2026-06-16 06:00:00,TX-ALPHA-01,52.13,43.42,50.05,2.182,51.63,0.67,0,0.2249,0
2026-06-16 07:00:00,TX-ALPHA-01,51.27,46.57,55.82,2.279,30.98,1.83,0,0.2586,0
2026-06-16 08:00:00,TX-ALPHA-01,63.51,43.92,54.43,2.441,14.52,1.21,0,0.0318,0
2026-06-16 09:00:00,TX-ALPHA-01,71.42,51.22,64.0,2.322,16.31,0.94,0,0.0426,0
2026-06-16 10:00:00,TX-ALPHA-01,71.54,53.23,65.54,2.474,56.17,1.44,0,0.0664,0
2026-06-16 11:00:00,TX-ALPHA-01,78.86,56.77,70.9,2.788,43.82,0.55,0,0.0944,0
2026-06-16 12:00:00,TX-ALPHA-01,78.83,58.73,75.58,2.714,13.17,0.71,0,0.0824,0
2026-06-16 13:00:00,TX-ALPHA-01,70.97,57.0,71.32,2.409,37.49,0.27,0,0.1859,0
2026-06-16 14:00:00,TX-ALPHA-01,70.16,52.83,65.0,2.245,16.27,0.21,0,0.1117,0
2026-06-16 15:00:00,TX-ALPHA-01,66.1,54.06,65.12,2.652,20.08,0.27,0,0.0673,0
2026-06-16 16:00:00,TX-ALPHA-01,60.93,53.65,62.21,2.079,33.51,0.48,0,0.1208,0
2026-06-16 17:00:00,TX-ALPHA-01,57.31,55.48,65.07,2.489,76.97,0.25,0,0.2136,0
2026-06-16 18:00:00,TX-ALPHA-01,52.33,49.97,58.2,1.613,28.51,0.32,0,0.3032,0
2026-06-16 19:00:00,TX-ALPHA-01,53.03,47.19,54.38,2.149,24.17,0.56,0,0.1861,0
2026-06-16 20:00:00,TX-ALPHA-01,132.47,45.43,81.39,2.397,46.16,0.99,1,0.9295,1
2026-06-16 21:00:00,TX-ALPHA-01,64.14,42.15,52.95,2.293,19.12,0.21,0,0.0496,0
2026-06-16 22:00:00,TX-ALPHA-01,72.1,45.86,59.46,2.235,36.57,0.44,0,0.0309,0
2026-06-16 23:00:00,TX-ALPHA-01,66.67,33.68,45.92,2.426,34.2,1.21,0,0.1595,0
2026-06-17 00:00:00,TX-ALPHA-01,74.5,40.26,56.12,2.652,21.74,0.58,0,0.0624,0
2026-06-17 01:00:00,TX-ALPHA-01,77.19,42.4,56.2,2.923,20.92,3.54,0,0.1887,0
2026-06-17 02:00:00,TX-ALPHA-01,74.56,44.33,60.03,2.855,43.45,0.52,0,0.116,0
2026-06-17 03:00:00,TX-ALPHA-01,64.7,35.61,45.06,2.268,10.3,2.9,0,0.2318,0
2026-06-17 04:00:00,TX-ALPHA-01,62.33,35.04,43.81,2.514,16.9,1.53,0,0.1511,0
2026-06-17 05:00:00,TX-ALPHA-01,54.74,41.98,50.73,2.257,15.12,0.24,0,0.1445,0
2026-06-17 06:00:00,TX-ALPHA-01,58.91,46.37,53.71,2.683,20.37,1.12,0,0.0971,0
2026-06-17 07:00:00,TX-ALPHA-01,56.48,49.67,58.65,2.223,24.79,1.5,0,0.0777,0
2026-06-17 08:00:00,TX-ALPHA-01,61.76,42.94,52.89,2.146,38.79,0.28,0,0.0691,0
2026-06-17 09:00:00,TX-ALPHA-01,68.68,49.74,60.45,2.57,28.76,0.31,0,0.0801,0
2026-06-17 10:00:00,TX-ALPHA-01,69.63,52.29,65.91,2.459,51.27,2.6,0,0.1007,0
2026-06-17 11:00:00,TX-ALPHA-01,83.14,60.65,75.23,2.501,20.16,0.42,0,0.1178,0
2026-06-17 12:00:00,TX-ALPHA-01,78.76,63.42,79.29,2.59,21.78,0.55,0,0.1801,0
2026-06-17 13:00:00,TX-ALPHA-01,75.49,58.72,74.09,2.475,16.2,0.38,0,0.0414,0
2026-06-17 14:00:00,TX-ALPHA-01,75.41,61.03,74.92,2.292,11.28,2.5,0,0.149,0
2026-06-17 15:00:00,TX-ALPHA-01,70.69,55.59,68.73,2.596,20.69,0.33,0,0.0559,0
2026-06-01 00:00:00,TX-BETA-02,80.3,46.52,61.21,2.54,11.72,1.42,0,0.1684,0
2026-06-01 01:00:00,TX-BETA-02,77.38,47.16,62.37,2.676,37.13,0.49,0,0.0957,0
2026-06-01 02:00:00,TX-BETA-02,67.01,37.97,53.67,2.678,22.37,0.38,0,0.0839,0
2026-06-01 03:00:00,TX-BETA-02,66.55,37.95,50.89,2.238,25.44,2.42,0,0.1075,0
2026-06-01 04:00:00,TX-BETA-02,59.35,44.14,53.72,2.025,17.72,0.75,0,0.1257,0
2026-06-01 05:00:00,TX-BETA-02,54.03,40.68,50.01,2.084,28.43,0.57,0,0.1221,0
2026-06-01 06:00:00,TX-BETA-02,60.3,40.25,51.98,2.21,25.5,1.81,0,0.054,0
2026-06-01 07:00:00,TX-BETA-02,53.08,46.09,55.44,2.332,11.35,0.35,0,0.1044,0
2026-06-01 08:00:00,TX-BETA-02,52.48,49.85,58.4,2.391,69.79,0.49,0,0.2331,0
2026-06-01 09:00:00,TX-BETA-02,72.3,56.06,70.81,2.41,22.41,1.2,0,0.0675,0
2026-06-01 10:00:00,TX-BETA-02,77.99,57.44,73.42,2.666,40.39,0.54,0,0.1165,0
2026-06-01 11:00:00,TX-BETA-02,75.57,63.31,76.54,2.37,16.87,1.52,0,0.1058,0
2026-06-01 12:00:00,TX-BETA-02,83.55,66.62,84.37,2.718,24.44,0.83,0,0.3053,0
2026-06-01 13:00:00,TX-BETA-02,68.71,58.36,70.8,2.541,13.16,0.47,0,0.025,0
2026-06-01 14:00:00,TX-BETA-02,75.7,65.46,80.82,2.515,10.57,2.23,0,0.2241,0
2026-06-01 15:00:00,TX-BETA-02,67.25,59.1,69.33,2.075,23.09,0.34,0,0.1018,0
2026-06-01 16:00:00,TX-BETA-02,66.27,59.25,73.83,2.255,22.22,0.46,0,0.0664,0
2026-06-01 17:00:00,TX-BETA-02,54.59,54.78,64.3,2.349,42.11,1.85,0,0.1831,0
2026-06-01 18:00:00,TX-BETA-02,50.51,49.66,57.39,2.319,13.33,0.59,0,0.1928,0
2026-06-01 19:00:00,TX-BETA-02,56.69,50.3,59.19,2.398,23.4,2.47,0,0.0998,0
2026-06-01 20:00:00,TX-BETA-02,67.16,47.71,61.34,2.874,62.02,0.25,0,0.1158,0
2026-06-01 21:00:00,TX-BETA-02,66.39,46.55,57.71,2.229,27.38,0.45,0,0.0521,0
2026-06-01 22:00:00,TX-BETA-02,74.02,46.47,61.68,2.573,20.92,0.8,0,0.063,0
2026-06-01 23:00:00,TX-BETA-02,76.99,46.62,63.14,2.896,15.33,0.4,0,0.0781,0
2026-06-02 00:00:00,TX-BETA-02,79.72,46.08,62.9,2.655,38.92,0.24,0,0.147,0
2026-06-02 01:00:00,TX-BETA-02,84.06,46.75,65.53,5.869,13.1,5.43,1,0.5864,1
2026-06-02 02:00:00,TX-BETA-02,75.89,44.38,59.92,2.511,24.65,0.85,0,0.154,0
2026-06-02 03:00:00,TX-BETA-02,134.1,36.54,77.23,2.295,10.39,0.85,1,0.9114,1
2026-06-02 04:00:00,TX-BETA-02,59.04,39.58,47.83,2.481,18.18,0.2,0,0.1356,0
2026-06-02 05:00:00,TX-BETA-02,54.89,39.16,47.97,2.231,251.56,22.8,1,0.7675,1
2026-06-02 06:00:00,TX-BETA-02,64.52,43.56,56.11,2.377,13.58,0.72,0,0.0267,0
2026-06-02 07:00:00,TX-BETA-02,57.65,50.89,61.78,2.586,18.24,0.49,0,0.1091,0
2026-06-02 08:00:00,TX-BETA-02,64.18,50.71,62.7,2.618,49.84,0.26,0,0.1175,0
2026-06-02 09:00:00,TX-BETA-02,61.48,49.27,60.26,2.128,14.58,0.37,0,0.0578,0
2026-06-02 10:00:00,TX-BETA-02,68.3,57.97,71.43,2.764,16.67,0.59,0,0.1114,0
2026-06-02 11:00:00,TX-BETA-02,76.46,63.93,80.04,3.057,41.13,0.44,0,0.2252,0
2026-06-02 12:00:00,TX-BETA-02,78.5,61.41,78.28,2.495,34.37,0.47,0,0.2021,0
2026-06-02 13:00:00,TX-BETA-02,83.75,65.22,82.61,2.874,14.21,0.53,1,0.374,0
2026-06-02 14:00:00,TX-BETA-02,72.44,59.73,75.44,2.577,10.26,1.76,0,0.1095,0
2026-06-02 15:00:00,TX-BETA-02,66.8,59.2,71.62,2.597,12.31,1.45,0,0.0632,0
2026-06-02 16:00:00,TX-BETA-02,62.62,54.49,64.61,2.392,59.41,0.36,0,0.1589,0
2026-06-02 17:00:00,TX-BETA-02,54.08,56.43,66.31,2.719,24.15,0.47,0,0.1725,0
2026-06-02 18:00:00,TX-BETA-02,52.8,53.42,63.55,1.724,23.7,0.61,0,0.1994,0
2026-06-02 19:00:00,TX-BETA-02,61.04,50.04,60.55,2.233,11.56,0.99,0,0.1034,0
2026-06-02 20:00:00,TX-BETA-02,63.35,48.59,59.45,2.343,21.5,0.93,0,0.0838,0
2026-06-02 21:00:00,TX-BETA-02,70.58,46.33,58.48,2.27,51.04,0.6,0,0.0473,0
2026-06-02 22:00:00,TX-BETA-02,67.18,47.25,60.87,2.314,15.56,0.61,0,0.0594,0
2026-06-02 23:00:00,TX-BETA-02,74.61,47.44,61.16,2.422,40.93,0.41,0,0.0944,0
2026-06-03 00:00:00,TX-BETA-02,75.63,42.28,56.36,2.323,15.03,0.36,0,0.0625,0
2026-06-03 01:00:00,TX-BETA-02,75.14,46.45,62.87,2.535,31.15,0.29,0,0.1052,0
2026-06-03 02:00:00,TX-BETA-02,84.82,46.46,64.19,2.977,14.8,0.58,1,0.38,0
2026-06-03 03:00:00,TX-BETA-02,73.59,41.03,56.0,2.576,12.83,1.88,0,0.1148,0
2026-06-03 04:00:00,TX-BETA-02,58.07,43.27,52.69,2.23,22.64,1.33,0,0.1115,0
2026-06-03 05:00:00,TX-BETA-02,56.72,43.67,54.34,2.205,25.38,0.48,0,0.0515,0
2026-06-03 06:00:00,TX-BETA-02,52.16,43.51,52.95,2.219,15.19,0.58,0,0.1621,0
2026-06-03 07:00:00,TX-BETA-02,64.92,42.33,53.82,2.604,38.93,0.54,0,0.0442,0
2026-06-03 08:00:00,TX-BETA-02,64.76,48.48,59.36,2.689,16.9,0.59,0,0.1102,0
2026-06-03 09:00:00,TX-BETA-02,64.79,49.42,62.19,2.281,28.08,0.26,0,0.018,0
2026-06-03 10:00:00,TX-BETA-02,76.87,58.91,74.8,3.105,10.27,0.27,0,0.2352,0
2026-06-03 11:00:00,TX-BETA-02,79.6,58.77,75.13,2.285,42.82,0.85,0,0.1574,0
2026-06-03 12:00:00,TX-BETA-02,76.22,63.5,79.06,2.733,10.2,3.09,0,0.2846,0
2026-06-03 13:00:00,TX-BETA-02,82.42,70.04,87.62,2.724,31.16,0.24,1,0.3742,0
2026-06-03 14:00:00,TX-BETA-02,77.71,67.73,83.49,2.563,27.49,1.44,0,0.2298,0
2026-06-03 15:00:00,TX-BETA-02,65.97,58.55,69.57,2.371,30.94,0.85,0,0.1363,0
2026-06-03 16:00:00,TX-BETA-02,64.22,57.3,70.55,2.642,43.27,0.26,0,0.0995,0
2026-06-03 17:00:00,TX-BETA-02,52.89,54.17,61.9,2.353,30.04,1.8,0,0.1428,0
2026-06-03 18:00:00,TX-BETA-02,60.59,52.17,62.4,2.503,34.73,0.29,0,0.0458,0
2026-06-03 19:00:00,TX-BETA-02,52.8,44.93,52.25,2.127,12.35,2.17,0,0.1837,0
2026-06-03 20:00:00,TX-BETA-02,63.63,45.76,58.28,2.164,25.16,0.27,0,0.0558,0
2026-06-03 21:00:00,TX-BETA-02,65.77,42.96,55.66,2.393,18.66,2.95,0,0.0725,0
2026-06-03 22:00:00,TX-BETA-02,79.69,52.22,67.91,2.562,27.86,1.32,0,0.1035,0
2026-06-03 23:00:00,TX-BETA-02,77.1,45.76,60.3,2.615,15.84,1.63,0,0.0622,0
2026-06-04 00:00:00,TX-BETA-02,77.51,42.23,57.88,2.629,10.75,0.67,0,0.1046,0
2026-06-04 01:00:00,TX-BETA-02,85.88,41.63,60.48,2.87,16.26,0.83,0,0.3522,0
2026-06-04 02:00:00,TX-BETA-02,74.54,44.96,61.42,2.321,11.12,1.2,0,0.1252,0
2026-06-04 03:00:00,TX-BETA-02,62.85,37.43,48.47,2.18,40.33,0.95,0,0.1217,0
2026-06-04 04:00:00,TX-BETA-02,64.3,38.24,48.72,2.403,10.87,4.14,0,0.1995,0
2026-06-04 05:00:00,TX-BETA-02,52.04,40.16,48.88,1.952,26.88,0.85,0,0.1506,0
2026-06-04 06:00:00,TX-BETA-02,52.88,44.34,53.84,1.897,17.42,1.25,0,0.1672,0
2026-06-04 07:00:00,TX-BETA-02,56.82,43.53,52.18,2.044,12.68,0.43,0,0.0648,0
2026-06-04 08:00:00,TX-BETA-02,61.29,49.09,61.33,2.125,11.25,0.91,0,0.0389,0
2026-06-04 09:00:00,TX-BETA-02,68.38,50.01,65.71,2.459,20.8,0.52,0,0.044,0
2026-06-04 10:00:00,TX-BETA-02,70.17,53.67,66.33,2.341,11.85,0.67,0,0.0809,0
2026-06-04 11:00:00,TX-BETA-02,73.71,60.46,74.89,2.269,35.52,0.79,0,0.1433,0
2026-06-04 12:00:00,TX-BETA-02,86.0,61.25,79.64,2.842,43.47,1.1,0,0.3206,0
2026-06-04 13:00:00,TX-BETA-02,79.11,65.7,82.26,2.645,36.85,0.48,0,0.2068,0
2026-06-04 14:00:00,TX-BETA-02,72.47,59.89,74.23,2.494,11.27,0.43,0,0.0849,0
2026-06-04 15:00:00,TX-BETA-02,69.6,62.46,76.04,1.939,63.38,1.46,0,0.257,0
2026-06-04 16:00:00,TX-BETA-02,59.94,58.33,66.78,2.248,21.95,1.43,0,0.1727,0
2026-06-04 17:00:00,TX-BETA-02,57.12,59.18,68.22,1.936,37.11,0.69,0,0.1957,0
2026-06-04 18:00:00,TX-BETA-02,53.17,54.32,64.57,2.056,58.79,0.42,0,0.1835,0
2026-06-04 19:00:00,TX-BETA-02,52.99,73.07,90.22,2.546,13.98,1.58,1,0.5901,1
2026-06-04 20:00:00,TX-BETA-02,68.49,49.78,63.15,2.192,28.8,1.18,0,0.0525,0
2026-06-04 21:00:00,TX-BETA-02,69.07,49.71,63.4,2.364,29.36,0.3,0,0.0653,0
2026-06-04 22:00:00,TX-BETA-02,68.86,46.83,59.0,2.551,24.7,0.39,0,0.0048,0
2026-06-04 23:00:00,TX-BETA-02,81.67,47.44,64.72,2.759,39.6,0.34,0,0.1448,0
2026-06-05 00:00:00,TX-BETA-02,81.22,50.58,66.12,2.856,71.65,0.24,0,0.3137,0
2026-06-05 01:00:00,TX-BETA-02,75.98,39.88,53.89,2.581,15.78,0.26,0,0.1485,0
2026-06-05 02:00:00,TX-BETA-02,76.66,47.36,62.66,2.602,24.57,0.76,0,0.1345,0
2026-06-05 03:00:00,TX-BETA-02,71.58,45.32,59.43,2.694,20.94,1.31,0,0.0638,0
2026-06-05 04:00:00,TX-BETA-02,63.66,42.56,53.07,2.127,37.29,1.9,0,0.0662,0
2026-06-05 05:00:00,TX-BETA-02,58.49,42.47,51.29,2.52,10.76,0.85,0,0.1354,0
2026-06-05 06:00:00,TX-BETA-02,52.37,42.27,50.81,2.203,50.07,1.3,0,0.2377,0
2026-06-05 07:00:00,TX-BETA-02,53.19,45.42,54.37,2.014,46.91,1.08,0,0.1547,0
2026-06-05 08:00:00,TX-BETA-02,58.34,51.74,60.99,2.463,26.29,1.13,0,0.0831,0
2026-06-05 09:00:00,TX-BETA-02,64.15,51.24,62.25,2.397,17.45,1.06,0,0.0172,0
2026-06-05 10:00:00,TX-BETA-02,72.74,56.91,70.14,2.261,10.39,1.5,0,0.081,0
2026-06-05 11:00:00,TX-BETA-02,78.14,60.46,76.67,2.532,21.94,0.65,0,0.0894,0
2026-06-05 12:00:00,TX-BETA-02,77.54,61.22,76.73,2.724,10.32,0.25,0,0.1229,0
2026-06-05 13:00:00,TX-BETA-02,72.07,58.79,74.56,2.375,19.01,2.51,0,0.1458,0
2026-06-05 14:00:00,TX-BETA-02,72.17,62.05,76.46,2.71,18.68,0.7,0,0.1996,0
2026-06-05 15:00:00,TX-BETA-02,72.61,62.66,74.3,2.477,17.93,0.32,0,0.1191,0
2026-06-05 16:00:00,TX-BETA-02,65.34,56.37,70.56,2.493,17.34,0.24,0,0.0864,0
2026-06-05 17:00:00,TX-BETA-02,57.18,55.81,65.62,1.99,34.27,0.74,0,0.115,0
2026-06-05 18:00:00,TX-BETA-02,54.73,50.47,59.15,2.442,20.17,0.63,0,0.0723,0
2026-06-05 19:00:00,TX-BETA-02,58.12,53.56,63.01,2.346,35.87,0.93,0,0.0974,0
2026-06-05 20:00:00,TX-BETA-02,57.03,49.38,59.89,2.28,12.69,0.32,0,0.0905,0
2026-06-05 21:00:00,TX-BETA-02,68.73,48.36,62.48,2.536,12.44,1.89,0,0.0352,0
2026-06-05 22:00:00,TX-BETA-02,70.68,49.14,62.93,2.654,12.5,1.33,0,0.0353,0
2026-06-05 23:00:00,TX-BETA-02,75.86,44.92,60.08,2.859,33.57,1.05,0,0.089,0
2026-06-06 00:00:00,TX-BETA-02,78.6,44.85,61.46,2.505,27.44,2.25,0,0.148,0
2026-06-06 01:00:00,TX-BETA-02,81.75,47.25,63.37,2.793,26.95,0.71,0,0.2045,0
2026-06-06 02:00:00,TX-BETA-02,77.65,43.34,60.52,2.529,13.87,1.51,0,0.0881,0
2026-06-06 03:00:00,TX-BETA-02,66.35,37.66,50.22,2.385,68.48,0.23,0,0.1513,0
2026-06-06 04:00:00,TX-BETA-02,58.94,41.04,51.2,1.944,22.04,0.44,0,0.1252,0
2026-06-06 05:00:00,TX-BETA-02,55.73,37.5,47.8,2.428,36.87,0.95,0,0.2409,0
2026-06-06 06:00:00,TX-BETA-02,54.41,40.27,49.72,2.208,29.62,1.93,0,0.1442,0
2026-06-06 07:00:00,TX-BETA-02,56.93,45.59,54.8,2.199,34.23,0.38,0,0.0438,0
2026-06-06 08:00:00,TX-BETA-02,67.52,47.7,59.82,2.31,21.32,0.99,0,0.0228,0
2026-06-06 09:00:00,TX-BETA-02,69.52,52.68,65.63,2.488,17.57,0.82,0,0.0571,0
2026-06-06 10:00:00,TX-BETA-02,79.18,61.79,78.51,2.295,36.04,2.49,0,0.2005,0
2026-06-06 11:00:00,TX-BETA-02,84.33,59.49,76.25,2.45,10.81,0.66,0,0.2407,0
2026-06-06 12:00:00,TX-BETA-02,85.66,59.39,77.65,2.623,51.26,0.56,0,0.2637,0
2026-06-06 13:00:00,TX-BETA-02,75.85,63.01,77.7,2.59,13.18,2.41,0,0.1707,0
2026-06-06 14:00:00,TX-BETA-02,72.27,60.23,72.4,2.699,20.6,0.5,0,0.0674,0
2026-06-06 15:00:00,TX-BETA-02,68.68,58.53,72.36,2.936,13.4,1.48,0,0.099,0
2026-06-06 16:00:00,TX-BETA-02,62.98,56.54,66.23,2.149,26.6,0.91,0,0.096,0
2026-06-06 17:00:00,TX-BETA-02,55.64,59.76,70.69,2.378,16.29,0.26,0,0.1979,0
2026-06-06 18:00:00,TX-BETA-02,61.8,48.76,59.66,2.546,10.27,0.77,0,0.1375,0
2026-06-06 19:00:00,TX-BETA-02,58.51,55.19,64.4,2.392,10.62,0.36,0,0.1268,0
2026-06-06 20:00:00,TX-BETA-02,66.03,43.85,56.8,2.474,20.25,1.15,0,0.0526,0
2026-06-06 21:00:00,TX-BETA-02,71.95,50.56,64.52,2.789,52.44,0.7,0,0.0838,0
2026-06-06 22:00:00,TX-BETA-02,74.63,46.91,61.88,2.441,25.6,0.24,0,0.0541,0
2026-06-06 23:00:00,TX-BETA-02,74.29,44.98,59.6,2.229,20.92,0.67,0,0.0567,0
2026-06-07 00:00:00,TX-BETA-02,75.03,41.09,56.62,2.26,18.26,0.35,0,0.112,0
2026-06-07 01:00:00,TX-BETA-02,71.52,41.62,56.32,2.68,23.36,1.76,0,0.0653,0
2026-06-07 02:00:00,TX-BETA-02,76.57,41.26,55.97,2.152,69.17,0.68,0,0.2553,0
2026-06-07 03:00:00,TX-BETA-02,73.32,43.41,57.6,2.367,11.86,0.5,0,0.1385,0
2026-06-07 04:00:00,TX-BETA-02,61.79,36.64,46.15,2.194,13.48,0.63,0,0.1133,0
2026-06-07 05:00:00,TX-BETA-02,57.48,49.93,60.27,2.598,53.5,1.02,0,0.0916,0
2026-06-07 06:00:00,TX-BETA-02,54.66,41.68,48.92,2.221,10.23,0.46,0,0.1105,0
2026-06-07 07:00:00,TX-BETA-02,59.49,49.21,60.59,2.426,11.44,0.41,0,0.0387,0
2026-06-07 08:00:00,TX-BETA-02,56.8,69.06,85.64,2.029,63.76,1.26,1,0.5513,1
2026-06-07 09:00:00,TX-BETA-02,71.52,53.31,66.29,2.4,20.07,1.07,0,0.0214,0
2026-06-07 10:00:00,TX-BETA-02,81.32,58.65,74.72,2.714,12.92,2.7,0,0.2166,0
2026-06-07 11:00:00,TX-BETA-02,79.1,60.76,77.66,2.7,11.84,2.77,0,0.276,0
2026-06-07 12:00:00,TX-BETA-02,83.47,70.9,89.18,2.891,11.24,0.5,1,0.4922,0
2026-06-07 13:00:00,TX-BETA-02,77.45,82.18,105.13,2.454,12.59,0.29,1,0.6369,1
2026-06-07 14:00:00,TX-BETA-02,75.72,63.23,78.88,2.896,21.31,0.79,0,0.2426,0
2026-06-07 15:00:00,TX-BETA-02,69.2,59.2,73.23,2.186,41.49,2.14,0,0.1328,0
2026-06-07 16:00:00,TX-BETA-02,61.29,55.51,67.43,2.077,26.82,0.23,0,0.09,0
2026-06-07 17:00:00,TX-BETA-02,58.89,59.13,67.76,2.15,14.62,0.68,0,0.1923,0
2026-06-07 18:00:00,TX-BETA-02,57.78,52.07,61.2,1.819,21.56,0.34,0,0.1484,0
2026-06-07 19:00:00,TX-BETA-02,56.32,52.38,61.39,2.07,34.97,0.32,0,0.2552,0
2026-06-07 20:00:00,TX-BETA-02,59.51,51.12,61.95,2.036,16.16,0.5,0,0.054,0
2026-06-07 21:00:00,TX-BETA-02,62.29,43.12,54.8,2.342,23.35,0.88,0,0.0388,0
2026-06-07 22:00:00,TX-BETA-02,70.73,46.86,60.78,2.415,34.6,1.07,0,0.0342,0
2026-06-07 23:00:00,TX-BETA-02,83.16,49.72,66.78,2.839,17.38,1.23,0,0.2457,0
2026-06-08 00:00:00,TX-BETA-02,76.4,40.73,56.49,2.566,17.44,0.28,0,0.0646,0
2026-06-08 01:00:00,TX-BETA-02,70.69,39.09,53.08,2.305,13.28,0.35,0,0.0775,0
2026-06-08 02:00:00,TX-BETA-02,69.25,39.16,52.89,2.353,33.55,0.61,0,0.0761,0
2026-06-08 03:00:00,TX-BETA-02,60.89,35.57,45.5,2.215,39.27,1.06,0,0.1282,0
2026-06-08 04:00:00,TX-BETA-02,61.12,38.32,47.19,2.036,12.21,0.31,0,0.0918,0
2026-06-08 05:00:00,TX-BETA-02,49.89,38.74,47.72,2.035,16.38,1.19,0,0.1915,0
2026-06-08 06:00:00,TX-BETA-02,58.59,45.27,53.99,2.121,16.3,1.22,0,0.1004,0
2026-06-08 07:00:00,TX-BETA-02,54.31,45.14,53.73,2.295,41.35,1.25,0,0.1152,0
2026-06-08 08:00:00,TX-BETA-02,60.94,45.09,57.85,2.53,20.57,1.78,0,0.0486,0
2026-06-08 09:00:00,TX-BETA-02,74.34,53.81,69.1,2.371,10.07,0.3,0,0.1916,0
2026-06-08 10:00:00,TX-BETA-02,71.53,54.46,69.07,2.68,29.36,0.5,0,0.0717,0
2026-06-08 11:00:00,TX-BETA-02,78.31,61.32,77.37,2.715,46.56,1.33,0,0.1872,0
2026-06-08 12:00:00,TX-BETA-02,85.77,63.41,81.85,2.825,11.31,0.78,0,0.3163,0
2026-06-08 13:00:00,TX-BETA-02,88.59,64.73,86.09,3.121,12.69,3.33,1,0.6401,0
2026-06-08 14:00:00,TX-BETA-02,69.82,59.42,70.62,2.3,39.88,0.49,0,0.1604,0
2026-06-08 15:00:00,TX-BETA-02,69.73,55.82,69.61,2.666,38.78,0.79,0,0.1004,0
2026-06-08 16:00:00,TX-BETA-02,64.0,58.54,70.51,2.164,14.82,0.65,0,0.1319,0
2026-06-08 17:00:00,TX-BETA-02,62.04,56.62,67.53,2.322,27.89,2.49,0,0.1274,0
2026-06-08 18:00:00,TX-BETA-02,52.39,48.91,57.48,2.316,29.36,1.0,0,0.1772,0
2026-06-08 19:00:00,TX-BETA-02,67.57,51.29,62.82,2.592,40.78,0.49,0,0.0689,0
2026-06-08 20:00:00,TX-BETA-02,61.9,44.51,57.39,2.241,11.71,1.26,0,0.0796,0
2026-06-08 21:00:00,TX-BETA-02,60.89,48.03,61.2,2.31,21.88,0.5,0,0.0841,0
2026-06-08 22:00:00,TX-BETA-02,75.81,49.72,61.88,2.644,14.38,0.22,0,0.101,0
2026-06-08 23:00:00,TX-BETA-02,84.45,50.81,69.88,2.906,13.43,0.71,1,0.3928,0
2026-06-09 00:00:00,TX-BETA-02,78.39,42.72,58.21,2.588,20.04,0.78,0,0.067,0
2026-06-09 01:00:00,TX-BETA-02,70.76,43.06,56.08,2.385,35.01,1.21,0,0.0455,0
2026-06-09 02:00:00,TX-BETA-02,82.24,43.87,61.31,2.878,26.07,0.6,0,0.2377,0
2026-06-09 03:00:00,TX-BETA-02,70.54,41.7,57.39,2.598,15.85,0.97,0,0.0458,0
2026-06-09 04:00:00,TX-BETA-02,63.51,35.87,48.56,1.888,21.76,0.32,0,0.1385,0
2026-06-09 05:00:00,TX-BETA-02,60.99,41.76,53.02,2.275,35.76,0.35,0,0.0474,0
2026-06-09 06:00:00,TX-BETA-02,53.23,42.97,51.58,2.161,18.41,0.3,0,0.1251,0
2026-06-09 07:00:00,TX-BETA-02,60.42,43.56,54.34,2.331,22.68,0.67,0,0.0674,0
2026-06-09 08:00:00,TX-BETA-02,61.3,47.44,59.26,2.319,38.12,0.28,0,0.0265,0
2026-06-09 09:00:00,TX-BETA-02,66.38,53.0,65.26,2.738,11.96,0.68,0,0.0566,0
2026-06-09 10:00:00,TX-BETA-02,73.59,61.0,76.53,2.522,20.08,0.38,0,0.1052,0
2026-06-09 11:00:00,TX-BETA-02,81.14,60.09,77.74,2.541,12.08,0.77,0,0.182,0
2026-06-09 12:00:00,TX-BETA-02,76.11,57.78,72.14,2.878,29.07,0.47,0,0.0908,0
2026-06-09 13:00:00,TX-BETA-02,75.23,64.55,79.39,2.797,13.76,0.84,0,0.1328,0
2026-06-09 14:00:00,TX-BETA-02,74.96,64.84,79.35,2.632,14.36,0.34,0,0.1432,0
2026-06-09 15:00:00,TX-BETA-02,63.68,56.55,67.32,2.482,42.4,0.65,0,0.1156,0
2026-06-09 16:00:00,TX-BETA-02,63.9,56.21,69.65,2.256,17.33,1.0,0,0.0791,0
2026-06-09 17:00:00,TX-BETA-02,54.9,59.7,69.73,2.12,13.38,1.44,0,0.2269,0
2026-06-09 18:00:00,TX-BETA-02,58.33,55.6,65.76,1.883,21.37,1.45,0,0.1382,0
2026-06-09 19:00:00,TX-BETA-02,52.44,48.7,57.86,1.696,41.38,0.45,0,0.2496,0
2026-06-09 20:00:00,TX-BETA-02,57.6,51.15,59.93,2.443,22.31,0.35,0,0.04,0
2026-06-09 21:00:00,TX-BETA-02,68.15,46.3,59.19,2.229,11.1,0.45,0,0.049,0
2026-06-09 22:00:00,TX-BETA-02,76.9,48.07,65.05,2.533,35.96,1.17,0,0.1239,0
2026-06-09 23:00:00,TX-BETA-02,74.54,46.15,60.66,2.077,10.68,1.21,0,0.1409,0
2026-06-10 00:00:00,TX-BETA-02,76.56,70.33,94.9,2.517,26.32,1.12,1,0.5712,1
2026-06-10 01:00:00,TX-BETA-02,77.16,41.39,58.35,2.403,11.93,0.5,0,0.1395,0
2026-06-10 02:00:00,TX-BETA-02,73.04,41.63,58.39,2.525,15.27,0.35,0,0.1306,0
2026-06-10 03:00:00,TX-BETA-02,69.08,38.9,52.78,2.456,12.97,0.23,0,0.0961,0
2026-06-10 04:00:00,TX-BETA-02,59.05,44.65,54.26,2.101,20.12,1.63,0,0.1901,0
2026-06-10 05:00:00,TX-BETA-02,56.56,42.28,53.54,2.417,23.84,0.26,0,0.0811,0
2026-06-10 06:00:00,TX-BETA-02,56.76,40.88,49.55,2.474,15.57,0.43,0,0.1209,0
2026-06-10 07:00:00,TX-BETA-02,56.82,50.51,60.18,2.176,37.8,0.5,0,0.0918,0
2026-06-10 08:00:00,TX-BETA-02,57.19,49.81,57.9,2.031,10.21,0.64,0,0.1095,0
2026-06-10 09:00:00,TX-BETA-02,66.46,51.67,63.34,2.491,46.93,0.25,0,0.0719,0
2026-06-10 10:00:00,TX-BETA-02,74.16,58.43,73.31,2.528,19.45,0.68,0,0.0328,0
2026-06-10 11:00:00,TX-BETA-02,82.42,67.13,86.84,2.276,34.37,0.41,1,0.4364,0
2026-06-10 12:00:00,TX-BETA-02,83.46,65.17,83.3,2.852,34.37,0.37,0,0.3414,0
2026-06-10 13:00:00,TX-BETA-02,78.44,67.24,83.46,2.735,28.01,0.57,0,0.3448,0
2026-06-10 14:00:00,TX-BETA-02,74.85,59.99,76.66,2.19,17.48,0.78,0,0.1346,0
2026-06-10 15:00:00,TX-BETA-02,60.43,56.97,68.86,2.101,11.16,0.22,0,0.128,0
2026-06-10 16:00:00,TX-BETA-02,59.06,56.66,67.12,2.242,21.1,0.61,0,0.0694,0
2026-06-10 17:00:00,TX-BETA-02,56.98,61.16,70.53,2.131,25.65,0.33,0,0.1416,0
2026-06-10 18:00:00,TX-BETA-02,55.64,52.26,60.91,2.37,12.67,0.85,0,0.1023,0
2026-06-10 19:00:00,TX-BETA-02,55.42,51.48,60.88,2.553,24.59,1.37,0,0.0984,0
2026-06-10 20:00:00,TX-BETA-02,61.52,49.76,59.43,2.557,32.68,3.57,0,0.1198,0
2026-06-10 21:00:00,TX-BETA-02,65.09,47.53,58.76,2.551,19.72,0.45,0,0.0387,0
2026-06-10 22:00:00,TX-BETA-02,85.64,48.37,67.34,2.602,25.62,0.2,0,0.2628,0
2026-06-10 23:00:00,TX-BETA-02,78.69,46.3,63.38,2.473,63.36,0.49,0,0.1933,0
2026-06-11 00:00:00,TX-BETA-02,73.98,43.57,58.69,2.624,10.34,0.46,0,0.0469,0
2026-06-11 01:00:00,TX-BETA-02,82.83,44.97,63.42,2.999,47.23,0.33,0,0.3517,0
2026-06-11 02:00:00,TX-BETA-02,79.17,45.08,61.79,2.48,10.1,2.07,0,0.1856,0
2026-06-11 03:00:00,TX-BETA-02,71.89,39.63,55.69,2.632,67.47,1.03,0,0.178,0
2026-06-11 04:00:00,TX-BETA-02,58.2,43.47,53.52,1.903,18.13,1.26,0,0.0893,0
2026-06-11 05:00:00,TX-BETA-02,56.95,42.2,52.15,1.965,13.64,3.93,0,0.2058,0
2026-06-11 06:00:00,TX-BETA-02,56.5,39.21,49.53,2.188,16.31,2.13,0,0.1595,0
2026-06-11 07:00:00,TX-BETA-02,56.58,46.88,57.26,2.17,15.45,0.22,0,0.0516,0
2026-06-11 08:00:00,TX-BETA-02,55.36,51.23,60.86,2.206,44.26,0.59,0,0.193,0
2026-06-11 09:00:00,TX-BETA-02,69.93,52.91,67.18,2.483,21.33,1.48,0,0.0353,0
2026-06-11 10:00:00,TX-BETA-02,76.3,58.26,72.61,2.647,15.43,0.87,0,0.0662,0
2026-06-11 11:00:00,TX-BETA-02,80.23,60.99,78.05,2.443,26.41,2.65,0,0.2653,0
2026-06-11 12:00:00,TX-BETA-02,79.04,66.0,83.35,2.616,37.03,1.19,0,0.2451,0
2026-06-11 13:00:00,TX-BETA-02,81.74,66.82,84.96,2.873,23.67,0.23,0,0.324,0
2026-06-11 14:00:00,TX-BETA-02,80.48,63.12,80.63,2.321,13.39,0.76,0,0.2069,0
2026-06-11 15:00:00,TX-BETA-02,63.45,55.98,66.99,2.797,11.86,0.22,0,0.1023,0
2026-06-11 16:00:00,TX-BETA-02,63.93,55.09,67.27,2.258,46.93,1.24,0,0.1278,0
2026-06-11 17:00:00,TX-BETA-02,63.97,54.31,65.2,2.278,21.11,0.89,0,0.0233,0
2026-06-11 18:00:00,TX-BETA-02,58.09,61.84,73.19,2.09,15.62,0.73,0,0.1825,0
2026-06-11 19:00:00,TX-BETA-02,54.43,50.44,56.91,2.117,13.56,0.53,0,0.1578,0
2026-06-11 20:00:00,TX-BETA-02,69.98,49.19,63.53,2.223,255.43,46.48,1,0.881,1
2026-06-11 21:00:00,TX-BETA-02,72.82,47.09,60.95,2.501,10.22,1.04,0,0.0172,0
2026-06-11 22:00:00,TX-BETA-02,71.74,46.97,61.16,2.791,39.27,1.96,0,0.0738,0
2026-06-11 23:00:00,TX-BETA-02,76.56,46.57,61.68,3.046,17.46,0.31,0,0.1539,0
2026-06-12 00:00:00,TX-BETA-02,79.45,42.64,58.8,2.931,24.78,1.11,0,0.196,0
2026-06-12 01:00:00,TX-BETA-02,73.07,44.03,58.88,2.324,15.38,1.96,0,0.0954,0
2026-06-12 02:00:00,TX-BETA-02,76.91,44.96,59.62,2.349,12.61,1.44,0,0.1018,0
2026-06-12 03:00:00,TX-BETA-02,67.74,40.04,53.43,2.674,15.68,0.28,0,0.0676,0
2026-06-12 04:00:00,TX-BETA-02,59.8,41.5,49.95,2.307,39.55,1.49,0,0.1039,0
2026-06-12 05:00:00,TX-BETA-02,54.71,40.68,48.67,2.007,61.16,1.44,0,0.1875,0
2026-06-12 06:00:00,TX-BETA-02,58.38,48.31,59.59,8.708,26.59,1.59,1,0.3937,1
2026-06-12 07:00:00,TX-BETA-02,54.67,55.28,65.49,2.08,10.75,1.49,0,0.1515,0
2026-06-12 08:00:00,TX-BETA-02,60.1,47.89,58.67,2.185,42.2,0.55,0,0.0704,0
2026-06-12 09:00:00,TX-BETA-02,68.11,73.83,94.12,2.384,28.75,0.24,1,0.5441,1
2026-06-12 10:00:00,TX-BETA-02,81.08,61.98,77.49,2.729,56.72,0.38,0,0.2783,0
2026-06-12 11:00:00,TX-BETA-02,72.0,58.54,71.82,2.598,33.15,0.63,0,0.0511,0
2026-06-12 12:00:00,TX-BETA-02,75.86,63.37,79.56,2.561,21.04,0.89,0,0.1216,0
2026-06-12 13:00:00,TX-BETA-02,83.43,66.7,85.79,2.614,16.84,0.95,0,0.3427,0
2026-06-12 14:00:00,TX-BETA-02,74.94,56.85,72.51,2.675,33.31,0.43,0,0.0689,0
2026-06-12 15:00:00,TX-BETA-02,66.46,57.95,70.45,2.734,25.65,0.74,0,0.1434,0
2026-06-12 16:00:00,TX-BETA-02,59.46,59.84,70.89,2.399,14.06,2.42,0,0.1469,0
2026-06-12 17:00:00,TX-BETA-02,53.53,53.45,63.37,2.028,37.53,1.66,0,0.1802,0
2026-06-12 18:00:00,TX-BETA-02,63.74,48.95,58.56,2.232,27.75,1.73,0,0.0512,0
2026-06-12 19:00:00,TX-BETA-02,62.82,48.07,59.31,2.323,21.13,0.8,0,0.0154,0
2026-06-12 20:00:00,TX-BETA-02,57.03,51.6,62.47,2.272,34.59,1.2,0,0.1931,0
2026-06-12 21:00:00,TX-BETA-02,64.91,46.32,58.49,2.486,15.83,0.21,0,0.0519,0
2026-06-12 22:00:00,TX-BETA-02,75.26,48.24,63.13,2.83,19.05,1.2,0,0.2356,0
2026-06-12 23:00:00,TX-BETA-02,80.8,46.06,64.76,2.716,28.36,1.11,0,0.2579,0
2026-06-13 00:00:00,TX-BETA-02,78.08,48.55,63.25,2.988,16.02,0.86,0,0.162,0
2026-06-13 01:00:00,TX-BETA-02,81.06,47.64,64.36,2.807,12.6,0.61,0,0.1425,0
2026-06-13 02:00:00,TX-BETA-02,80.4,45.3,61.98,2.876,49.58,1.0,0,0.1984,0
2026-06-13 03:00:00,TX-BETA-02,66.46,40.17,54.03,2.903,15.82,2.01,0,0.1081,0
2026-06-13 04:00:00,TX-BETA-02,66.39,41.73,56.36,2.586,11.43,0.37,0,0.0746,0
2026-06-13 05:00:00,TX-BETA-02,59.87,44.89,55.54,2.496,30.91,0.54,0,0.0845,0
2026-06-13 06:00:00,TX-BETA-02,54.18,43.68,52.76,2.236,37.32,0.39,0,0.1324,0
2026-06-13 07:00:00,TX-BETA-02,59.54,48.43,59.69,2.437,14.63,2.0,0,0.131,0
2026-06-13 08:00:00,TX-BETA-02,65.91,45.03,59.38,2.045,19.54,1.91,0,0.0625,0
2026-06-13 09:00:00,TX-BETA-02,63.43,51.14,61.51,2.43,15.04,2.67,0,0.0684,0
2026-06-13 10:00:00,TX-BETA-02,71.62,60.08,74.83,2.519,56.55,1.91,0,0.1395,0
2026-06-13 11:00:00,TX-BETA-02,77.64,62.92,80.67,2.847,21.59,0.3,0,0.2014,0
2026-06-13 12:00:00,TX-BETA-02,77.5,61.61,76.69,2.913,16.99,0.36,0,0.1561,0
2026-06-13 13:00:00,TX-BETA-02,80.72,64.72,80.19,2.638,13.26,1.4,0,0.2436,0
2026-06-13 14:00:00,TX-BETA-02,68.36,60.17,75.19,2.582,12.51,0.36,0,0.1123,0
2026-06-13 15:00:00,TX-BETA-02,67.69,57.76,71.79,2.776,16.54,0.93,0,0.1138,0
2026-06-13 16:00:00,TX-BETA-02,60.03,53.32,63.91,2.397,47.33,1.23,0,0.1185,0
2026-06-13 17:00:00,TX-BETA-02,54.18,56.74,64.73,1.828,16.43,0.28,0,0.2517,0
2026-06-13 18:00:00,TX-BETA-02,49.23,51.13,59.48,2.426,43.07,0.38,0,0.2071,0
2026-06-13 19:00:00,TX-BETA-02,53.74,51.6,60.15,1.992,14.42,2.91,0,0.1547,0
2026-06-13 20:00:00,TX-BETA-02,69.84,50.87,65.29,2.499,51.67,0.76,0,0.0518,0
2026-06-13 21:00:00,TX-BETA-02,71.07,52.01,67.43,2.505,16.22,0.76,0,0.0817,0
2026-06-13 22:00:00,TX-BETA-02,75.47,46.23,61.23,2.67,18.96,0.28,0,0.0534,0
2026-06-13 23:00:00,TX-BETA-02,75.42,45.87,61.97,2.443,11.25,0.28,0,0.0904,0
2026-06-14 00:00:00,TX-BETA-02,81.38,46.57,64.41,2.892,24.08,0.71,0,0.197,0
2026-06-14 01:00:00,TX-BETA-02,80.63,43.02,58.31,2.834,10.39,0.39,0,0.298,0
2026-06-14 02:00:00,TX-BETA-02,74.59,42.76,56.42,2.485,268.06,53.86,1,0.8072,1
2026-06-14 03:00:00,TX-BETA-02,66.45,38.04,50.98,2.595,17.53,2.02,0,0.0935,0
2026-06-14 04:00:00,TX-BETA-02,59.32,42.28,53.83,2.061,14.37,0.86,0,0.0786,0
2026-06-14 05:00:00,TX-BETA-02,57.79,43.02,53.19,2.148,12.88,1.64,0,0.0559,0
2026-06-14 06:00:00,TX-BETA-02,55.18,49.81,59.3,1.894,12.27,1.1,0,0.1743,0
2026-06-14 07:00:00,TX-BETA-02,55.33,48.82,58.22,2.179,10.47,0.24,0,0.1652,0
2026-06-14 08:00:00,TX-BETA-02,66.12,48.18,60.5,2.338,11.34,0.45,0,0.0001,0
2026-06-14 09:00:00,TX-BETA-02,69.56,52.21,66.12,2.328,30.76,1.81,0,0.0786,0
2026-06-14 10:00:00,TX-BETA-02,68.08,51.06,64.95,2.232,10.75,0.4,0,0.0456,0
2026-06-14 11:00:00,TX-BETA-02,72.35,59.64,75.56,2.567,13.67,0.34,0,0.0813,0
2026-06-14 12:00:00,TX-BETA-02,71.79,63.07,79.27,2.664,29.89,0.39,0,0.2642,0
2026-06-14 13:00:00,TX-BETA-02,78.44,66.36,83.4,2.623,44.21,0.7,0,0.2674,0
2026-06-14 14:00:00,TX-BETA-02,72.6,58.17,73.88,2.775,44.87,0.62,0,0.0962,0
2026-06-14 15:00:00,TX-BETA-02,59.01,58.56,67.84,2.332,12.61,1.42,0,0.1122,0
2026-06-14 16:00:00,TX-BETA-02,67.69,56.27,69.24,2.272,44.87,0.75,0,0.058,0
2026-06-14 17:00:00,TX-BETA-02,63.98,50.09,60.08,2.605,14.93,0.35,0,0.0737,0
2026-06-14 18:00:00,TX-BETA-02,62.79,50.61,62.22,2.438,30.46,0.55,0,0.1144,0
2026-06-14 19:00:00,TX-BETA-02,51.44,47.27,56.69,2.213,31.49,0.21,0,0.2164,0
2026-06-14 20:00:00,TX-BETA-02,64.59,44.51,56.4,2.172,27.89,0.48,0,0.0184,0
2026-06-14 21:00:00,TX-BETA-02,74.01,50.0,64.76,2.434,431.6,33.12,1,0.7948,1
2026-06-14 22:00:00,TX-BETA-02,131.58,51.72,97.01,2.699,44.8,2.64,1,1.0,1
2026-06-14 23:00:00,TX-BETA-02,80.6,44.43,62.26,2.713,21.42,1.35,0,0.1461,0
2026-06-15 00:00:00,TX-BETA-02,84.28,49.65,67.37,2.743,24.23,2.08,0,0.322,0
2026-06-15 01:00:00,TX-BETA-02,80.87,42.92,59.17,2.591,10.6,1.03,0,0.1386,0
2026-06-15 02:00:00,TX-BETA-02,115.93,44.7,86.41,2.594,25.32,1.78,1,0.8578,1
2026-06-15 03:00:00,TX-BETA-02,60.08,36.05,46.94,2.231,17.75,0.35,0,0.1075,0
2026-06-15 04:00:00,TX-BETA-02,60.69,35.32,45.73,2.352,11.76,1.31,0,0.155,0
2026-06-15 05:00:00,TX-BETA-02,55.0,46.12,56.06,2.062,18.51,0.68,0,0.1742,0
2026-06-15 06:00:00,TX-BETA-02,52.54,43.27,51.68,1.783,10.68,3.88,0,0.3355,0
2026-06-15 07:00:00,TX-BETA-02,52.58,44.58,52.03,2.383,21.83,0.68,0,0.1423,0
2026-06-15 08:00:00,TX-BETA-02,65.84,48.86,60.92,2.19,11.13,0.63,0,0.0116,0
2026-06-15 09:00:00,TX-BETA-02,64.91,52.19,63.4,2.316,26.8,0.72,0,0.0788,0
2026-06-15 10:00:00,TX-BETA-02,75.33,57.87,73.32,2.615,15.27,0.4,0,0.0652,0
2026-06-15 11:00:00,TX-BETA-02,78.13,61.12,77.44,2.599,11.59,0.49,0,0.1014,0
2026-06-15 12:00:00,TX-BETA-02,79.54,68.48,86.49,2.474,13.58,0.25,1,0.3997,0
2026-06-15 13:00:00,TX-BETA-02,76.02,66.71,82.53,2.801,17.39,0.89,0,0.222,0
2026-06-15 14:00:00,TX-BETA-02,67.02,58.02,72.02,2.325,21.85,0.24,0,0.0474,0
2026-06-15 15:00:00,TX-BETA-02,70.47,59.16,72.53,2.446,23.68,0.58,0,0.047,0
2026-06-15 16:00:00,TX-BETA-02,59.88,59.45,71.84,2.386,63.32,2.05,0,0.1939,0
2026-06-15 17:00:00,TX-BETA-02,57.37,64.94,72.98,2.02,18.27,2.52,0,0.3246,0
2026-06-15 18:00:00,TX-BETA-02,51.74,56.06,64.66,2.186,11.96,0.63,0,0.1783,0
2026-06-15 19:00:00,TX-BETA-02,55.51,54.78,63.28,2.176,15.07,0.33,0,0.1423,0
2026-06-15 20:00:00,TX-BETA-02,63.55,49.2,62.2,2.582,18.02,1.43,0,0.0446,0
2026-06-15 21:00:00,TX-BETA-02,70.33,49.69,63.01,2.382,26.02,1.65,0,0.0251,0
2026-06-15 22:00:00,TX-BETA-02,71.62,47.02,60.85,2.556,13.47,0.22,0,0.0938,0
2026-06-15 23:00:00,TX-BETA-02,73.86,45.03,60.51,2.502,46.25,1.93,0,0.0924,0
2026-06-16 00:00:00,TX-BETA-02,85.66,44.45,62.66,2.685,16.52,0.21,0,0.2997,0
2026-06-16 01:00:00,TX-BETA-02,78.89,43.46,60.48,2.75,16.59,1.63,0,0.1191,0
2026-06-16 02:00:00,TX-BETA-02,72.1,37.96,50.66,2.534,12.69,0.76,0,0.0929,0
2026-06-16 03:00:00,TX-BETA-02,67.27,39.83,54.0,2.487,49.47,0.53,0,0.0902,0
2026-06-16 04:00:00,TX-BETA-02,56.82,39.69,50.71,1.888,39.1,1.14,0,0.1651,0
2026-06-16 05:00:00,TX-BETA-02,56.01,40.96,50.42,2.433,22.73,0.62,0,0.0947,0
2026-06-16 06:00:00,TX-BETA-02,57.69,43.5,54.94,2.494,28.78,0.51,0,0.0563,0
2026-06-16 07:00:00,TX-BETA-02,52.64,43.31,53.27,2.155,37.41,0.77,0,0.1227,0
2026-06-16 08:00:00,TX-BETA-02,62.88,43.87,55.41,2.119,39.27,0.48,0,0.1439,0
2026-06-16 09:00:00,TX-BETA-02,72.38,55.86,70.03,2.235,40.84,0.72,0,0.1283,0
2026-06-16 10:00:00,TX-BETA-02,69.36,52.01,63.91,2.521,31.2,2.24,0,0.0497,0
2026-06-16 11:00:00,TX-BETA-02,80.41,62.31,79.83,2.783,47.8,0.28,0,0.2557,0
2026-06-16 12:00:00,TX-BETA-02,79.35,63.09,79.96,2.724,22.43,0.81,0,0.164,0
2026-06-16 13:00:00,TX-BETA-02,79.07,63.26,80.84,2.709,51.42,0.65,0,0.2308,0
2026-06-16 14:00:00,TX-BETA-02,73.55,58.7,71.29,2.768,26.84,0.31,0,0.0894,0
2026-06-16 15:00:00,TX-BETA-02,66.79,56.9,70.24,2.544,19.75,0.21,0,0.0447,0
2026-06-16 16:00:00,TX-BETA-02,59.35,59.92,68.73,2.227,27.56,0.26,0,0.1341,0
2026-06-16 17:00:00,TX-BETA-02,54.39,56.31,64.99,2.076,39.44,1.6,0,0.2113,0
2026-06-16 18:00:00,TX-BETA-02,56.54,57.21,67.12,2.241,20.73,2.95,0,0.1762,0
2026-06-16 19:00:00,TX-BETA-02,51.17,49.26,57.09,2.167,15.8,0.98,0,0.1692,0
2026-06-16 20:00:00,TX-BETA-02,60.83,46.93,59.18,1.947,14.84,1.39,0,0.1412,0
2026-06-16 21:00:00,TX-BETA-02,66.83,51.31,65.05,2.71,49.46,1.83,0,0.1101,0
2026-06-16 22:00:00,TX-BETA-02,74.79,44.75,59.11,2.527,30.74,0.68,0,0.0066,0
2026-06-16 23:00:00,TX-BETA-02,75.32,47.67,63.08,2.786,13.48,0.55,0,0.068,0
2026-06-17 00:00:00,TX-BETA-02,81.08,47.09,63.29,2.417,25.76,1.31,0,0.1655,0
2026-06-17 01:00:00,TX-BETA-02,77.64,45.21,61.77,2.637,18.39,3.23,0,0.2215,0
2026-06-17 02:00:00,TX-BETA-02,69.67,35.26,50.54,2.692,10.8,0.26,0,0.1799,0
2026-06-17 03:00:00,TX-BETA-02,72.22,43.53,58.12,2.71,13.1,1.85,0,0.115,0
2026-06-17 04:00:00,TX-BETA-02,58.86,46.88,56.86,2.199,11.77,0.45,0,0.0475,0
2026-06-17 05:00:00,TX-BETA-02,53.44,47.91,59.94,1.944,64.71,2.25,0,0.1983,0
2026-06-17 06:00:00,TX-BETA-02,63.03,40.87,52.0,2.174,31.59,0.29,0,0.0685,0
2026-06-17 07:00:00,TX-BETA-02,57.67,47.88,57.37,1.925,20.03,1.1,0,0.0877,0
2026-06-17 08:00:00,TX-BETA-02,59.9,50.46,62.16,1.963,39.58,0.84,0,0.1449,0
2026-06-17 09:00:00,TX-BETA-02,67.75,50.77,63.75,2.614,18.0,1.2,0,0.0358,0
2026-06-17 10:00:00,TX-BETA-02,75.49,55.59,70.37,2.184,34.57,0.48,0,0.1266,0
2026-06-17 11:00:00,TX-BETA-02,79.53,59.57,76.44,2.633,71.31,0.67,0,0.2512,0
2026-06-17 12:00:00,TX-BETA-02,77.23,64.4,79.63,2.542,21.99,0.96,0,0.1124,0
2026-06-17 13:00:00,TX-BETA-02,72.43,60.66,74.99,2.519,32.61,0.81,0,0.0601,0
2026-06-17 14:00:00,TX-BETA-02,66.38,59.68,71.78,2.44,32.5,0.23,0,0.1103,0
2026-06-17 15:00:00,TX-BETA-02,72.38,61.39,75.41,2.016,78.88,0.63,0,0.2621,0
2026-06-01 00:00:00,TX-GAMMA-03,79.07,45.56,60.37,2.582,43.28,0.93,0,0.1193,0
2026-06-01 01:00:00,TX-GAMMA-03,80.79,46.82,64.47,2.655,12.84,0.96,0,0.1932,0
2026-06-01 02:00:00,TX-GAMMA-03,69.18,41.99,53.98,2.522,33.42,0.3,0,0.0452,0
2026-06-01 03:00:00,TX-GAMMA-03,67.6,37.59,49.95,2.494,26.17,0.53,0,0.0673,0
2026-06-01 04:00:00,TX-GAMMA-03,62.71,38.58,50.38,1.93,13.57,1.39,0,0.1171,0
2026-06-01 05:00:00,TX-GAMMA-03,61.28,38.7,49.21,2.512,14.96,0.24,0,0.0815,0
2026-06-01 06:00:00,TX-GAMMA-03,54.0,45.04,54.02,2.724,20.09,0.38,0,0.1132,0
2026-06-01 07:00:00,TX-GAMMA-03,57.34,49.65,58.4,2.297,21.5,1.29,0,0.0532,0
2026-06-01 08:00:00,TX-GAMMA-03,62.68,46.38,56.6,2.285,19.41,1.63,0,0.0602,0
2026-06-01 09:00:00,TX-GAMMA-03,62.25,49.83,60.51,2.18,36.83,2.16,0,0.0619,0
2026-06-01 10:00:00,TX-GAMMA-03,72.87,58.14,72.19,2.404,19.48,0.47,0,0.0474,0
2026-06-01 11:00:00,TX-GAMMA-03,75.07,60.28,76.48,2.785,15.19,1.12,0,0.1034,0
2026-06-01 12:00:00,TX-GAMMA-03,76.88,60.48,75.76,2.322,10.99,1.46,0,0.117,0
2026-06-01 13:00:00,TX-GAMMA-03,76.79,63.04,79.3,2.368,17.07,1.08,0,0.2243,0
2026-06-01 14:00:00,TX-GAMMA-03,77.04,59.6,75.37,2.637,23.9,1.68,0,0.1448,0
2026-06-01 15:00:00,TX-GAMMA-03,66.53,56.74,69.1,2.33,12.43,1.07,0,0.0793,0
2026-06-01 16:00:00,TX-GAMMA-03,60.83,54.01,65.94,2.571,39.61,0.32,0,0.104,0
2026-06-01 17:00:00,TX-GAMMA-03,65.97,57.67,69.29,2.547,27.01,0.59,0,0.078,0
2026-06-01 18:00:00,TX-GAMMA-03,52.39,51.41,59.68,2.125,21.7,0.29,0,0.1179,0
2026-06-01 19:00:00,TX-GAMMA-03,58.87,53.23,63.57,2.284,41.99,0.59,0,0.0709,0
2026-06-01 20:00:00,TX-GAMMA-03,53.01,47.06,56.93,2.072,19.0,2.01,0,0.1667,0
2026-06-01 21:00:00,TX-GAMMA-03,63.66,42.04,54.35,2.431,52.36,0.5,0,0.0328,0
2026-06-01 22:00:00,TX-GAMMA-03,77.01,49.44,65.95,2.406,34.96,1.3,0,0.093,0
2026-06-01 23:00:00,TX-GAMMA-03,71.29,43.08,55.85,2.405,15.03,0.47,0,0.0339,0
2026-06-02 00:00:00,TX-GAMMA-03,79.1,47.7,63.5,3.022,16.38,1.34,0,0.2095,0
2026-06-02 01:00:00,TX-GAMMA-03,78.77,43.12,58.66,2.782,29.57,0.61,0,0.1282,0
2026-06-02 02:00:00,TX-GAMMA-03,76.37,41.5,57.21,2.922,35.23,0.96,0,0.0896,0
2026-06-02 03:00:00,TX-GAMMA-03,67.17,36.46,47.18,2.31,12.58,1.07,0,0.1319,0
2026-06-02 04:00:00,TX-GAMMA-03,65.24,41.26,53.64,2.621,15.48,0.52,0,0.038,0
2026-06-02 05:00:00,TX-GAMMA-03,49.95,39.54,48.33,2.455,20.04,2.0,0,0.2686,0
2026-06-02 06:00:00,TX-GAMMA-03,57.18,43.88,53.85,2.139,37.21,1.86,0,0.0838,0
2026-06-02 07:00:00,TX-GAMMA-03,52.52,47.98,57.14,2.18,15.33,1.21,0,0.2056,0
2026-06-02 08:00:00,TX-GAMMA-03,52.21,47.05,57.54,2.098,44.14,0.43,0,0.2344,0
2026-06-02 09:00:00,TX-GAMMA-03,64.81,47.72,59.63,2.629,26.81,0.85,0,0.025,0
2026-06-02 10:00:00,TX-GAMMA-03,76.38,63.94,78.9,2.725,10.86,0.29,0,0.1641,0
2026-06-02 11:00:00,TX-GAMMA-03,67.44,55.19,67.11,2.359,16.52,0.57,0,0.0225,0
2026-06-02 12:00:00,TX-GAMMA-03,80.94,64.47,80.17,3.108,12.43,0.46,0,0.2653,0
2026-06-02 13:00:00,TX-GAMMA-03,74.91,64.06,78.08,2.424,34.17,0.7,0,0.1103,0
2026-06-02 14:00:00,TX-GAMMA-03,76.05,65.1,80.91,2.322,26.41,1.91,0,0.1947,0
2026-06-02 15:00:00,TX-GAMMA-03,69.7,60.12,74.33,2.578,22.08,0.3,0,0.0973,0
2026-06-02 16:00:00,TX-GAMMA-03,60.85,54.92,65.71,2.336,11.7,1.86,0,0.0754,0
2026-06-02 17:00:00,TX-GAMMA-03,58.94,58.07,68.66,2.304,22.07,4.65,0,0.2608,0
2026-06-02 18:00:00,TX-GAMMA-03,54.98,51.09,59.95,1.909,52.07,0.55,0,0.1618,0
2026-06-02 19:00:00,TX-GAMMA-03,58.76,55.51,67.03,2.443,22.25,0.35,0,0.089,0
2026-06-02 20:00:00,TX-GAMMA-03,64.81,46.46,58.34,2.199,38.4,0.48,0,0.0168,0
2026-06-02 21:00:00,TX-GAMMA-03,69.56,47.94,62.16,2.453,35.31,3.43,0,0.1678,0
2026-06-02 22:00:00,TX-GAMMA-03,76.08,48.31,63.79,2.53,10.37,0.78,0,0.0881,0
2026-06-02 23:00:00,TX-GAMMA-03,77.7,47.6,63.48,2.7,10.15,3.35,0,0.1979,0
2026-06-03 00:00:00,TX-GAMMA-03,74.86,45.01,57.78,2.766,66.7,1.81,0,0.1969,0
2026-06-03 01:00:00,TX-GAMMA-03,78.36,42.61,57.98,2.576,10.65,0.82,0,0.0928,0
2026-06-03 02:00:00,TX-GAMMA-03,78.68,46.07,61.35,2.712,22.33,0.78,0,0.2199,0
2026-06-03 03:00:00,TX-GAMMA-03,65.41,39.95,53.34,2.044,24.12,2.17,0,0.1048,0
2026-06-03 04:00:00,TX-GAMMA-03,62.38,38.35,50.62,2.412,53.37,0.35,0,0.1153,0
2026-06-03 05:00:00,TX-GAMMA-03,56.41,41.17,50.32,1.815,13.44,0.38,0,0.1506,0
2026-06-03 06:00:00,TX-GAMMA-03,61.27,39.59,52.54,1.995,21.07,0.83,0,0.0828,0
2026-06-03 07:00:00,TX-GAMMA-03,57.16,45.18,54.04,2.358,26.55,0.96,0,0.0543,0
2026-06-03 08:00:00,TX-GAMMA-03,55.36,49.39,57.91,2.371,10.69,0.55,0,0.106,0
2026-06-03 09:00:00,TX-GAMMA-03,66.91,51.38,63.67,2.377,17.55,0.86,0,0.1466,0
2026-06-03 10:00:00,TX-GAMMA-03,69.08,53.73,65.31,2.308,19.54,0.24,0,0.0395,0
2026-06-03 11:00:00,TX-GAMMA-03,78.38,61.87,79.28,2.65,92.79,0.54,0,0.2688,0
2026-06-03 12:00:00,TX-GAMMA-03,81.92,69.44,86.67,2.715,39.0,0.35,1,0.3864,0
2026-06-03 13:00:00,TX-GAMMA-03,76.32,64.62,80.51,2.564,32.98,0.66,0,0.2024,0
2026-06-03 14:00:00,TX-GAMMA-03,75.05,63.56,77.55,2.801,12.79,0.73,0,0.1512,0
2026-06-03 15:00:00,TX-GAMMA-03,63.54,54.27,65.07,2.575,26.55,0.9,0,0.0609,0
2026-06-03 16:00:00,TX-GAMMA-03,62.02,56.02,67.62,1.929,27.61,1.74,0,0.1268,0
2026-06-03 17:00:00,TX-GAMMA-03,59.12,57.94,67.3,2.109,367.11,31.02,1,0.9021,1
2026-06-03 18:00:00,TX-GAMMA-03,47.82,51.94,60.21,1.853,12.93,0.22,0,0.3163,0
2026-06-03 19:00:00,TX-GAMMA-03,57.97,52.17,63.85,2.154,27.25,1.1,0,0.0438,0
2026-06-03 20:00:00,TX-GAMMA-03,53.89,51.27,61.32,2.435,10.59,1.99,0,0.1613,0
2026-06-03 21:00:00,TX-GAMMA-03,69.49,47.98,60.86,2.217,26.49,2.38,0,0.0482,0
2026-06-03 22:00:00,TX-GAMMA-03,70.5,46.8,58.02,2.355,40.97,2.01,0,0.0762,0
2026-06-03 23:00:00,TX-GAMMA-03,87.8,48.04,67.03,2.876,35.16,0.53,1,0.4053,0
2026-06-04 00:00:00,TX-GAMMA-03,76.67,46.02,62.98,2.749,16.84,0.85,0,0.0924,0
2026-06-04 01:00:00,TX-GAMMA-03,79.47,46.21,64.4,2.816,19.22,1.15,0,0.1628,0
2026-06-04 02:00:00,TX-GAMMA-03,73.19,43.44,58.17,2.455,20.73,0.72,0,0.0737,0
2026-06-04 03:00:00,TX-GAMMA-03,71.33,40.85,55.46,2.281,22.32,2.07,0,0.1304,0
2026-06-04 04:00:00,TX-GAMMA-03,56.21,42.43,51.13,2.346,17.1,1.34,0,0.2105,0
2026-06-04 05:00:00,TX-GAMMA-03,55.85,44.28,54.12,2.57,279.52,42.23,1,0.8879,1
2026-06-04 06:00:00,TX-GAMMA-03,55.42,44.0,52.54,1.959,19.56,0.28,0,0.1252,0
2026-06-04 07:00:00,TX-GAMMA-03,59.75,49.61,59.04,2.428,18.63,0.35,0,0.0522,0
2026-06-04 08:00:00,TX-GAMMA-03,67.07,46.14,60.21,2.456,16.07,0.75,0,0.0442,0
2026-06-04 09:00:00,TX-GAMMA-03,77.22,52.21,67.55,2.517,39.22,1.78,0,0.0728,0
2026-06-04 10:00:00,TX-GAMMA-03,74.13,55.12,68.35,2.482,17.05,1.64,0,0.0338,0
2026-06-04 11:00:00,TX-GAMMA-03,79.64,62.13,78.52,2.485,21.59,0.4,0,0.163,0
2026-06-04 12:00:00,TX-GAMMA-03,77.17,67.42,85.45,3.012,17.78,0.41,0,0.3575,0
2026-06-04 13:00:00,TX-GAMMA-03,78.61,65.74,82.58,2.611,26.73,0.31,0,0.3657,0
2026-06-04 14:00:00,TX-GAMMA-03,67.84,59.29,71.67,2.313,19.59,0.21,0,0.1619,0
2026-06-04 15:00:00,TX-GAMMA-03,70.41,60.03,73.69,2.245,214.87,49.78,1,0.8376,1
2026-06-04 16:00:00,TX-GAMMA-03,62.75,52.75,64.24,2.512,22.92,0.45,0,0.1034,0
2026-06-04 17:00:00,TX-GAMMA-03,52.88,53.25,61.9,1.728,26.84,0.32,1,0.4247,0
2026-06-04 18:00:00,TX-GAMMA-03,63.96,52.27,63.61,2.453,12.98,0.39,0,0.0784,0
2026-06-04 19:00:00,TX-GAMMA-03,56.21,52.39,61.38,2.242,42.48,1.16,0,0.0914,0
2026-06-04 20:00:00,TX-GAMMA-03,57.28,50.48,59.34,2.743,20.28,0.53,0,0.1914,0
2026-06-04 21:00:00,TX-GAMMA-03,61.03,45.62,55.39,2.074,13.88,0.39,0,0.0367,0
2026-06-04 22:00:00,TX-GAMMA-03,77.87,48.26,65.18,2.882,11.57,0.85,0,0.1182,0
2026-06-04 23:00:00,TX-GAMMA-03,74.06,43.62,58.72,2.824,27.09,1.01,0,0.0869,0
2026-06-05 00:00:00,TX-GAMMA-03,72.82,43.39,57.83,2.326,35.66,2.42,0,0.1105,0
2026-06-05 01:00:00,TX-GAMMA-03,76.62,47.1,63.74,2.594,14.45,0.44,0,0.1121,0
2026-06-05 02:00:00,TX-GAMMA-03,76.39,44.55,60.67,2.693,49.78,0.24,0,0.1989,0
2026-06-05 03:00:00,TX-GAMMA-03,69.38,39.39,52.85,2.357,17.39,0.49,0,0.0961,0
2026-06-05 04:00:00,TX-GAMMA-03,60.24,38.73,49.22,2.314,13.03,1.68,0,0.2525,0
2026-06-05 05:00:00,TX-GAMMA-03,53.89,43.48,54.31,2.301,18.47,0.29,0,0.1095,0
2026-06-05 06:00:00,TX-GAMMA-03,55.73,42.33,50.62,2.27,13.55,0.77,0,0.0856,0
2026-06-05 07:00:00,TX-GAMMA-03,57.4,44.83,54.59,2.178,22.63,1.05,0,0.0294,0
2026-06-05 08:00:00,TX-GAMMA-03,57.36,49.22,59.77,2.42,391.72,26.92,1,0.8103,1
2026-06-05 09:00:00,TX-GAMMA-03,115.96,54.01,96.5,2.527,20.88,2.24,1,0.8496,1
2026-06-05 10:00:00,TX-GAMMA-03,75.19,54.04,68.96,2.405,30.55,0.63,0,0.0767,0
2026-06-05 11:00:00,TX-GAMMA-03,78.01,60.83,78.08,2.297,15.05,1.41,0,0.1513,0
2026-06-05 12:00:00,TX-GAMMA-03,74.87,62.55,77.14,2.598,11.87,0.26,0,0.0805,0
2026-06-05 13:00:00,TX-GAMMA-03,72.67,63.12,78.18,2.272,27.36,0.22,0,0.2005,0
2026-06-05 14:00:00,TX-GAMMA-03,76.94,64.95,80.38,2.631,17.58,1.65,0,0.2142,0
2026-06-05 15:00:00,TX-GAMMA-03,69.41,60.91,73.64,2.283,11.13,0.22,0,0.0807,0
2026-06-05 16:00:00,TX-GAMMA-03,60.22,55.46,66.24,2.327,27.76,0.29,0,0.1505,0
2026-06-05 17:00:00,TX-GAMMA-03,59.09,56.17,66.04,2.89,20.81,0.7,0,0.1105,0
2026-06-05 18:00:00,TX-GAMMA-03,54.91,50.67,59.78,2.206,10.23,0.65,0,0.0887,0
2026-06-05 19:00:00,TX-GAMMA-03,61.15,47.39,56.95,2.788,26.04,1.67,0,0.1416,0
2026-06-05 20:00:00,TX-GAMMA-03,53.29,70.56,87.51,1.835,14.83,0.95,1,0.5693,1
2026-06-05 21:00:00,TX-GAMMA-03,68.45,50.04,63.94,2.164,30.66,0.22,0,0.0531,0
2026-06-05 22:00:00,TX-GAMMA-03,66.37,42.89,54.45,2.598,15.42,0.48,0,0.0354,0
2026-06-05 23:00:00,TX-GAMMA-03,82.98,48.33,65.6,2.657,73.99,1.07,0,0.2617,0
2026-06-06 00:00:00,TX-GAMMA-03,75.45,44.85,58.62,2.168,19.44,0.5,0,0.0799,0
2026-06-06 01:00:00,TX-GAMMA-03,85.55,46.67,67.63,2.778,26.18,0.32,0,0.3624,0
2026-06-06 02:00:00,TX-GAMMA-03,77.75,44.33,60.65,2.497,11.08,0.71,0,0.1054,0
2026-06-06 03:00:00,TX-GAMMA-03,63.33,34.29,45.68,2.284,11.48,1.86,0,0.1629,0
2026-06-06 04:00:00,TX-GAMMA-03,51.98,36.06,45.27,2.32,22.49,1.95,0,0.2477,0
2026-06-06 05:00:00,TX-GAMMA-03,61.12,38.97,48.97,2.246,11.26,0.43,0,0.116,0
2026-06-06 06:00:00,TX-GAMMA-03,56.13,48.8,57.38,2.342,43.77,3.18,0,0.3326,0
2026-06-06 07:00:00,TX-GAMMA-03,56.83,47.44,56.81,2.268,10.62,0.64,0,0.0626,0
2026-06-06 08:00:00,TX-GAMMA-03,65.9,49.03,61.21,2.225,36.43,1.61,0,0.011,0
2026-06-06 09:00:00,TX-GAMMA-03,69.98,50.99,63.99,2.345,13.11,1.48,0,0.1453,0
2026-06-06 10:00:00,TX-GAMMA-03,77.83,61.21,77.66,2.699,14.22,0.21,0,0.1565,0
2026-06-06 11:00:00,TX-GAMMA-03,81.43,62.43,81.84,2.598,12.37,0.38,0,0.3169,0
2026-06-06 12:00:00,TX-GAMMA-03,75.52,64.28,79.65,2.52,23.1,1.94,0,0.2921,0
2026-06-06 13:00:00,TX-GAMMA-03,76.45,67.28,83.17,2.141,15.89,0.32,0,0.281,0
2026-06-06 14:00:00,TX-GAMMA-03,72.5,59.56,73.19,2.452,18.38,0.52,0,0.1289,0
2026-06-06 15:00:00,TX-GAMMA-03,69.12,61.72,75.16,2.765,48.7,1.69,0,0.132,0
2026-06-06 16:00:00,TX-GAMMA-03,64.1,54.75,65.23,2.637,15.44,1.63,0,0.0478,0
2026-06-06 17:00:00,TX-GAMMA-03,58.74,62.01,72.36,2.166,34.61,0.85,0,0.1517,0
2026-06-06 18:00:00,TX-GAMMA-03,49.67,52.17,62.0,2.183,11.57,1.37,0,0.2231,0
2026-06-06 19:00:00,TX-GAMMA-03,57.06,54.15,62.64,2.478,15.84,0.33,0,0.0936,0
2026-06-06 20:00:00,TX-GAMMA-03,60.36,44.77,55.39,2.346,16.97,0.3,0,0.1961,0
2026-06-06 21:00:00,TX-GAMMA-03,66.38,43.14,54.77,2.257,11.26,0.21,0,0.063,0
2026-06-06 22:00:00,TX-GAMMA-03,73.35,45.85,59.66,2.663,11.12,0.6,0,0.0462,0
2026-06-06 23:00:00,TX-GAMMA-03,70.22,41.67,55.27,2.362,42.48,2.36,0,0.0632,0
2026-06-07 00:00:00,TX-GAMMA-03,81.03,44.71,62.45,2.651,18.53,2.48,0,0.1992,0
2026-06-07 01:00:00,TX-GAMMA-03,78.1,43.98,60.51,2.609,10.93,1.39,0,0.2065,0
2026-06-07 02:00:00,TX-GAMMA-03,72.25,42.68,56.31,2.173,16.55,0.93,0,0.0815,0
2026-06-07 03:00:00,TX-GAMMA-03,65.97,35.58,51.2,2.359,26.16,1.22,0,0.1043,0
2026-06-07 04:00:00,TX-GAMMA-03,66.33,39.15,51.65,2.533,38.69,0.53,0,0.0531,0
2026-06-07 05:00:00,TX-GAMMA-03,54.75,39.71,48.24,2.427,70.73,0.92,0,0.2292,0
2026-06-07 06:00:00,TX-GAMMA-03,66.34,41.48,54.33,2.496,24.96,1.19,0,0.0061,0
2026-06-07 07:00:00,TX-GAMMA-03,60.92,42.65,53.47,2.603,43.0,0.57,0,0.094,0
2026-06-07 08:00:00,TX-GAMMA-03,62.05,44.83,56.86,2.638,13.06,0.62,0,0.0408,0
2026-06-07 09:00:00,TX-GAMMA-03,68.25,55.63,68.93,2.611,35.92,0.4,0,0.0397,0
2026-06-07 10:00:00,TX-GAMMA-03,81.37,61.7,78.31,2.883,21.51,0.82,0,0.2277,0
2026-06-07 11:00:00,TX-GAMMA-03,84.75,84.88,111.87,2.59,17.79,0.8,1,0.7424,1
2026-06-07 12:00:00,TX-GAMMA-03,80.4,65.99,84.01,2.579,34.67,0.45,0,0.2348,0
2026-06-07 13:00:00,TX-GAMMA-03,84.73,71.86,89.67,2.43,34.73,1.01,1,0.5872,0
2026-06-07 14:00:00,TX-GAMMA-03,73.34,58.93,72.06,2.665,27.99,0.29,0,0.0681,0
2026-06-07 15:00:00,TX-GAMMA-03,68.46,58.05,70.98,2.249,16.17,2.27,0,0.0891,0
2026-06-07 16:00:00,TX-GAMMA-03,67.94,55.34,68.5,2.373,31.5,0.46,0,0.0429,0
2026-06-07 17:00:00,TX-GAMMA-03,61.97,56.78,67.4,2.298,21.56,0.62,0,0.1574,0
2026-06-07 18:00:00,TX-GAMMA-03,59.02,58.85,68.87,2.066,52.96,0.79,0,0.1834,0
2026-06-07 19:00:00,TX-GAMMA-03,55.17,54.14,63.34,2.257,46.06,0.37,0,0.1719,0
2026-06-07 20:00:00,TX-GAMMA-03,62.72,43.71,54.43,2.387,12.04,4.63,0,0.142,0
2026-06-07 21:00:00,TX-GAMMA-03,64.2,46.82,59.17,2.454,13.56,0.73,0,0.0,0
2026-06-07 22:00:00,TX-GAMMA-03,76.73,47.53,64.01,2.586,30.04,1.94,0,0.0864,0
2026-06-07 23:00:00,TX-GAMMA-03,72.6,42.85,56.54,2.536,28.8,0.55,0,0.0374,0
2026-06-08 00:00:00,TX-GAMMA-03,82.36,44.41,61.13,2.592,15.13,2.26,0,0.2236,0
2026-06-08 01:00:00,TX-GAMMA-03,79.03,43.1,60.2,2.929,16.33,0.26,0,0.1843,0
2026-06-08 02:00:00,TX-GAMMA-03,71.12,38.66,51.57,2.153,23.24,0.6,0,0.1107,0
2026-06-08 03:00:00,TX-GAMMA-03,63.12,38.17,49.55,2.388,48.46,1.42,0,0.1669,0
2026-06-08 04:00:00,TX-GAMMA-03,53.1,39.72,48.88,1.846,10.28,0.41,0,0.1839,0
2026-06-08 05:00:00,TX-GAMMA-03,57.34,49.46,60.82,2.413,16.6,0.4,0,0.0373,0
2026-06-08 06:00:00,TX-GAMMA-03,56.38,48.16,57.25,2.197,18.53,0.64,0,0.0562,0
2026-06-08 07:00:00,TX-GAMMA-03,55.5,48.26,57.77,2.323,12.59,1.79,0,0.1074,0
2026-06-08 08:00:00,TX-GAMMA-03,60.03,45.57,57.16,2.358,16.72,0.52,0,0.0316,0
2026-06-08 09:00:00,TX-GAMMA-03,70.31,61.19,77.89,2.761,19.75,0.38,0,0.168,0
2026-06-08 10:00:00,TX-GAMMA-03,74.08,61.1,75.31,2.597,26.68,1.37,0,0.1642,0
2026-06-08 11:00:00,TX-GAMMA-03,78.01,62.06,77.06,2.512,48.78,0.83,0,0.1623,0
2026-06-08 12:00:00,TX-GAMMA-03,82.68,70.14,89.47,2.746,13.94,0.25,1,0.5101,0
2026-06-08 13:00:00,TX-GAMMA-03,73.93,62.65,77.18,2.84,24.93,0.24,0,0.1242,0
2026-06-08 14:00:00,TX-GAMMA-03,71.8,60.36,75.3,2.704,20.03,0.58,0,0.0949,0
2026-06-08 15:00:00,TX-GAMMA-03,72.89,60.44,75.69,2.502,13.56,0.31,0,0.0625,0
2026-06-08 16:00:00,TX-GAMMA-03,66.37,55.24,67.83,2.422,11.56,0.61,0,0.1203,0
2026-06-08 17:00:00,TX-GAMMA-03,50.53,57.03,65.06,1.955,19.49,2.24,0,0.3175,0
2026-06-08 18:00:00,TX-GAMMA-03,52.19,50.77,58.04,2.012,25.42,0.39,0,0.2487,0
2026-06-08 19:00:00,TX-GAMMA-03,56.66,55.4,63.4,2.045,50.71,0.3,0,0.1449,0
2026-06-08 20:00:00,TX-GAMMA-03,59.12,50.21,59.29,2.559,30.37,0.65,0,0.0488,0
2026-06-08 21:00:00,TX-GAMMA-03,63.93,45.91,58.6,2.288,17.34,5.28,0,0.1624,0
2026-06-08 22:00:00,TX-GAMMA-03,72.13,46.47,60.88,2.138,14.87,0.27,0,0.0504,0
2026-06-08 23:00:00,TX-GAMMA-03,72.77,45.31,57.79,6.349,23.97,0.21,0,0.2946,1
2026-06-09 00:00:00,TX-GAMMA-03,78.26,47.5,63.75,2.469,21.63,0.28,0,0.109,0
2026-06-09 01:00:00,TX-GAMMA-03,74.54,65.7,88.6,2.352,17.07,0.66,1,0.5092,1
2026-06-09 02:00:00,TX-GAMMA-03,80.45,43.42,58.63,2.805,24.15,1.09,0,0.1929,0
2026-06-09 03:00:00,TX-GAMMA-03,68.24,37.89,51.06,2.375,33.78,0.6,0,0.1721,0
2026-06-09 04:00:00,TX-GAMMA-03,58.47,42.2,53.23,1.95,17.06,0.82,0,0.1055,0
2026-06-09 05:00:00,TX-GAMMA-03,46.73,39.71,47.61,1.828,11.01,0.54,1,0.421,0
2026-06-09 06:00:00,TX-GAMMA-03,57.56,39.79,49.87,1.962,392.1,47.58,1,0.9774,1
2026-06-09 07:00:00,TX-GAMMA-03,50.66,45.3,55.06,2.257,21.17,0.23,0,0.2012,0
2026-06-09 08:00:00,TX-GAMMA-03,59.49,53.17,62.14,2.341,24.6,0.74,0,0.1284,0
2026-06-09 09:00:00,TX-GAMMA-03,65.09,50.78,62.71,2.594,10.06,0.37,0,0.0248,0
2026-06-09 10:00:00,TX-GAMMA-03,73.69,57.28,72.22,2.493,15.83,1.68,0,0.0808,0
2026-06-09 11:00:00,TX-GAMMA-03,75.04,58.54,74.6,2.429,47.94,0.56,0,0.1093,0
2026-06-09 12:00:00,TX-GAMMA-03,86.01,60.74,78.62,2.517,15.57,0.85,0,0.2481,0
2026-06-09 13:00:00,TX-GAMMA-03,81.58,66.61,85.12,2.444,13.65,2.39,0,0.3411,0
2026-06-09 14:00:00,TX-GAMMA-03,67.77,62.79,75.72,2.174,23.64,0.53,0,0.0948,0
2026-06-09 15:00:00,TX-GAMMA-03,64.01,55.16,66.81,2.073,40.2,1.11,0,0.1005,0
2026-06-09 16:00:00,TX-GAMMA-03,65.78,56.8,70.45,2.531,37.16,1.4,0,0.053,0
2026-06-09 17:00:00,TX-GAMMA-03,56.74,56.63,67.81,2.373,29.22,1.74,0,0.0875,0
2026-06-09 18:00:00,TX-GAMMA-03,62.93,49.72,60.78,2.586,10.4,1.75,0,0.0495,0
2026-06-09 19:00:00,TX-GAMMA-03,55.98,54.75,62.88,2.189,15.18,2.0,0,0.1431,0
2026-06-09 20:00:00,TX-GAMMA-03,52.35,46.4,55.16,2.51,20.84,1.05,0,0.1065,0
2026-06-09 21:00:00,TX-GAMMA-03,66.44,47.86,58.65,2.254,10.75,1.3,0,0.0403,0
2026-06-09 22:00:00,TX-GAMMA-03,79.3,49.09,65.72,2.807,13.72,0.39,0,0.1097,0
2026-06-09 23:00:00,TX-GAMMA-03,79.01,46.83,63.08,2.676,12.74,0.7,0,0.1247,0
2026-06-10 00:00:00,TX-GAMMA-03,78.19,43.16,58.45,2.56,10.49,0.95,0,0.1055,0
2026-06-10 01:00:00,TX-GAMMA-03,75.78,43.02,59.71,2.645,14.61,1.43,0,0.091,0
2026-06-10 02:00:00,TX-GAMMA-03,80.6,47.53,64.98,2.275,28.19,0.66,0,0.3685,0
2026-06-10 03:00:00,TX-GAMMA-03,127.67,42.26,82.87,1.988,66.99,0.62,1,0.9989,1
2026-06-10 04:00:00,TX-GAMMA-03,60.43,36.03,49.09,2.533,23.84,0.45,0,0.1398,0
2026-06-10 05:00:00,TX-GAMMA-03,58.59,46.13,54.48,2.222,23.64,0.67,0,0.1063,0
2026-06-10 06:00:00,TX-GAMMA-03,50.96,39.96,48.5,2.546,17.04,0.49,0,0.266,0
2026-06-10 07:00:00,TX-GAMMA-03,57.91,46.94,57.78,1.941,21.96,0.45,0,0.0594,0
2026-06-10 08:00:00,TX-GAMMA-03,67.06,50.57,62.78,2.448,51.88,2.43,0,0.0672,0
2026-06-10 09:00:00,TX-GAMMA-03,63.59,49.29,62.06,2.549,13.97,0.82,0,0.0357,0
2026-06-10 10:00:00,TX-GAMMA-03,79.85,59.07,75.31,2.169,23.76,0.23,0,0.1198,0
2026-06-10 11:00:00,TX-GAMMA-03,76.32,61.63,77.41,2.529,18.32,0.27,0,0.1899,0
2026-06-10 12:00:00,TX-GAMMA-03,80.35,65.42,83.15,2.582,26.48,2.01,0,0.3012,0
2026-06-10 13:00:00,TX-GAMMA-03,84.89,67.98,86.22,2.66,22.39,0.77,1,0.4465,0
2026-06-10 14:00:00,TX-GAMMA-03,79.7,66.01,83.24,2.565,21.93,2.39,0,0.2964,0
2026-06-10 15:00:00,TX-GAMMA-03,68.69,62.84,75.56,2.524,28.04,1.15,0,0.1132,0
2026-06-10 16:00:00,TX-GAMMA-03,54.35,58.69,68.68,2.381,17.22,0.46,0,0.1909,0
2026-06-10 17:00:00,TX-GAMMA-03,58.19,60.64,70.04,2.359,12.79,0.75,0,0.1312,0
2026-06-10 18:00:00,TX-GAMMA-03,58.3,53.73,62.21,2.462,15.32,0.23,0,0.0994,0
2026-06-10 19:00:00,TX-GAMMA-03,68.41,51.38,64.1,2.298,90.56,2.4,0,0.1724,0
2026-06-10 20:00:00,TX-GAMMA-03,61.28,44.84,54.99,1.949,27.21,0.99,0,0.0392,0
2026-06-10 21:00:00,TX-GAMMA-03,64.19,42.83,54.55,2.336,16.3,0.92,0,0.0172,0
2026-06-10 22:00:00,TX-GAMMA-03,80.16,49.28,66.11,2.659,24.74,0.32,0,0.1093,0
2026-06-10 23:00:00,TX-GAMMA-03,75.11,44.61,58.03,2.725,10.41,0.29,0,0.0597,0
2026-06-11 00:00:00,TX-GAMMA-03,71.23,41.06,56.11,2.083,28.28,1.13,0,0.0923,0
2026-06-11 01:00:00,TX-GAMMA-03,75.6,43.02,57.05,2.498,13.76,1.37,0,0.0692,0
2026-06-11 02:00:00,TX-GAMMA-03,75.91,40.91,56.13,2.659,15.85,0.96,0,0.1774,0
2026-06-11 03:00:00,TX-GAMMA-03,73.85,45.85,59.83,2.537,20.77,2.55,0,0.1444,0
2026-06-11 04:00:00,TX-GAMMA-03,61.92,38.01,50.01,2.23,24.06,0.48,0,0.0705,0
2026-06-11 05:00:00,TX-GAMMA-03,54.66,39.64,50.02,2.445,12.68,0.43,0,0.1035,0
2026-06-11 06:00:00,TX-GAMMA-03,54.2,45.36,54.57,1.946,12.57,0.23,0,0.1272,0
2026-06-11 07:00:00,TX-GAMMA-03,52.98,48.17,58.64,1.765,24.86,0.44,0,0.2257,0
2026-06-11 08:00:00,TX-GAMMA-03,62.38,50.41,61.43,2.474,12.0,1.97,0,0.0592,0
2026-06-11 09:00:00,TX-GAMMA-03,62.86,51.01,63.63,2.125,18.67,0.33,0,0.0495,0
2026-06-11 10:00:00,TX-GAMMA-03,74.46,59.17,74.56,2.646,29.33,0.86,0,0.1159,0
2026-06-11 11:00:00,TX-GAMMA-03,69.19,52.85,66.9,2.249,22.08,1.21,0,0.0258,0
2026-06-11 12:00:00,TX-GAMMA-03,83.81,63.18,80.46,2.618,18.24,0.62,0,0.3269,0
2026-06-11 13:00:00,TX-GAMMA-03,73.46,61.66,77.77,2.452,22.11,0.52,0,0.0849,0
2026-06-11 14:00:00,TX-GAMMA-03,78.16,67.04,82.16,2.425,13.68,0.9,0,0.224,0
2026-06-11 15:00:00,TX-GAMMA-03,62.22,55.47,67.81,2.241,16.41,0.46,0,0.0831,0
2026-06-11 16:00:00,TX-GAMMA-03,62.36,52.8,63.69,2.447,11.94,0.36,0,0.1019,0
2026-06-11 17:00:00,TX-GAMMA-03,51.1,53.1,60.34,2.172,20.54,1.16,0,0.2298,0
2026-06-11 18:00:00,TX-GAMMA-03,49.91,48.76,56.76,2.183,16.09,0.48,0,0.2353,0
2026-06-11 19:00:00,TX-GAMMA-03,57.95,53.45,63.04,2.413,23.68,0.61,0,0.0213,0
2026-06-11 20:00:00,TX-GAMMA-03,56.64,49.9,60.65,2.55,18.01,0.87,0,0.0709,0
2026-06-11 21:00:00,TX-GAMMA-03,71.65,46.69,60.82,2.321,42.31,0.97,0,0.0427,0
2026-06-11 22:00:00,TX-GAMMA-03,80.49,52.03,69.57,2.804,32.07,2.07,0,0.2388,0
2026-06-11 23:00:00,TX-GAMMA-03,83.04,50.82,68.04,3.067,33.89,1.7,0,0.2847,0
2026-06-12 00:00:00,TX-GAMMA-03,84.51,48.05,67.64,7.838,18.88,1.17,1,0.5068,1
2026-06-12 01:00:00,TX-GAMMA-03,80.73,43.11,61.05,2.82,30.61,0.79,0,0.1498,0
2026-06-12 02:00:00,TX-GAMMA-03,74.43,41.33,56.41,2.412,16.45,0.56,0,0.0837,0
2026-06-12 03:00:00,TX-GAMMA-03,67.42,36.97,49.87,2.289,31.18,0.64,0,0.1097,0
2026-06-12 04:00:00,TX-GAMMA-03,56.4,39.89,51.23,2.784,40.97,0.23,0,0.178,0
2026-06-12 05:00:00,TX-GAMMA-03,50.56,39.03,47.19,2.226,33.82,0.68,0,0.2407,0
2026-06-12 06:00:00,TX-GAMMA-03,52.5,39.92,49.45,2.289,22.45,2.93,0,0.1764,0
2026-06-12 07:00:00,TX-GAMMA-03,51.92,49.2,56.47,2.316,23.7,0.93,0,0.2157,0
2026-06-12 08:00:00,TX-GAMMA-03,64.41,48.44,59.38,2.679,17.53,0.34,0,0.0554,0
2026-06-12 09:00:00,TX-GAMMA-03,66.32,52.65,64.76,2.462,27.93,0.26,0,0.0217,0
2026-06-12 10:00:00,TX-GAMMA-03,76.91,55.49,70.79,2.675,11.29,0.64,0,0.0698,0
2026-06-12 11:00:00,TX-GAMMA-03,73.75,56.92,71.31,2.3,15.7,0.65,0,0.0544,0
2026-06-12 12:00:00,TX-GAMMA-03,78.63,66.93,82.61,2.353,23.45,0.39,0,0.2603,0
2026-06-12 13:00:00,TX-GAMMA-03,74.43,68.85,84.01,2.615,11.77,1.44,0,0.2967,0
2026-06-12 14:00:00,TX-GAMMA-03,77.17,68.38,83.34,2.492,17.9,1.0,0,0.3238,0
2026-06-12 15:00:00,TX-GAMMA-03,66.3,65.11,78.53,2.257,11.44,0.59,0,0.3142,0
2026-06-12 16:00:00,TX-GAMMA-03,62.92,62.09,74.59,2.668,44.98,0.79,0,0.22,0
2026-06-12 17:00:00,TX-GAMMA-03,51.9,53.37,63.78,2.237,35.55,1.71,0,0.1625,0
2026-06-12 18:00:00,TX-GAMMA-03,53.31,55.94,64.26,2.19,12.98,1.02,0,0.1782,0
2026-06-12 19:00:00,TX-GAMMA-03,61.24,50.27,59.66,2.333,10.73,0.53,0,0.1409,0
2026-06-12 20:00:00,TX-GAMMA-03,62.56,47.33,60.41,2.314,22.54,0.33,0,0.0378,0
2026-06-12 21:00:00,TX-GAMMA-03,64.21,48.76,62.07,2.568,15.14,0.74,0,0.1312,0
2026-06-12 22:00:00,TX-GAMMA-03,75.68,47.76,63.16,8.456,22.49,0.39,0,0.305,1
2026-06-12 23:00:00,TX-GAMMA-03,81.0,49.66,68.76,2.588,24.57,1.43,0,0.3048,0
2026-06-13 00:00:00,TX-GAMMA-03,79.99,49.22,65.82,2.488,20.92,1.25,0,0.1635,0
2026-06-13 01:00:00,TX-GAMMA-03,79.16,43.44,58.94,2.42,13.46,0.78,0,0.1057,0
2026-06-13 02:00:00,TX-GAMMA-03,79.44,42.79,59.96,2.856,15.87,0.69,0,0.2058,0
2026-06-13 03:00:00,TX-GAMMA-03,69.38,41.73,55.6,2.344,19.71,0.76,0,0.0583,0
2026-06-13 04:00:00,TX-GAMMA-03,63.88,37.41,49.72,2.23,18.41,0.38,0,0.2412,0
2026-06-13 05:00:00,TX-GAMMA-03,61.54,36.84,47.81,2.645,12.51,3.08,0,0.1514,0
2026-06-13 06:00:00,TX-GAMMA-03,54.41,44.62,54.75,2.048,27.08,0.57,0,0.0769,0
2026-06-13 07:00:00,TX-GAMMA-03,53.1,43.84,52.08,1.935,15.17,0.34,0,0.1282,0
2026-06-13 08:00:00,TX-GAMMA-03,61.87,47.53,57.68,2.112,11.2,0.77,0,0.0284,0
2026-06-13 09:00:00,TX-GAMMA-03,76.21,55.07,71.27,2.587,20.94,1.33,0,0.1155,0
2026-06-13 10:00:00,TX-GAMMA-03,64.05,53.11,65.54,2.56,54.97,0.27,0,0.1218,0
2026-06-13 11:00:00,TX-GAMMA-03,77.14,59.57,76.51,2.415,10.38,0.26,0,0.1436,0
2026-06-13 12:00:00,TX-GAMMA-03,81.59,64.35,83.55,2.581,36.75,1.98,0,0.3148,0
2026-06-13 13:00:00,TX-GAMMA-03,77.19,63.03,78.91,2.792,28.94,0.85,0,0.1608,0
2026-06-13 14:00:00,TX-GAMMA-03,74.91,64.93,81.64,2.339,51.81,1.35,0,0.3326,0
2026-06-13 15:00:00,TX-GAMMA-03,63.55,55.98,68.04,2.418,24.64,0.97,0,0.0318,0
2026-06-13 16:00:00,TX-GAMMA-03,133.83,57.67,98.09,2.312,11.25,0.88,1,0.9882,1
2026-06-13 17:00:00,TX-GAMMA-03,54.35,56.43,66.39,2.366,18.3,0.35,0,0.2395,0
2026-06-13 18:00:00,TX-GAMMA-03,59.95,56.6,67.75,2.206,20.86,0.23,0,0.0941,0
2026-06-13 19:00:00,TX-GAMMA-03,56.05,51.98,61.46,2.291,12.66,1.96,0,0.1034,0
2026-06-13 20:00:00,TX-GAMMA-03,64.68,51.6,64.33,2.195,19.62,1.5,0,0.042,0
2026-06-13 21:00:00,TX-GAMMA-03,63.42,44.01,55.01,2.576,258.27,40.25,1,0.7966,1
2026-06-13 22:00:00,TX-GAMMA-03,77.64,47.49,65.85,2.793,16.4,0.23,0,0.1291,0
2026-06-13 23:00:00,TX-GAMMA-03,81.92,48.8,65.1,2.957,30.65,0.59,0,0.2245,0
2026-06-14 00:00:00,TX-GAMMA-03,75.83,45.77,61.38,2.304,37.02,1.63,0,0.1066,0
2026-06-14 01:00:00,TX-GAMMA-03,72.02,44.29,59.06,2.358,13.47,0.36,0,0.0633,0
2026-06-14 02:00:00,TX-GAMMA-03,68.42,37.96,50.53,2.444,23.37,0.22,0,0.08,0
2026-06-14 03:00:00,TX-GAMMA-03,67.84,41.39,55.36,2.323,21.64,0.66,0,0.0341,0
2026-06-14 04:00:00,TX-GAMMA-03,64.21,40.04,51.76,2.466,15.14,1.49,0,0.0712,0
2026-06-14 05:00:00,TX-GAMMA-03,123.54,43.41,80.53,2.21,10.53,0.55,1,0.8323,1
2026-06-14 06:00:00,TX-GAMMA-03,61.67,40.44,51.66,2.007,12.79,0.73,0,0.0734,0
2026-06-14 07:00:00,TX-GAMMA-03,49.81,45.83,54.79,2.216,28.0,1.22,0,0.2386,0
2026-06-14 08:00:00,TX-GAMMA-03,66.09,51.66,63.03,2.316,20.57,4.89,0,0.1361,0
2026-06-14 09:00:00,TX-GAMMA-03,65.54,54.23,68.62,2.734,47.01,3.03,0,0.3332,0
2026-06-14 10:00:00,TX-GAMMA-03,76.79,57.02,73.39,2.683,65.51,0.7,0,0.1824,0
2026-06-14 11:00:00,TX-GAMMA-03,72.89,60.33,73.64,2.484,17.79,0.81,0,0.0694,0
2026-06-14 12:00:00,TX-GAMMA-03,81.99,65.52,80.02,2.946,30.24,1.31,0,0.2987,0
2026-06-14 13:00:00,TX-GAMMA-03,76.3,64.9,80.22,2.558,21.56,0.93,0,0.1999,0
2026-06-14 14:00:00,TX-GAMMA-03,75.0,66.48,82.54,2.709,32.1,0.39,0,0.2293,0
2026-06-14 15:00:00,TX-GAMMA-03,127.63,58.0,97.78,2.819,16.12,1.42,1,0.9378,1
2026-06-14 16:00:00,TX-GAMMA-03,60.98,56.96,67.26,2.334,16.28,0.38,0,0.2492,0
2026-06-14 17:00:00,TX-GAMMA-03,61.54,52.4,62.48,2.276,14.65,0.73,0,0.0248,0
2026-06-14 18:00:00,TX-GAMMA-03,54.99,52.0,61.48,1.914,14.62,1.55,0,0.1468,0
2026-06-14 19:00:00,TX-GAMMA-03,53.1,47.33,55.37,2.402,43.07,1.21,0,0.1116,0
2026-06-14 20:00:00,TX-GAMMA-03,53.48,48.87,56.8,2.22,32.07,2.52,0,0.2495,0
2026-06-14 21:00:00,TX-GAMMA-03,58.69,49.13,60.25,2.088,12.94,0.21,0,0.0878,0
2026-06-14 22:00:00,TX-GAMMA-03,76.49,44.34,59.69,3.138,25.4,0.82,0,0.115,0
2026-06-14 23:00:00,TX-GAMMA-03,77.99,72.99,96.29,2.52,11.17,0.34,1,0.6053,1
2026-06-15 00:00:00,TX-GAMMA-03,75.79,40.47,56.83,2.728,13.75,0.54,0,0.0761,0
2026-06-15 01:00:00,TX-GAMMA-03,77.8,48.41,64.43,2.632,25.27,3.35,0,0.2164,0
2026-06-15 02:00:00,TX-GAMMA-03,78.22,43.75,59.22,2.359,12.66,0.26,0,0.062,0
2026-06-15 03:00:00,TX-GAMMA-03,58.15,40.52,50.54,2.293,10.34,0.22,0,0.1036,0
2026-06-15 04:00:00,TX-GAMMA-03,61.61,34.85,46.63,2.289,21.48,2.01,0,0.1428,0
2026-06-15 05:00:00,TX-GAMMA-03,57.24,38.8,48.34,2.1,21.25,0.6,0,0.1406,0
2026-06-15 06:00:00,TX-GAMMA-03,52.84,41.33,49.66,2.141,73.52,1.41,0,0.2233,0
2026-06-15 07:00:00,TX-GAMMA-03,52.16,44.13,52.88,1.923,43.42,0.33,0,0.1816,0
2026-06-15 08:00:00,TX-GAMMA-03,50.83,48.03,56.91,2.108,14.13,2.23,0,0.246,0
2026-06-15 09:00:00,TX-GAMMA-03,75.54,55.5,72.8,2.665,52.51,0.82,0,0.158,0
2026-06-15 10:00:00,TX-GAMMA-03,78.98,60.26,77.21,2.676,42.3,1.02,0,0.156,0
2026-06-15 11:00:00,TX-GAMMA-03,69.38,57.78,72.07,2.583,20.22,0.83,0,0.0311,0
2026-06-15 12:00:00,TX-GAMMA-03,77.29,63.77,79.78,2.601,25.36,0.85,0,0.1106,0
2026-06-15 13:00:00,TX-GAMMA-03,82.52,68.4,85.95,2.49,33.24,0.25,0,0.3663,0
2026-06-15 14:00:00,TX-GAMMA-03,73.83,58.15,73.69,2.923,16.75,0.45,0,0.0944,0
2026-06-15 15:00:00,TX-GAMMA-03,65.35,59.94,71.26,2.446,20.61,0.6,0,0.0755,0
2026-06-15 16:00:00,TX-GAMMA-03,52.87,56.82,64.62,2.435,18.25,2.61,0,0.2051,0
2026-06-15 17:00:00,TX-GAMMA-03,57.2,57.1,68.97,2.4,41.07,0.75,0,0.1013,0
2026-06-15 18:00:00,TX-GAMMA-03,46.61,44.8,51.12,1.98,57.66,0.27,1,0.4006,0
2026-06-15 19:00:00,TX-GAMMA-03,50.6,50.12,58.17,2.284,18.92,3.92,0,0.3404,0
2026-06-15 20:00:00,TX-GAMMA-03,64.03,51.9,65.44,2.718,27.21,0.99,0,0.1673,0
2026-06-15 21:00:00,TX-GAMMA-03,71.44,50.55,63.83,2.673,15.09,0.56,0,0.0462,0
2026-06-15 22:00:00,TX-GAMMA-03,72.43,69.22,92.86,2.39,18.1,1.26,1,0.6389,1
2026-06-15 23:00:00,TX-GAMMA-03,76.37,46.09,61.33,2.685,11.5,1.46,0,0.1565,0
2026-06-16 00:00:00,TX-GAMMA-03,71.5,42.16,55.46,2.457,31.13,0.54,0,0.0227,0
2026-06-16 01:00:00,TX-GAMMA-03,79.56,47.93,63.62,2.818,21.73,1.75,0,0.3127,0
2026-06-16 02:00:00,TX-GAMMA-03,72.01,39.12,53.54,2.733,32.72,2.62,0,0.2335,0
2026-06-16 03:00:00,TX-GAMMA-03,66.38,36.1,47.95,2.55,23.02,0.8,0,0.1823,0
2026-06-16 04:00:00,TX-GAMMA-03,61.67,38.07,49.08,2.004,38.69,3.03,0,0.156,0
2026-06-16 05:00:00,TX-GAMMA-03,51.93,41.11,48.62,2.197,20.14,0.89,0,0.1365,0
2026-06-16 06:00:00,TX-GAMMA-03,57.29,45.35,54.61,2.39,20.81,0.84,0,0.0309,0
2026-06-16 07:00:00,TX-GAMMA-03,58.51,47.91,57.96,2.412,13.41,0.4,0,0.0554,0
2026-06-16 08:00:00,TX-GAMMA-03,53.56,51.19,59.85,1.856,34.83,0.42,0,0.2012,0
2026-06-16 09:00:00,TX-GAMMA-03,67.47,49.25,62.23,2.606,25.31,1.1,0,0.0051,0
2026-06-16 10:00:00,TX-GAMMA-03,73.61,57.67,71.89,2.333,47.0,0.51,0,0.1074,0
2026-06-16 11:00:00,TX-GAMMA-03,71.63,59.56,74.45,2.544,23.3,1.21,0,0.0488,0
2026-06-16 12:00:00,TX-GAMMA-03,73.38,57.8,73.04,1.985,47.39,0.26,0,0.1464,0
2026-06-16 13:00:00,TX-GAMMA-03,73.66,59.7,74.63,2.475,17.19,0.22,0,0.0839,0
2026-06-16 14:00:00,TX-GAMMA-03,77.66,65.9,82.15,2.525,43.03,1.51,0,0.2361,0
2026-06-16 15:00:00,TX-GAMMA-03,69.23,60.66,74.51,2.402,11.84,0.23,0,0.0614,0
2026-06-16 16:00:00,TX-GAMMA-03,58.67,58.45,67.72,2.541,19.02,1.12,0,0.1377,0
2026-06-16 17:00:00,TX-GAMMA-03,58.2,56.18,67.79,1.92,16.87,1.28,0,0.1507,0
2026-06-16 18:00:00,TX-GAMMA-03,52.65,52.02,61.36,2.166,16.11,0.55,0,0.2119,0
2026-06-16 19:00:00,TX-GAMMA-03,56.29,54.55,63.52,2.156,14.27,3.26,0,0.24,0
2026-06-16 20:00:00,TX-GAMMA-03,66.01,50.03,64.02,2.062,10.55,1.77,0,0.0695,0
2026-06-16 21:00:00,TX-GAMMA-03,65.11,45.16,57.38,2.539,19.82,1.66,0,0.0206,0
2026-06-16 22:00:00,TX-GAMMA-03,68.07,43.84,57.8,2.605,33.7,1.37,0,0.0272,0
2026-06-16 23:00:00,TX-GAMMA-03,75.81,49.12,63.09,2.398,20.36,0.33,0,0.0873,0
2026-06-17 00:00:00,TX-GAMMA-03,77.27,47.05,62.9,2.652,19.98,0.5,0,0.0793,0
2026-06-17 01:00:00,TX-GAMMA-03,85.58,43.65,62.28,2.912,34.66,1.76,0,0.2746,0
2026-06-17 02:00:00,TX-GAMMA-03,78.06,44.66,61.16,2.861,33.27,0.42,0,0.0843,0
2026-06-17 03:00:00,TX-GAMMA-03,64.79,38.33,49.5,2.284,10.27,2.11,0,0.2362,0
2026-06-17 04:00:00,TX-GAMMA-03,68.09,39.63,52.95,2.446,61.0,0.91,0,0.1084,0
2026-06-17 05:00:00,TX-GAMMA-03,54.13,49.49,59.15,2.211,33.88,0.25,0,0.1665,0
2026-06-17 06:00:00,TX-GAMMA-03,65.05,43.09,53.91,2.344,29.68,0.71,0,0.0735,0
2026-06-17 07:00:00,TX-GAMMA-03,54.57,50.32,58.92,1.95,13.62,1.08,0,0.1535,0
2026-06-17 08:00:00,TX-GAMMA-03,59.63,48.93,60.07,2.064,16.8,0.54,0,0.1007,0
2026-06-17 09:00:00,TX-GAMMA-03,71.05,52.34,66.8,2.352,49.16,1.29,0,0.0725,0
2026-06-17 10:00:00,TX-GAMMA-03,68.18,54.8,65.14,2.271,29.06,4.19,0,0.1454,0
2026-06-17 11:00:00,TX-GAMMA-03,77.66,58.81,76.38,2.612,13.71,0.83,0,0.1409,0
2026-06-17 12:00:00,TX-GAMMA-03,75.48,63.64,77.86,2.59,16.29,2.07,0,0.1136,0
2026-06-17 13:00:00,TX-GAMMA-03,79.21,65.9,83.43,2.643,20.85,0.48,0,0.3108,0
2026-06-17 14:00:00,TX-GAMMA-03,70.04,61.23,75.85,2.337,16.21,0.4,0,0.074,0
2026-06-17 15:00:00,TX-GAMMA-03,69.08,61.42,76.33,2.509,17.88,0.48,0,0.2503,0
2026-06-01 00:00:00,TX-DELTA-04,84.13,45.05,58.92,2.63,10.92,0.69,0,0.2023,0
2026-06-01 01:00:00,TX-DELTA-04,69.95,36.41,48.76,2.653,12.5,0.89,0,0.1158,0
2026-06-01 02:00:00,TX-DELTA-04,72.71,33.6,46.14,2.365,22.5,0.38,0,0.2152,0
2026-06-01 03:00:00,TX-DELTA-04,67.47,32.5,44.48,2.189,22.63,1.05,0,0.1981,0
2026-06-01 04:00:00,TX-DELTA-04,65.76,34.71,45.43,2.597,11.31,0.67,0,0.2054,0
2026-06-01 05:00:00,TX-DELTA-04,53.75,38.89,45.57,2.139,29.45,1.47,0,0.1978,0
2026-06-01 06:00:00,TX-DELTA-04,55.08,38.67,47.43,2.035,13.04,2.18,0,0.1668,0
2026-06-01 07:00:00,TX-DELTA-04,56.91,46.91,56.42,2.244,15.99,1.77,0,0.0722,0
2026-06-01 08:00:00,TX-DELTA-04,56.73,46.5,54.15,2.311,64.44,0.99,0,0.1351,0
2026-06-01 09:00:00,TX-DELTA-04,69.91,53.03,64.73,2.328,21.2,0.61,0,0.1711,0
2026-06-01 10:00:00,TX-DELTA-04,72.41,50.3,62.74,2.493,12.58,0.42,0,0.033,0
2026-06-01 11:00:00,TX-DELTA-04,78.12,56.46,70.07,2.843,23.54,1.54,0,0.1413,0
2026-06-01 12:00:00,TX-DELTA-04,75.72,55.49,68.85,2.254,28.43,2.43,0,0.096,0
2026-06-01 13:00:00,TX-DELTA-04,77.03,56.45,70.01,2.757,14.63,0.42,0,0.1434,0
2026-06-01 14:00:00,TX-DELTA-04,76.86,60.68,74.98,2.537,21.16,0.99,0,0.1257,0
2026-06-01 15:00:00,TX-DELTA-04,60.29,52.78,61.4,2.444,25.39,0.72,0,0.1876,0
2026-06-01 16:00:00,TX-DELTA-04,60.55,47.96,55.17,2.396,11.41,1.42,0,0.1774,0
2026-06-01 17:00:00,TX-DELTA-04,49.6,50.64,58.82,2.475,30.78,0.46,0,0.2689,0
2026-06-01 18:00:00,TX-DELTA-04,56.02,48.21,56.26,2.086,19.98,1.65,0,0.1166,0
2026-06-01 19:00:00,TX-DELTA-04,55.61,45.9,54.97,2.034,30.65,1.06,0,0.0995,0
2026-06-01 20:00:00,TX-DELTA-04,58.72,45.87,55.21,2.146,38.06,1.19,0,0.0495,0
2026-06-01 21:00:00,TX-DELTA-04,63.11,40.35,50.21,2.58,10.55,0.94,0,0.1198,0
2026-06-01 22:00:00,TX-DELTA-04,71.46,40.21,52.46,2.393,18.69,1.27,0,0.0654,0
2026-06-01 23:00:00,TX-DELTA-04,78.99,44.02,58.8,2.454,18.87,1.73,0,0.0692,0
2026-06-02 00:00:00,TX-DELTA-04,83.49,40.73,54.67,2.46,31.38,1.41,0,0.1583,0
2026-06-02 01:00:00,TX-DELTA-04,80.21,40.43,56.47,2.561,16.08,0.26,0,0.1541,0
2026-06-02 02:00:00,TX-DELTA-04,72.97,40.68,53.9,2.685,27.17,0.3,0,0.1302,0
2026-06-02 03:00:00,TX-DELTA-04,68.46,34.4,45.72,2.599,30.11,0.5,0,0.1703,0
2026-06-02 04:00:00,TX-DELTA-04,57.69,40.02,48.12,2.308,16.09,0.31,0,0.1197,0
2026-06-02 05:00:00,TX-DELTA-04,59.68,39.11,46.97,2.257,11.26,0.44,0,0.1193,0
2026-06-02 06:00:00,TX-DELTA-04,54.11,39.07,46.69,2.062,22.81,1.91,0,0.2324,0
2026-06-02 07:00:00,TX-DELTA-04,53.9,41.06,48.15,2.577,16.95,0.26,0,0.149,0
2026-06-02 08:00:00,TX-DELTA-04,65.08,65.0,84.06,2.224,11.03,0.56,0,0.3723,1
2026-06-02 09:00:00,TX-DELTA-04,67.57,47.55,56.79,2.312,22.99,0.33,0,0.0988,0
2026-06-02 10:00:00,TX-DELTA-04,71.14,51.97,63.3,2.432,10.08,0.99,0,0.0212,0
2026-06-02 11:00:00,TX-DELTA-04,83.59,56.0,71.15,2.059,21.72,1.08,0,0.1659,0
2026-06-02 12:00:00,TX-DELTA-04,75.96,57.53,70.64,2.51,35.78,0.78,0,0.0446,0
2026-06-02 13:00:00,TX-DELTA-04,82.39,63.75,78.71,2.716,11.06,0.24,0,0.2874,0
2026-06-02 14:00:00,TX-DELTA-04,80.61,59.37,75.69,2.65,13.71,1.22,0,0.1137,0
2026-06-02 15:00:00,TX-DELTA-04,65.27,56.19,67.11,2.703,20.41,0.31,0,0.1934,0
2026-06-02 16:00:00,TX-DELTA-04,60.2,49.82,57.92,2.357,25.73,0.62,0,0.1796,0
2026-06-02 17:00:00,TX-DELTA-04,50.82,48.86,54.81,2.389,41.95,1.2,0,0.3577,0
2026-06-02 18:00:00,TX-DELTA-04,55.96,52.59,59.76,2.177,17.4,2.03,0,0.1318,0
2026-06-02 19:00:00,TX-DELTA-04,50.92,44.77,53.4,2.034,27.2,0.32,0,0.1906,0
2026-06-02 20:00:00,TX-DELTA-04,60.46,40.62,51.05,2.06,446.92,45.29,1,0.9692,1
2026-06-02 21:00:00,TX-DELTA-04,67.35,62.0,81.06,2.422,53.87,2.63,1,0.4942,1
2026-06-02 22:00:00,TX-DELTA-04,73.72,42.6,55.01,2.713,10.75,0.26,0,0.0705,0
2026-06-02 23:00:00,TX-DELTA-04,75.65,38.41,51.49,2.798,31.81,1.61,0,0.2044,0
2026-06-03 00:00:00,TX-DELTA-04,83.1,43.61,59.87,3.019,11.72,2.26,0,0.2186,0
2026-06-03 01:00:00,TX-DELTA-04,70.12,38.52,50.85,2.013,17.17,0.7,0,0.1246,0
2026-06-03 02:00:00,TX-DELTA-04,74.54,39.68,53.12,2.284,17.13,0.49,0,0.0668,0
2026-06-03 03:00:00,TX-DELTA-04,72.11,36.28,48.42,2.661,28.86,0.45,0,0.1564,0
2026-06-03 04:00:00,TX-DELTA-04,58.74,39.89,47.57,2.287,34.3,0.22,0,0.1383,0
2026-06-03 05:00:00,TX-DELTA-04,59.98,40.5,49.91,1.823,10.82,0.83,0,0.127,0
2026-06-03 06:00:00,TX-DELTA-04,60.18,36.96,45.49,2.087,21.71,0.22,0,0.1731,0
2026-06-03 07:00:00,TX-DELTA-04,54.45,43.99,51.76,1.848,12.08,0.55,0,0.1518,0
2026-06-03 08:00:00,TX-DELTA-04,59.21,44.56,52.26,2.167,16.05,1.24,0,0.2056,0
2026-06-03 09:00:00,TX-DELTA-04,69.44,48.53,58.23,2.276,19.33,0.55,0,0.0293,0
2026-06-03 10:00:00,TX-DELTA-04,72.71,51.01,62.21,2.073,48.14,0.24,0,0.1454,0
2026-06-03 11:00:00,TX-DELTA-04,80.06,58.51,73.3,2.572,29.76,4.74,0,0.2883,0
2026-06-03 12:00:00,TX-DELTA-04,79.7,62.58,77.14,2.968,15.63,2.01,0,0.2249,0
2026-06-03 13:00:00,TX-DELTA-04,79.29,57.22,71.2,6.967,10.4,2.52,0,0.372,1
2026-06-03 14:00:00,TX-DELTA-04,131.03,53.79,93.62,2.743,12.15,0.93,1,0.975,1
2026-06-03 15:00:00,TX-DELTA-04,63.09,51.55,61.68,2.402,30.03,0.51,0,0.1286,0
2026-06-03 16:00:00,TX-DELTA-04,64.03,51.76,61.67,2.345,30.36,1.22,0,0.1159,0
2026-06-03 17:00:00,TX-DELTA-04,62.36,49.66,59.35,2.506,40.45,0.67,0,0.1529,0
2026-06-03 18:00:00,TX-DELTA-04,54.52,51.57,58.63,2.425,16.97,0.75,0,0.1205,0
2026-06-03 19:00:00,TX-DELTA-04,60.22,43.01,51.44,2.303,20.69,0.81,0,0.1256,0
2026-06-03 20:00:00,TX-DELTA-04,62.14,40.96,50.26,2.315,18.78,1.09,0,0.1362,0
2026-06-03 21:00:00,TX-DELTA-04,59.84,43.57,53.18,2.347,20.82,0.34,0,0.0656,0
2026-06-03 22:00:00,TX-DELTA-04,73.27,40.32,51.73,2.928,17.47,0.42,0,0.1583,0
2026-06-03 23:00:00,TX-DELTA-04,77.45,43.1,56.2,2.741,42.45,0.61,0,0.0936,0
2026-06-04 00:00:00,TX-DELTA-04,75.48,36.02,49.08,2.293,14.11,3.39,0,0.266,0
2026-06-04 01:00:00,TX-DELTA-04,76.16,39.57,52.43,2.88,16.64,1.5,0,0.2403,0
2026-06-04 02:00:00,TX-DELTA-04,80.74,40.87,56.09,2.714,27.34,0.56,0,0.1629,0
2026-06-04 03:00:00,TX-DELTA-04,70.68,34.96,47.52,2.402,10.77,0.73,0,0.1337,0
2026-06-04 04:00:00,TX-DELTA-04,61.92,31.79,41.82,2.605,10.16,0.67,0,0.2672,0
2026-06-04 05:00:00,TX-DELTA-04,57.46,37.91,46.0,2.163,15.97,0.57,0,0.1594,0
2026-06-04 06:00:00,TX-DELTA-04,65.18,35.59,45.67,2.253,13.84,0.74,0,0.1757,0
2026-06-04 07:00:00,TX-DELTA-04,55.13,43.4,50.97,1.794,102.47,1.24,0,0.3152,0
2026-06-04 08:00:00,TX-DELTA-04,58.5,45.09,53.16,2.279,11.22,0.57,0,0.0722,0
2026-06-04 09:00:00,TX-DELTA-04,70.6,48.51,61.07,2.349,13.09,0.36,0,0.0068,0
2026-06-04 10:00:00,TX-DELTA-04,80.94,54.15,68.44,2.453,13.87,1.98,0,0.2378,0
2026-06-04 11:00:00,TX-DELTA-04,78.77,53.44,66.31,2.777,21.48,0.68,0,0.1218,0
2026-06-04 12:00:00,TX-DELTA-04,79.89,61.98,76.18,2.627,38.67,1.1,0,0.172,0
2026-06-04 13:00:00,TX-DELTA-04,72.87,56.72,69.71,2.55,11.51,0.69,0,0.0455,0
2026-06-04 14:00:00,TX-DELTA-04,73.08,54.05,65.3,2.684,23.77,0.7,0,0.1261,0
2026-06-04 15:00:00,TX-DELTA-04,68.95,53.2,63.67,2.37,19.42,0.61,0,0.104,0
2026-06-04 16:00:00,TX-DELTA-04,55.49,53.38,60.62,2.276,10.82,1.08,0,0.1489,0
2026-06-04 17:00:00,TX-DELTA-04,56.2,49.51,56.78,2.505,18.0,0.82,0,0.0722,0
2026-06-04 18:00:00,TX-DELTA-04,56.21,56.28,64.02,2.133,21.06,0.5,0,0.2191,0
2026-06-04 19:00:00,TX-DELTA-04,59.01,48.52,56.64,2.521,41.78,0.22,0,0.1767,0
2026-06-04 20:00:00,TX-DELTA-04,63.02,39.78,48.08,2.49,10.27,0.89,0,0.1851,0
2026-06-04 21:00:00,TX-DELTA-04,70.95,43.32,56.34,2.563,30.74,1.79,0,0.0434,0
2026-06-04 22:00:00,TX-DELTA-04,70.61,42.39,54.14,2.428,20.14,4.57,0,0.1585,0
2026-06-04 23:00:00,TX-DELTA-04,80.05,39.98,54.29,2.786,19.45,0.44,0,0.131,0
2026-06-05 00:00:00,TX-DELTA-04,82.08,40.89,54.67,2.605,42.91,0.87,0,0.2157,0
2026-06-05 01:00:00,TX-DELTA-04,78.52,37.89,52.61,2.482,10.12,2.68,0,0.1994,0
2026-06-05 02:00:00,TX-DELTA-04,79.17,39.37,53.18,2.492,18.54,0.35,0,0.2098,0
2026-06-05 03:00:00,TX-DELTA-04,67.46,37.19,49.19,2.463,12.53,1.14,0,0.1059,0
2026-06-05 04:00:00,TX-DELTA-04,64.94,32.39,40.78,2.23,28.39,1.43,0,0.2719,0
2026-06-05 05:00:00,TX-DELTA-04,62.24,31.78,42.93,2.429,10.98,2.64,0,0.2961,0
2026-06-05 06:00:00,TX-DELTA-04,58.14,38.85,46.91,2.47,12.75,0.89,0,0.1029,0
2026-06-05 07:00:00,TX-DELTA-04,47.07,38.61,45.35,2.053,23.89,0.31,1,0.4188,0
2026-06-05 08:00:00,TX-DELTA-04,65.2,41.49,52.0,2.299,14.79,1.15,0,0.2416,0
2026-06-05 09:00:00,TX-DELTA-04,68.08,47.01,57.96,2.623,38.43,0.53,0,0.0833,0
2026-06-05 10:00:00,TX-DELTA-04,76.68,52.49,66.77,2.577,41.44,0.49,0,0.0671,0
2026-06-05 11:00:00,TX-DELTA-04,80.67,55.59,69.09,2.804,18.03,0.32,0,0.1433,0
2026-06-05 12:00:00,TX-DELTA-04,81.79,57.41,71.05,2.432,26.77,0.59,0,0.1237,0
2026-06-05 13:00:00,TX-DELTA-04,77.45,59.84,71.93,2.683,43.76,0.38,0,0.13,0
2026-06-05 14:00:00,TX-DELTA-04,73.17,54.07,66.86,2.815,18.31,2.9,0,0.1972,0
2026-06-05 15:00:00,TX-DELTA-04,70.0,56.3,67.7,2.617,15.21,0.63,0,0.1408,0
2026-06-05 16:00:00,TX-DELTA-04,56.46,54.07,63.62,2.134,17.99,0.77,0,0.1043,0
2026-06-05 17:00:00,TX-DELTA-04,53.26,52.66,59.49,2.473,24.98,0.64,0,0.1397,0
2026-06-05 18:00:00,TX-DELTA-04,53.76,50.83,59.13,2.153,36.65,1.17,0,0.1113,0
2026-06-05 19:00:00,TX-DELTA-04,48.64,44.49,50.99,2.18,23.99,1.15,0,0.3139,0
2026-06-05 20:00:00,TX-DELTA-04,65.63,41.6,52.53,2.257,15.82,0.35,0,0.0804,0
2026-06-05 21:00:00,TX-DELTA-04,74.19,43.79,55.66,2.414,19.21,0.43,0,0.066,0
2026-06-05 22:00:00,TX-DELTA-04,75.3,40.04,52.81,2.829,205.3,38.6,1,0.8251,1
2026-06-05 23:00:00,TX-DELTA-04,77.69,41.34,55.93,2.527,15.55,0.32,0,0.1384,0
2026-06-06 00:00:00,TX-DELTA-04,80.11,39.85,53.42,2.798,72.95,0.8,0,0.2425,0
2026-06-06 01:00:00,TX-DELTA-04,87.02,38.94,54.48,2.806,15.56,0.63,0,0.2817,0
2026-06-06 02:00:00,TX-DELTA-04,68.73,33.43,45.09,2.348,12.98,0.42,0,0.2004,0
2026-06-06 03:00:00,TX-DELTA-04,63.61,31.43,40.27,2.274,12.97,0.62,0,0.2669,0
2026-06-06 04:00:00,TX-DELTA-04,61.59,32.47,40.52,2.454,39.67,0.58,0,0.2658,0
2026-06-06 05:00:00,TX-DELTA-04,57.35,41.11,48.64,2.246,13.92,1.07,0,0.1008,0
2026-06-06 06:00:00,TX-DELTA-04,51.9,36.69,44.44,2.276,30.14,0.32,0,0.2435,0
2026-06-06 07:00:00,TX-DELTA-04,60.32,42.48,52.45,2.453,15.42,0.22,0,0.215,0
2026-06-06 08:00:00,TX-DELTA-04,70.63,45.37,57.11,2.055,17.28,0.55,0,0.0381,0
2026-06-06 09:00:00,TX-DELTA-04,61.92,43.49,51.59,2.285,21.03,0.47,0,0.1333,0
2026-06-06 10:00:00,TX-DELTA-04,75.93,54.9,66.65,2.627,47.13,0.33,0,0.154,0
2026-06-06 11:00:00,TX-DELTA-04,79.8,53.63,66.29,2.958,13.18,2.46,0,0.1575,0
2026-06-06 12:00:00,TX-DELTA-04,75.09,56.27,71.38,2.241,27.27,0.71,0,0.0722,0
2026-06-06 13:00:00,TX-DELTA-04,77.25,58.27,73.39,2.699,17.62,0.41,0,0.0766,0
2026-06-06 14:00:00,TX-DELTA-04,73.25,57.49,70.15,2.245,11.8,1.06,0,0.0719,0
2026-06-06 15:00:00,TX-DELTA-04,63.71,51.84,59.35,2.118,18.51,3.79,0,0.3099,0
2026-06-06 16:00:00,TX-DELTA-04,66.46,49.65,60.53,2.256,16.08,0.88,0,0.0828,0
2026-06-06 17:00:00,TX-DELTA-04,50.6,50.3,56.56,2.236,14.55,1.93,0,0.3739,0
2026-06-06 18:00:00,TX-DELTA-04,54.32,49.33,57.35,2.34,15.25,1.91,0,0.1195,0
2026-06-06 19:00:00,TX-DELTA-04,60.22,46.06,56.04,2.149,15.66,0.68,0,0.0906,0
2026-06-06 20:00:00,TX-DELTA-04,60.36,46.19,55.86,2.352,26.27,2.04,0,0.1707,0
2026-06-06 21:00:00,TX-DELTA-04,62.72,40.76,48.52,2.272,41.06,1.76,0,0.1576,0
2026-06-06 22:00:00,TX-DELTA-04,74.96,41.01,53.95,2.723,15.11,0.48,0,0.0869,0
2026-06-06 23:00:00,TX-DELTA-04,133.13,37.82,74.96,2.544,10.02,1.55,1,0.9122,1
2026-06-07 00:00:00,TX-DELTA-04,126.84,37.67,84.89,2.664,11.6,0.32,1,0.8806,1
2026-06-07 01:00:00,TX-DELTA-04,81.86,38.73,53.68,2.556,373.17,44.86,1,0.9537,1
2026-06-07 02:00:00,TX-DELTA-04,69.16,35.26,47.55,2.377,20.87,1.78,0,0.1085,0
2026-06-07 03:00:00,TX-DELTA-04,57.23,34.82,43.64,2.44,16.79,2.08,0,0.178,0
2026-06-07 04:00:00,TX-DELTA-04,58.56,32.27,41.19,2.439,27.75,0.22,0,0.2632,0
2026-06-07 05:00:00,TX-DELTA-04,60.54,33.39,42.47,2.331,40.35,0.53,0,0.2508,0
2026-06-07 06:00:00,TX-DELTA-04,54.08,41.57,49.88,1.995,35.0,0.73,0,0.1498,0
2026-06-07 07:00:00,TX-DELTA-04,63.49,41.8,50.22,2.634,11.21,0.92,0,0.0941,0
2026-06-07 08:00:00,TX-DELTA-04,57.21,41.72,48.34,2.297,21.1,0.5,0,0.1754,0
2026-06-07 09:00:00,TX-DELTA-04,66.9,45.13,55.89,2.433,42.01,0.62,0,0.1227,0
2026-06-07 10:00:00,TX-DELTA-04,63.78,47.04,56.05,2.356,30.42,0.62,0,0.1265,0
2026-06-07 11:00:00,TX-DELTA-04,82.19,57.38,72.29,2.808,19.58,0.53,0,0.1374,0
2026-06-07 12:00:00,TX-DELTA-04,78.7,58.61,72.14,2.369,19.55,0.86,0,0.1615,0
2026-06-07 13:00:00,TX-DELTA-04,78.41,58.61,71.7,2.567,19.51,0.56,0,0.0846,0
2026-06-07 14:00:00,TX-DELTA-04,78.14,58.6,73.16,2.823,12.14,1.41,0,0.0969,0
2026-06-07 15:00:00,TX-DELTA-04,71.37,54.5,67.29,2.809,21.17,0.2,0,0.098,0
2026-06-07 16:00:00,TX-DELTA-04,69.95,52.94,64.24,2.849,15.39,0.39,0,0.067,0
2026-06-07 17:00:00,TX-DELTA-04,61.15,50.18,59.04,2.034,16.11,1.34,0,0.1564,0
2026-06-07 18:00:00,TX-DELTA-04,57.76,49.4,57.42,2.262,62.33,0.58,0,0.1411,0
2026-06-07 19:00:00,TX-DELTA-04,59.54,49.75,58.68,2.489,26.17,0.26,0,0.0415,0
2026-06-07 20:00:00,TX-DELTA-04,60.46,40.17,50.61,2.418,20.44,0.23,0,0.1368,0
2026-06-07 21:00:00,TX-DELTA-04,71.22,41.65,53.53,2.176,36.62,0.83,0,0.0773,0
2026-06-07 22:00:00,TX-DELTA-04,81.44,43.45,59.69,2.853,29.08,0.4,0,0.1049,0
2026-06-07 23:00:00,TX-DELTA-04,73.86,41.58,55.55,2.701,10.29,0.56,0,0.0628,0
2026-06-08 00:00:00,TX-DELTA-04,81.99,44.18,58.5,2.557,15.11,3.76,0,0.3305,0
2026-06-08 01:00:00,TX-DELTA-04,78.41,37.8,51.55,2.627,53.76,2.29,0,0.1845,0
2026-06-08 02:00:00,TX-DELTA-04,72.5,40.29,52.23,2.61,16.97,2.04,0,0.0756,0
2026-06-08 03:00:00,TX-DELTA-04,65.4,37.23,46.4,2.347,36.02,0.68,0,0.1167,0
2026-06-08 04:00:00,TX-DELTA-04,60.87,33.01,43.41,2.222,11.12,0.49,0,0.2325,0
2026-06-08 05:00:00,TX-DELTA-04,52.87,39.08,47.92,1.805,14.47,0.5,0,0.2479,0
2026-06-08 06:00:00,TX-DELTA-04,49.45,36.19,43.04,2.098,148.3,1.34,1,0.545,0
2026-06-08 07:00:00,TX-DELTA-04,57.48,44.87,53.34,2.345,38.08,0.66,0,0.0766,0
2026-06-08 08:00:00,TX-DELTA-04,54.56,44.79,51.55,2.242,14.38,0.26,0,0.2305,0
2026-06-08 09:00:00,TX-DELTA-04,62.58,45.29,54.4,2.284,86.88,0.7,0,0.1752,0
2026-06-08 10:00:00,TX-DELTA-04,71.5,49.15,62.49,2.695,10.9,0.9,0,0.0521,0
2026-06-08 11:00:00,TX-DELTA-04,86.67,53.9,71.46,2.692,14.96,0.62,0,0.2367,0
2026-06-08 12:00:00,TX-DELTA-04,81.8,60.36,75.13,2.616,25.65,0.35,0,0.1744,0
2026-06-08 13:00:00,TX-DELTA-04,73.96,56.02,69.03,2.571,27.39,0.4,0,0.1154,0
2026-06-08 14:00:00,TX-DELTA-04,72.62,53.57,66.24,2.44,23.23,0.88,0,0.1327,0
2026-06-08 15:00:00,TX-DELTA-04,66.74,58.25,69.78,2.337,424.09,26.72,1,0.9655,1
2026-06-08 16:00:00,TX-DELTA-04,67.1,74.77,93.08,2.344,17.9,0.35,1,0.4237,1
2026-06-08 17:00:00,TX-DELTA-04,49.65,52.08,59.79,1.928,38.57,0.43,0,0.319,0
2026-06-08 18:00:00,TX-DELTA-04,62.86,47.54,57.88,2.133,10.16,0.61,0,0.0543,0
2026-06-08 19:00:00,TX-DELTA-04,56.67,47.43,55.31,2.177,16.69,0.77,0,0.0811,0
2026-06-08 20:00:00,TX-DELTA-04,60.52,42.4,51.41,2.933,13.11,0.91,0,0.1516,0
2026-06-08 21:00:00,TX-DELTA-04,72.04,44.62,57.79,2.564,15.26,1.29,0,0.0679,0
2026-06-08 22:00:00,TX-DELTA-04,68.86,36.62,46.34,2.048,17.95,1.55,0,0.1798,0
2026-06-08 23:00:00,TX-DELTA-04,78.03,42.5,55.61,2.505,31.38,0.32,0,0.0829,0
2026-06-09 00:00:00,TX-DELTA-04,80.13,42.64,56.22,2.493,26.28,1.06,0,0.0874,0
2026-06-09 01:00:00,TX-DELTA-04,75.66,39.96,54.01,2.284,36.53,1.66,0,0.2031,0
2026-06-09 02:00:00,TX-DELTA-04,74.46,36.59,48.67,2.512,41.19,0.52,0,0.1415,0
2026-06-09 03:00:00,TX-DELTA-04,65.3,32.72,44.27,2.396,11.06,0.85,0,0.228,0
2026-06-09 04:00:00,TX-DELTA-04,66.39,39.12,50.8,2.325,10.07,0.4,0,0.0409,0
2026-06-09 05:00:00,TX-DELTA-04,57.98,40.64,50.9,2.29,11.49,0.48,0,0.0499,0
2026-06-09 06:00:00,TX-DELTA-04,55.47,39.09,48.48,2.241,13.37,0.95,0,0.1087,0
2026-06-09 07:00:00,TX-DELTA-04,53.97,40.38,46.81,1.995,21.8,0.5,0,0.2712,0
2026-06-09 08:00:00,TX-DELTA-04,59.63,46.7,56.52,2.215,29.57,1.62,0,0.0578,0
2026-06-09 09:00:00,TX-DELTA-04,63.77,47.52,57.88,2.644,14.53,0.21,0,0.1108,0
2026-06-09 10:00:00,TX-DELTA-04,73.51,51.99,62.45,2.538,14.45,0.46,0,0.0458,0
2026-06-09 11:00:00,TX-DELTA-04,76.46,55.75,70.15,2.712,29.41,1.27,0,0.1143,0
2026-06-09 12:00:00,TX-DELTA-04,82.45,58.24,74.31,2.933,16.82,1.62,0,0.1871,0
2026-06-09 13:00:00,TX-DELTA-04,88.26,55.76,71.69,2.817,23.84,0.24,0,0.2717,0
2026-06-09 14:00:00,TX-DELTA-04,72.31,54.94,67.67,2.664,20.06,0.3,0,0.0715,0
2026-06-09 15:00:00,TX-DELTA-04,69.8,57.1,66.99,2.547,18.7,0.3,0,0.1588,0
2026-06-09 16:00:00,TX-DELTA-04,58.58,59.16,67.7,1.958,39.85,0.22,0,0.2074,0
2026-06-09 17:00:00,TX-DELTA-04,119.42,53.43,90.07,2.365,13.05,0.31,1,0.9021,1
2026-06-09 18:00:00,TX-DELTA-04,53.08,51.1,57.23,2.341,40.79,0.64,0,0.1663,0
2026-06-09 19:00:00,TX-DELTA-04,62.19,43.71,51.65,2.104,21.12,0.21,0,0.1619,0
2026-06-09 20:00:00,TX-DELTA-04,58.37,47.94,57.73,2.347,23.4,0.9,0,0.0019,0
2026-06-09 21:00:00,TX-DELTA-04,69.36,41.19,51.48,2.381,24.35,0.67,0,0.0419,0
2026-06-09 22:00:00,TX-DELTA-04,78.59,45.07,59.71,2.65,30.81,0.84,0,0.0972,0
2026-06-09 23:00:00,TX-DELTA-04,76.86,40.08,53.25,2.662,13.99,0.45,0,0.1441,0
2026-06-10 00:00:00,TX-DELTA-04,74.2,39.33,51.15,2.597,29.69,5.24,0,0.2888,0
2026-06-10 01:00:00,TX-DELTA-04,76.38,34.92,48.41,2.396,10.78,1.35,0,0.2109,0
2026-06-10 02:00:00,TX-DELTA-04,72.27,35.62,48.33,2.337,51.43,1.22,0,0.2358,0
2026-06-10 03:00:00,TX-DELTA-04,67.65,32.53,44.43,2.113,10.76,1.21,0,0.2515,0
2026-06-10 04:00:00,TX-DELTA-04,67.72,34.48,46.76,2.57,15.23,4.05,0,0.24,0
2026-06-10 05:00:00,TX-DELTA-04,58.48,38.14,46.83,2.643,19.68,0.37,0,0.1324,0
2026-06-10 06:00:00,TX-DELTA-04,48.3,38.47,45.6,2.191,14.37,0.8,0,0.328,0
2026-06-10 07:00:00,TX-DELTA-04,60.06,38.3,47.15,2.31,31.84,0.71,0,0.1032,0
2026-06-10 08:00:00,TX-DELTA-04,68.25,66.83,85.17,2.665,25.23,1.96,1,0.4214,1
2026-06-10 09:00:00,TX-DELTA-04,67.31,45.26,55.54,2.375,15.26,0.79,0,0.1087,0
2026-06-10 10:00:00,TX-DELTA-04,69.23,46.79,55.47,2.373,36.43,0.48,0,0.0967,0
2026-06-10 11:00:00,TX-DELTA-04,74.91,57.83,71.15,2.605,12.25,0.78,0,0.0584,0
2026-06-10 12:00:00,TX-DELTA-04,89.73,56.95,74.03,2.611,13.02,1.15,0,0.2548,0
2026-06-10 13:00:00,TX-DELTA-04,78.08,59.04,72.98,2.741,12.36,1.05,0,0.0998,0
2026-06-10 14:00:00,TX-DELTA-04,77.35,57.49,71.48,2.52,18.85,1.05,0,0.0772,0
2026-06-10 15:00:00,TX-DELTA-04,65.13,56.87,67.45,2.404,30.8,0.33,0,0.1109,0
2026-06-10 16:00:00,TX-DELTA-04,59.74,57.22,67.15,2.077,42.56,1.13,0,0.1248,0
2026-06-10 17:00:00,TX-DELTA-04,56.59,53.43,61.72,2.367,24.53,0.86,0,0.0723,0
2026-06-10 18:00:00,TX-DELTA-04,58.36,50.95,60.74,2.35,60.86,1.43,0,0.1152,0
2026-06-10 19:00:00,TX-DELTA-04,51.04,45.48,52.1,1.859,23.36,0.48,0,0.2573,0
2026-06-10 20:00:00,TX-DELTA-04,53.24,40.07,46.29,2.018,19.19,1.28,0,0.2562,0
2026-06-10 21:00:00,TX-DELTA-04,67.05,65.53,85.66,2.467,69.25,0.88,1,0.4334,1
2026-06-10 22:00:00,TX-DELTA-04,68.9,46.28,57.89,2.091,17.05,1.66,0,0.0264,0
2026-06-10 23:00:00,TX-DELTA-04,73.53,42.51,55.36,2.535,64.93,1.38,0,0.0999,0
2026-06-11 00:00:00,TX-DELTA-04,88.54,36.25,53.65,2.622,19.21,0.94,0,0.3137,0
2026-06-11 01:00:00,TX-DELTA-04,76.03,36.67,49.43,2.611,25.47,0.49,0,0.182,0
2026-06-11 02:00:00,TX-DELTA-04,74.27,38.18,49.94,2.501,16.47,0.52,0,0.1093,0
2026-06-11 03:00:00,TX-DELTA-04,67.3,35.08,46.37,2.485,34.16,0.85,0,0.1231,0
2026-06-11 04:00:00,TX-DELTA-04,57.77,39.19,48.5,2.22,46.93,0.32,0,0.1166,0
2026-06-11 05:00:00,TX-DELTA-04,62.79,32.92,40.92,2.243,12.12,0.31,0,0.3315,0
2026-06-11 06:00:00,TX-DELTA-04,59.12,41.05,51.09,1.911,28.26,0.85,0,0.1013,0
2026-06-11 07:00:00,TX-DELTA-04,57.68,42.82,50.17,2.323,11.86,0.49,0,0.1222,0
2026-06-11 08:00:00,TX-DELTA-04,64.58,43.07,51.96,2.351,49.89,1.44,0,0.156,0
2026-06-11 09:00:00,TX-DELTA-04,70.64,50.75,60.92,2.167,13.92,0.61,0,0.0351,0
2026-06-11 10:00:00,TX-DELTA-04,77.66,50.47,64.06,2.721,30.79,1.41,0,0.0678,0
2026-06-11 11:00:00,TX-DELTA-04,78.17,55.16,68.14,2.186,35.56,2.03,0,0.1357,0
2026-06-11 12:00:00,TX-DELTA-04,80.45,60.04,73.8,2.819,33.84,1.37,0,0.1434,0
2026-06-11 13:00:00,TX-DELTA-04,80.27,61.38,73.96,2.496,124.57,0.28,0,0.3435,0
2026-06-11 14:00:00,TX-DELTA-04,66.69,53.54,65.0,2.237,41.63,0.52,0,0.081,0
2026-06-11 15:00:00,TX-DELTA-04,73.05,52.59,64.58,2.855,15.61,0.87,0,0.1146,0
2026-06-11 16:00:00,TX-DELTA-04,62.77,56.24,68.04,2.506,15.9,1.03,0,0.2275,0
2026-06-11 17:00:00,TX-DELTA-04,52.02,55.11,62.85,2.388,19.2,1.35,0,0.3009,0
2026-06-11 18:00:00,TX-DELTA-04,47.01,44.52,51.61,1.849,25.11,0.3,1,0.3763,0
2026-06-11 19:00:00,TX-DELTA-04,49.42,42.04,50.53,1.949,10.63,1.03,0,0.2881,0
2026-06-11 20:00:00,TX-DELTA-04,58.45,50.75,60.21,2.124,18.99,0.8,0,0.1302,0
2026-06-11 21:00:00,TX-DELTA-04,66.04,36.67,47.62,2.349,14.98,0.41,0,0.1233,0
2026-06-11 22:00:00,TX-DELTA-04,77.15,43.88,58.82,2.718,12.1,0.39,0,0.0674,0
2026-06-11 23:00:00,TX-DELTA-04,75.45,43.82,57.65,2.714,12.06,1.27,0,0.1091,0
2026-06-12 00:00:00,TX-DELTA-04,80.05,42.6,56.32,2.577,18.51,0.65,0,0.1544,0
2026-06-12 01:00:00,TX-DELTA-04,83.05,40.21,54.13,2.461,27.79,0.38,0,0.1981,0
2026-06-12 02:00:00,TX-DELTA-04,76.04,40.1,51.62,2.669,24.35,1.38,0,0.139,0
2026-06-12 03:00:00,TX-DELTA-04,71.29,34.04,45.45,2.338,25.62,0.36,0,0.2077,0
2026-06-12 04:00:00,TX-DELTA-04,60.92,32.77,44.07,2.255,35.08,0.25,0,0.2447,0
2026-06-12 05:00:00,TX-DELTA-04,61.33,35.34,45.43,2.549,14.4,1.94,0,0.1707,0
2026-06-12 06:00:00,TX-DELTA-04,53.96,37.35,44.09,2.342,52.44,4.24,1,0.4079,0
2026-06-12 07:00:00,TX-DELTA-04,53.49,39.85,46.56,2.313,23.26,1.2,0,0.2161,0
2026-06-12 08:00:00,TX-DELTA-04,59.62,51.91,62.8,1.783,81.17,0.88,0,0.2312,0
2026-06-12 09:00:00,TX-DELTA-04,63.25,52.84,64.16,2.55,14.93,0.65,0,0.2127,0
2026-06-12 10:00:00,TX-DELTA-04,64.46,50.02,60.78,2.349,29.47,0.3,0,0.0707,0
2026-06-12 11:00:00,TX-DELTA-04,77.2,59.44,71.84,2.199,13.49,2.54,0,0.2106,0
2026-06-12 12:00:00,TX-DELTA-04,82.9,57.21,74.11,2.54,11.76,1.12,0,0.1699,0
2026-06-12 13:00:00,TX-DELTA-04,73.21,54.86,65.26,2.426,72.01,0.49,0,0.1531,0
2026-06-12 14:00:00,TX-DELTA-04,67.21,56.44,67.13,2.625,15.33,1.14,0,0.0742,0
2026-06-12 15:00:00,TX-DELTA-04,65.04,51.38,63.08,2.369,196.51,41.78,1,0.8137,1
2026-06-12 16:00:00,TX-DELTA-04,56.69,50.88,59.56,2.356,11.24,0.5,0,0.1641,0
2026-06-12 17:00:00,TX-DELTA-04,58.09,54.09,63.14,2.311,12.82,3.01,0,0.1266,0
2026-06-12 18:00:00,TX-DELTA-04,60.39,42.01,51.54,2.35,12.53,0.44,0,0.2295,0
2026-06-12 19:00:00,TX-DELTA-04,55.84,46.66,55.14,2.261,11.19,0.6,0,0.0987,0
2026-06-12 20:00:00,TX-DELTA-04,64.86,43.5,52.91,2.224,21.94,2.15,0,0.1639,0
2026-06-12 21:00:00,TX-DELTA-04,64.1,41.89,49.89,2.463,28.39,0.54,0,0.0662,0
2026-06-12 22:00:00,TX-DELTA-04,69.26,38.53,49.92,2.358,12.79,1.83,0,0.1108,0
2026-06-12 23:00:00,TX-DELTA-04,84.68,51.27,66.26,2.528,32.12,1.72,0,0.3045,0
2026-06-13 00:00:00,TX-DELTA-04,83.31,43.41,58.67,2.646,18.57,0.61,0,0.1948,0
2026-06-13 01:00:00,TX-DELTA-04,78.21,34.95,48.11,2.529,15.24,1.01,0,0.1962,0
2026-06-13 02:00:00,TX-DELTA-04,80.1,40.06,54.45,2.922,27.34,0.82,0,0.1648,0
2026-06-13 03:00:00,TX-DELTA-04,64.93,33.26,45.58,2.273,19.55,0.77,0,0.2151,0
2026-06-13 04:00:00,TX-DELTA-04,67.9,37.53,48.06,2.548,30.17,0.61,0,0.107,0
2026-06-13 05:00:00,TX-DELTA-04,54.95,38.85,46.36,2.292,38.4,0.63,0,0.1655,0
2026-06-13 06:00:00,TX-DELTA-04,59.91,39.45,47.62,2.702,12.78,0.49,0,0.1053,0
2026-06-13 07:00:00,TX-DELTA-04,62.64,38.29,49.14,2.542,29.58,0.28,0,0.1267,0
2026-06-13 08:00:00,TX-DELTA-04,69.15,44.5,56.78,2.591,12.0,0.48,0,0.0523,0
2026-06-13 09:00:00,TX-DELTA-04,71.63,46.23,58.94,2.434,33.23,0.62,0,0.0294,0
2026-06-13 10:00:00,TX-DELTA-04,70.45,53.47,65.91,2.575,44.37,0.49,0,0.046,0
2026-06-13 11:00:00,TX-DELTA-04,73.18,53.9,67.19,2.573,12.11,0.3,0,0.0665,0
2026-06-13 12:00:00,TX-DELTA-04,82.9,58.69,73.16,2.468,38.2,0.81,0,0.1865,0
2026-06-13 13:00:00,TX-DELTA-04,70.88,54.42,66.37,2.462,23.36,0.24,0,0.069,0
2026-06-13 14:00:00,TX-DELTA-04,75.64,57.21,71.23,2.357,31.61,1.57,0,0.0684,0
2026-06-13 15:00:00,TX-DELTA-04,66.8,52.5,62.54,2.355,38.05,1.33,0,0.1769,0
2026-06-13 16:00:00,TX-DELTA-04,57.87,53.28,61.66,2.392,51.92,0.8,0,0.2361,0
2026-06-13 17:00:00,TX-DELTA-04,54.0,49.33,56.35,2.247,14.86,0.58,0,0.1623,0
2026-06-13 18:00:00,TX-DELTA-04,53.0,48.43,56.6,2.291,22.81,1.97,0,0.1902,0
2026-06-13 19:00:00,TX-DELTA-04,58.63,45.53,54.91,2.223,30.43,0.9,0,0.1675,0
2026-06-13 20:00:00,TX-DELTA-04,60.22,40.44,47.52,2.398,24.93,0.33,0,0.2212,0
2026-06-13 21:00:00,TX-DELTA-04,73.9,43.06,58.23,2.559,31.45,0.96,0,0.0632,0
2026-06-13 22:00:00,TX-DELTA-04,66.21,39.6,51.9,2.412,10.29,2.05,0,0.0771,0
2026-06-13 23:00:00,TX-DELTA-04,76.05,44.0,56.53,2.661,17.56,1.61,0,0.1212,0
2026-06-14 00:00:00,TX-DELTA-04,78.7,37.95,53.2,2.804,25.49,0.56,0,0.1227,0
2026-06-14 01:00:00,TX-DELTA-04,75.84,38.69,51.52,2.499,63.1,0.36,0,0.1627,0
2026-06-14 02:00:00,TX-DELTA-04,75.59,37.8,51.18,2.547,24.04,0.68,0,0.0705,0
2026-06-14 03:00:00,TX-DELTA-04,69.33,35.47,46.66,2.529,34.19,1.45,0,0.2705,0
2026-06-14 04:00:00,TX-DELTA-04,63.66,36.2,47.24,2.114,15.44,0.7,0,0.1499,0
2026-06-14 05:00:00,TX-DELTA-04,55.16,36.42,43.59,2.29,14.75,0.61,0,0.1959,0
2026-06-14 06:00:00,TX-DELTA-04,60.92,37.24,47.49,2.107,29.69,2.07,0,0.148,0
2026-06-14 07:00:00,TX-DELTA-04,54.09,41.46,48.89,2.622,10.07,0.64,0,0.2072,0
2026-06-14 08:00:00,TX-DELTA-04,58.46,44.44,53.08,1.979,16.93,0.51,0,0.0701,0
2026-06-14 09:00:00,TX-DELTA-04,66.24,52.92,65.16,2.447,12.95,2.11,0,0.1969,0
2026-06-14 10:00:00,TX-DELTA-04,73.35,49.21,62.21,2.373,11.88,0.37,0,0.0465,0
2026-06-14 11:00:00,TX-DELTA-04,78.4,53.83,68.68,3.075,14.3,2.9,0,0.2399,0
2026-06-14 12:00:00,TX-DELTA-04,80.85,56.86,71.85,2.339,37.85,0.73,0,0.1484,0
2026-06-14 13:00:00,TX-DELTA-04,74.51,58.48,73.4,2.47,10.86,0.28,0,0.0616,0
2026-06-14 14:00:00,TX-DELTA-04,75.69,55.63,67.61,2.508,27.55,0.37,0,0.1064,0
2026-06-14 15:00:00,TX-DELTA-04,74.86,58.1,72.17,2.48,21.75,0.25,0,0.0714,0
2026-06-14 16:00:00,TX-DELTA-04,63.88,50.51,58.62,2.568,22.34,0.47,0,0.135,0
2026-06-14 17:00:00,TX-DELTA-04,61.98,47.98,57.61,2.076,11.26,0.9,0,0.1399,0
2026-06-14 18:00:00,TX-DELTA-04,55.36,49.96,58.79,2.009,37.24,0.46,0,0.1376,0
2026-06-14 19:00:00,TX-DELTA-04,56.54,46.86,53.49,2.238,26.32,0.51,0,0.1127,0
2026-06-14 20:00:00,TX-DELTA-04,60.21,42.62,51.67,2.401,22.37,0.26,0,0.0776,0
2026-06-14 21:00:00,TX-DELTA-04,67.89,41.63,52.61,2.611,31.32,0.63,0,0.0553,0
2026-06-14 22:00:00,TX-DELTA-04,73.0,41.11,54.07,3.042,17.82,0.36,0,0.1018,0
2026-06-14 23:00:00,TX-DELTA-04,83.11,41.43,55.99,2.846,10.64,0.38,0,0.208,0
2026-06-15 00:00:00,TX-DELTA-04,78.89,41.82,53.5,2.709,40.26,0.27,0,0.1136,0
2026-06-15 01:00:00,TX-DELTA-04,76.62,36.97,48.3,2.413,30.0,1.34,0,0.1563,0
2026-06-15 02:00:00,TX-DELTA-04,73.59,37.28,51.27,2.5,49.93,1.4,0,0.1275,0
2026-06-15 03:00:00,TX-DELTA-04,71.22,33.65,45.54,2.221,23.22,0.91,0,0.1828,0
2026-06-15 04:00:00,TX-DELTA-04,58.51,39.64,49.21,2.322,26.73,2.74,0,0.1521,0
2026-06-15 05:00:00,TX-DELTA-04,56.97,40.5,47.72,2.143,13.52,0.77,0,0.0987,0
2026-06-15 06:00:00,TX-DELTA-04,59.17,41.4,51.8,2.071,15.26,0.88,0,0.0455,0
2026-06-15 07:00:00,TX-DELTA-04,50.76,42.25,48.39,2.157,20.26,2.02,0,0.2185,0
2026-06-15 08:00:00,TX-DELTA-04,66.36,42.37,53.52,1.979,15.22,1.83,0,0.0836,0
2026-06-15 09:00:00,TX-DELTA-04,69.43,48.16,60.39,2.434,13.44,0.69,0,0.0182,0
2026-06-15 10:00:00,TX-DELTA-04,78.96,54.71,68.64,2.725,25.01,0.33,0,0.0558,0
2026-06-15 11:00:00,TX-DELTA-04,80.23,55.5,69.7,2.418,10.33,3.77,0,0.1964,0
2026-06-15 12:00:00,TX-DELTA-04,75.86,54.26,67.8,3.084,36.6,0.58,0,0.1358,0
2026-06-15 13:00:00,TX-DELTA-04,78.0,57.9,73.13,2.597,27.8,0.77,0,0.2101,0
2026-06-15 14:00:00,TX-DELTA-04,73.48,57.91,69.54,2.807,13.34,3.11,0,0.1984,0
2026-06-15 15:00:00,TX-DELTA-04,70.91,57.31,68.97,2.521,49.23,0.33,0,0.155,0
2026-06-15 16:00:00,TX-DELTA-04,55.4,54.16,61.37,1.994,11.54,0.36,0,0.1413,0
2026-06-15 17:00:00,TX-DELTA-04,49.24,52.86,60.13,2.225,17.15,1.34,1,0.4374,0
2026-06-15 18:00:00,TX-DELTA-04,60.29,44.05,52.62,2.205,13.06,1.95,0,0.1772,0
2026-06-15 19:00:00,TX-DELTA-04,58.26,48.35,56.57,2.216,14.04,4.34,0,0.1702,0
2026-06-15 20:00:00,TX-DELTA-04,62.94,42.39,53.15,2.013,16.86,0.42,0,0.1149,0
2026-06-15 21:00:00,TX-DELTA-04,60.75,42.59,51.21,2.691,12.57,0.34,0,0.1294,0
2026-06-15 22:00:00,TX-DELTA-04,76.21,41.32,53.06,2.765,17.32,0.92,0,0.0973,0
2026-06-15 23:00:00,TX-DELTA-04,79.32,37.08,52.81,2.636,13.15,0.54,0,0.1997,0
2026-06-16 00:00:00,TX-DELTA-04,84.81,43.08,59.92,2.877,68.26,0.26,0,0.3256,0
2026-06-16 01:00:00,TX-DELTA-04,71.71,38.98,51.3,2.559,15.83,0.49,0,0.0756,0
2026-06-16 02:00:00,TX-DELTA-04,66.91,37.05,48.28,2.293,15.33,0.64,0,0.0775,0
2026-06-16 03:00:00,TX-DELTA-04,66.02,37.61,49.37,2.211,27.26,0.97,0,0.0712,0
2026-06-16 04:00:00,TX-DELTA-04,64.44,33.17,45.13,2.207,15.53,0.59,0,0.1771,0
2026-06-16 05:00:00,TX-DELTA-04,56.81,38.28,48.5,2.757,22.84,3.04,0,0.1755,0
2026-06-16 06:00:00,TX-DELTA-04,51.77,37.59,45.71,2.315,10.32,1.97,0,0.2466,0
2026-06-16 07:00:00,TX-DELTA-04,53.44,40.59,46.2,2.466,14.97,1.48,0,0.2144,0
2026-06-16 08:00:00,TX-DELTA-04,67.51,46.77,57.73,2.024,20.46,0.36,0,0.0464,0
2026-06-16 09:00:00,TX-DELTA-04,70.0,47.79,58.25,2.593,78.46,0.47,0,0.1463,0
2026-06-16 10:00:00,TX-DELTA-04,77.46,51.45,63.92,2.705,16.61,0.96,0,0.0741,0
2026-06-16 11:00:00,TX-DELTA-04,72.98,51.13,63.12,2.903,10.86,3.34,0,0.2639,0
2026-06-16 12:00:00,TX-DELTA-04,77.86,55.17,68.24,2.494,32.19,0.37,0,0.0552,0
2026-06-16 13:00:00,TX-DELTA-04,82.08,58.63,73.65,2.594,11.21,0.73,0,0.1217,0
2026-06-16 14:00:00,TX-DELTA-04,76.06,55.9,68.33,2.469,15.59,0.25,0,0.0698,0
2026-06-16 15:00:00,TX-DELTA-04,67.78,54.35,66.6,2.588,11.38,0.32,0,0.0785,0
2026-06-16 16:00:00,TX-DELTA-04,61.26,71.99,90.18,2.134,12.69,0.31,1,0.4852,1
2026-06-16 17:00:00,TX-DELTA-04,50.96,48.18,55.8,2.078,24.39,2.15,0,0.2101,0
2026-06-16 18:00:00,TX-DELTA-04,49.13,46.73,53.11,1.835,13.68,0.49,0,0.3615,0
2026-06-16 19:00:00,TX-DELTA-04,51.56,45.94,53.29,2.755,14.77,0.73,0,0.1752,0
2026-06-16 20:00:00,TX-DELTA-04,62.5,41.59,52.14,2.52,11.42,0.71,0,0.1324,0
2026-06-16 21:00:00,TX-DELTA-04,66.79,44.02,53.81,2.553,12.54,0.74,0,0.0161,0
2026-06-16 22:00:00,TX-DELTA-04,74.89,44.74,57.15,2.886,37.14,2.77,0,0.1487,0
2026-06-16 23:00:00,TX-DELTA-04,76.62,41.35,54.15,2.677,11.21,3.18,0,0.1472,0
2026-06-17 00:00:00,TX-DELTA-04,76.35,38.89,52.18,2.955,12.35,1.03,0,0.1716,0
2026-06-17 01:00:00,TX-DELTA-04,80.26,40.07,53.67,2.59,15.36,2.22,0,0.1654,0
2026-06-17 02:00:00,TX-DELTA-04,75.21,35.24,49.16,2.584,17.99,0.76,0,0.1646,0
2026-06-17 03:00:00,TX-DELTA-04,65.33,34.25,44.67,2.207,21.07,0.44,0,0.1805,0
2026-06-17 04:00:00,TX-DELTA-04,56.24,37.09,44.39,2.085,20.53,2.03,0,0.2438,0
2026-06-17 05:00:00,TX-DELTA-04,59.87,39.18,47.9,2.009,10.37,2.46,0,0.1288,0
2026-06-17 06:00:00,TX-DELTA-04,54.8,37.36,44.37,2.392,17.91,0.57,0,0.2203,0
2026-06-17 07:00:00,TX-DELTA-04,54.48,42.06,49.91,2.004,11.8,3.42,0,0.2497,0
2026-06-17 08:00:00,TX-DELTA-04,59.62,48.11,56.44,2.429,36.54,3.87,0,0.1735,0
2026-06-17 09:00:00,TX-DELTA-04,123.89,49.59,90.71,2.55,28.05,2.44,1,0.9144,1
2026-06-17 10:00:00,TX-DELTA-04,76.0,53.16,66.96,2.555,12.96,0.89,0,0.0472,0
2026-06-17 11:00:00,TX-DELTA-04,79.95,81.49,104.23,2.784,36.73,1.02,1,0.6688,1
2026-06-17 12:00:00,TX-DELTA-04,76.15,54.49,67.34,2.807,36.46,2.23,0,0.1497,0
2026-06-17 13:00:00,TX-DELTA-04,76.95,60.16,74.2,2.657,22.61,0.4,0,0.1477,0
2026-06-17 14:00:00,TX-DELTA-04,73.72,55.36,67.4,2.6,34.34,3.37,0,0.2053,0
2026-06-17 15:00:00,TX-DELTA-04,64.77,52.35,62.4,2.148,13.07,0.28,0,0.1194,0
