timestamp,transformer_id,load_percentage,winding_temperature_c,oil_temperature_c,predicted_stress_index,anomaly_intensity,dga_severity_index,composite_risk_score,risk_tier,recommended_action
2026-06-01 00:00:00,TX-ALPHA-01,81.28,56.68,41.56,21.67,13.11,6.71,14.93,LOW,NOMINAL: Operating within normal thermal & electrical limits. Routine maintenance cycle.
2026-06-01 01:00:00,TX-ALPHA-01,72.68,54.18,40.61,16.14,14.24,5.54,12.82,LOW,NOMINAL: Operating within normal thermal & electrical limits. Routine maintenance cycle.
2026-06-01 02:00:00,TX-ALPHA-01,77.54,53.73,39.71,19.68,10.88,11.25,14.5,LOW,NOMINAL: Operating within normal thermal & electrical limits. Routine maintenance cycle.
2026-06-01 03:00:00,TX-ALPHA-01,68.29,45.22,34.83,12.2,16.66,8.31,12.79,LOW,NOMINAL: Operating within normal thermal & electrical limits. Routine maintenance cycle.
2026-06-01 04:00:00,TX-ALPHA-01,64.8,45.49,36.08,12.58,15.02,5.15,11.58,LOW,NOMINAL: Operating within normal thermal & electrical limits. Routine maintenance cycle.
2026-06-01 05:00:00,TX-ALPHA-01,60.69,48.08,38.29,9.92,7.29,5.82,7.97,LOW,NOMINAL: Operating within normal thermal & electrical limits. Routine maintenance cycle.
2026-06-01 06:00:00,TX-ALPHA-01,59.17,48.16,39.51,7.74,8.19,4.55,7.1,LOW,NOMINAL: Operating within normal thermal & electrical limits. Routine maintenance cycle.
2026-06-01 07:00:00,TX-ALPHA-01,57.99,56.33,47.89,5.83,4.68,9.38,6.32,LOW,NOMINAL: Operating within normal thermal & electrical limits. Routine maintenance cycle.
2026-06-01 08:00:00,TX-ALPHA-01,62.63,51.12,40.57,7.2,16.11,15.93,12.5,LOW,NOMINAL: Operating within normal thermal & electrical limits. Routine maintenance cycle.
2026-06-01 09:00:00,TX-ALPHA-01,67.39,58.46,46.87,11.38,9.23,14.73,11.47,LOW,NOMINAL: Operating within normal thermal & electrical limits. Routine maintenance cycle.
2026-06-01 10:00:00,TX-ALPHA-01,79.29,70.19,55.6,30.72,14.84,6.12,19.01,LOW,NOMINAL: Operating within normal thermal & electrical limits. Routine maintenance cycle.
2026-06-01 11:00:00,TX-ALPHA-01,78.6,72.77,58.68,30.43,16.35,13.1,21.17,LOW,NOMINAL: Operating within normal thermal & electrical limits. Routine maintenance cycle.
2026-06-01 12:00:00,TX-ALPHA-01,90.16,82.21,62.4,45.2,41.64,15.91,36.63,MEDIUM,ADVISORY: Increase SCADA polling frequency to 5 minutes; monitor hot-spot temperature delta.
2026-06-01 13:00:00,TX-ALPHA-01,75.47,73.7,60.74,31.07,16.41,9.53,20.56,LOW,NOMINAL: Operating within normal thermal & electrical limits. Routine maintenance cycle.
2026-06-01 14:00:00,TX-ALPHA-01,74.33,72.65,57.84,27.63,7.68,8.08,15.76,LOW,NOMINAL: Operating within normal thermal & electrical limits. Routine maintenance cycle.
2026-06-01 15:00:00,TX-ALPHA-01,69.43,66.66,55.31,18.66,4.56,8.08,11.08,LOW,NOMINAL: Operating within normal thermal & electrical limits. Routine maintenance cycle.
2026-06-01 16:00:00,TX-ALPHA-01,68.3,68.78,56.03,20.91,4.95,7.35,11.93,LOW,NOMINAL: Operating within normal thermal & electrical limits. Routine maintenance cycle.
2026-06-01 17:00:00,TX-ALPHA-01,72.09,99.53,78.9,59.89,54.01,6.63,44.51,MEDIUM,ADVISORY: Increase SCADA polling frequency to 5 minutes; monitor hot-spot temperature delta.
2026-06-01 18:00:00,TX-ALPHA-01,57.38,62.27,53.33,8.65,12.09,8.54,9.83,LOW,NOMINAL: Operating within normal thermal & electrical limits. Routine maintenance cycle.
2026-06-01 19:00:00,TX-ALPHA-01,48.71,49.15,43.78,0.69,40.3,11.1,17.16,LOW,NOMINAL: Operating within normal thermal & electrical limits. Routine maintenance cycle.
2026-06-01 20:00:00,TX-ALPHA-01,68.94,57.42,44.66,34.79,74.76,91.82,63.04,HIGH,ELEVATED DEGRADATION: Schedule field acoustic vibration test and oil sampling within 48 hours.
2026-06-01 21:00:00,TX-ALPHA-01,67.54,55.84,44.11,11.97,6.02,11.55,9.78,LOW,NOMINAL: Operating within normal thermal & electrical limits. Routine maintenance cycle.
2026-06-01 22:00:00,TX-ALPHA-01,74.03,59.64,45.24,16.96,2.78,7.53,9.64,LOW,NOMINAL: Operating within normal thermal & electrical limits. Routine maintenance cycle.
2026-06-01 23:00:00,TX-ALPHA-01,79.55,60.65,44.74,22.16,17.84,14.28,18.68,LOW,NOMINAL: Operating within normal thermal & electrical limits. Routine maintenance cycle.
2026-06-02 00:00:00,TX-ALPHA-01,78.24,59.82,45.58,21.14,10.7,8.51,14.33,LOW,NOMINAL: Operating within normal thermal & electrical limits. Routine maintenance cycle.
2026-06-02 01:00:00,TX-ALPHA-01,77.8,58.28,44.66,17.93,10.36,12.3,13.87,LOW,NOMINAL: Operating within normal thermal & electrical limits. Routine maintenance cycle.
2026-06-02 02:00:00,TX-ALPHA-01,73.71,53.36,39.33,18.89,19.22,6.86,16.0,LOW,NOMINAL: Operating within normal thermal & electrical limits. Routine maintenance cycle.
2026-06-02 03:00:00,TX-ALPHA-01,68.43,48.28,36.05,15.17,16.55,9.32,14.19,LOW,NOMINAL: Operating within normal thermal & electrical limits. Routine maintenance cycle.
2026-06-02 04:00:00,TX-ALPHA-01,126.12,70.44,33.96,46.66,96.78,16.36,56.63,MEDIUM,ADVISORY: Increase SCADA polling frequency to 5 minutes; monitor hot-spot temperature delta.
2026-06-02 05:00:00,TX-ALPHA-01,57.82,47.94,39.74,7.48,18.66,19.19,14.32,LOW,NOMINAL: Operating within normal thermal & electrical limits. Routine maintenance cycle.
2026-06-02 06:00:00,TX-ALPHA-01,52.05,45.96,39.07,1.79,24.63,5.12,10.61,LOW,NOMINAL: Operating within normal thermal & electrical limits. Routine maintenance cycle.
2026-06-02 07:00:00,TX-ALPHA-01,59.39,52.64,44.38,7.24,5.22,8.98,6.97,LOW,NOMINAL: Operating within normal thermal & electrical limits. Routine maintenance cycle.
2026-06-02 08:00:00,TX-ALPHA-01,66.99,57.65,44.49,13.01,3.95,13.06,9.85,LOW,NOMINAL: Operating within normal thermal & electrical limits. Routine maintenance cycle.
2026-06-02 09:00:00,TX-ALPHA-01,64.9,53.8,46.33,10.28,6.71,11.86,9.42,LOW,NOMINAL: Operating within normal thermal & electrical limits. Routine maintenance cycle.
2026-06-02 10:00:00,TX-ALPHA-01,79.12,73.92,58.69,32.74,18.45,9.2,21.85,LOW,NOMINAL: Operating within normal thermal & electrical limits. Routine maintenance cycle.
2026-06-02 11:00:00,TX-ALPHA-01,86.17,70.54,53.51,60.46,94.07,99.17,81.9,CRITICAL,URGENT DISPATCH: High-energy arcing detected. Trip breaker & schedule immediate physical oil de-gassing.
2026-06-02 12:00:00,TX-ALPHA-01,76.24,73.8,60.62,31.28,10.77,4.23,17.34,LOW,NOMINAL: Operating within normal thermal & electrical limits. Routine maintenance cycle.
2026-06-02 13:00:00,TX-ALPHA-01,77.56,73.75,58.68,32.34,14.2,14.31,21.48,LOW,NOMINAL: Operating within normal thermal & electrical limits. Routine maintenance cycle.
2026-06-02 14:00:00,TX-ALPHA-01,76.78,70.42,57.62,29.87,14.11,7.27,18.7,LOW,NOMINAL: Operating within normal thermal & electrical limits. Routine maintenance cycle.
2026-06-02 15:00:00,TX-ALPHA-01,71.37,65.86,53.92,18.9,8.67,5.21,11.9,LOW,NOMINAL: Operating within normal thermal & electrical limits. Routine maintenance cycle.
2026-06-02 16:00:00,TX-ALPHA-01,64.78,66.79,54.36,16.85,8.84,5.48,11.2,LOW,NOMINAL: Operating within normal thermal & electrical limits. Routine maintenance cycle.
2026-06-02 17:00:00,TX-ALPHA-01,60.44,56.75,47.44,7.01,8.94,4.89,7.15,LOW,NOMINAL: Operating within normal thermal & electrical limits. Routine maintenance cycle.
2026-06-02 18:00:00,TX-ALPHA-01,51.68,55.83,48.8,2.81,23.04,12.88,12.41,LOW,NOMINAL: Operating within normal thermal & electrical limits. Routine maintenance cycle.
2026-06-02 19:00:00,TX-ALPHA-01,53.63,53.18,45.58,3.41,17.83,8.03,9.61,LOW,NOMINAL: Operating within normal thermal & electrical limits. Routine maintenance cycle.
2026-06-02 20:00:00,TX-ALPHA-01,61.44,52.69,41.82,6.96,9.41,9.44,8.44,LOW,NOMINAL: Operating within normal thermal & electrical limits. Routine maintenance cycle.
2026-06-02 21:00:00,TX-ALPHA-01,67.86,55.29,44.13,14.01,2.78,8.44,8.69,LOW,NOMINAL: Operating within normal thermal & electrical limits. Routine maintenance cycle.
2026-06-02 22:00:00,TX-ALPHA-01,72.45,54.11,42.93,15.47,5.67,7.93,10.16,LOW,NOMINAL: Operating within normal thermal & electrical limits. Routine maintenance cycle.
2026-06-02 23:00:00,TX-ALPHA-01,78.71,60.07,46.05,19.86,6.12,10.18,12.63,LOW,NOMINAL: Operating within normal thermal & electrical limits. Routine maintenance cycle.
2026-06-03 00:00:00,TX-ALPHA-01,76.6,55.07,40.32,19.16,7.56,7.78,12.26,LOW,NOMINAL: Operating within normal thermal & electrical limits. Routine maintenance cycle.
2026-06-03 01:00:00,TX-ALPHA-01,76.55,59.21,43.57,20.52,5.91,6.43,11.88,LOW,NOMINAL: Operating within normal thermal & electrical limits. Routine maintenance cycle.
2026-06-03 02:00:00,TX-ALPHA-01,79.73,55.49,37.83,21.63,24.86,14.56,21.0,LOW,NOMINAL: Operating within normal thermal & electrical limits. Routine maintenance cycle.
2026-06-03 03:00:00,TX-ALPHA-01,69.27,52.74,40.4,14.74,6.99,9.65,10.76,LOW,NOMINAL: Operating within normal thermal & electrical limits. Routine maintenance cycle.
2026-06-03 04:00:00,TX-ALPHA-01,65.63,46.24,36.11,9.55,21.32,10.88,14.0,LOW,NOMINAL: Operating within normal thermal & electrical limits. Routine maintenance cycle.
2026-06-03 05:00:00,TX-ALPHA-01,55.63,75.38,58.02,38.82,41.8,8.5,32.28,LOW,NOMINAL: Operating within normal thermal & electrical limits. Routine maintenance cycle.
2026-06-03 06:00:00,TX-ALPHA-01,56.72,50.3,42.54,4.03,11.92,9.61,8.19,LOW,NOMINAL: Operating within normal thermal & electrical limits. Routine maintenance cycle.
2026-06-03 07:00:00,TX-ALPHA-01,62.54,50.9,38.15,11.8,12.73,9.72,11.61,LOW,NOMINAL: Operating within normal thermal & electrical limits. Routine maintenance cycle.
2026-06-03 08:00:00,TX-ALPHA-01,60.51,52.91,43.38,8.93,7.74,5.91,7.76,LOW,NOMINAL: Operating within normal thermal & electrical limits. Routine maintenance cycle.
2026-06-03 09:00:00,TX-ALPHA-01,59.98,62.98,53.32,10.08,14.38,20.61,14.22,LOW,NOMINAL: Operating within normal thermal & electrical limits. Routine maintenance cycle.
2026-06-03 10:00:00,TX-ALPHA-01,72.72,67.76,54.1,23.81,5.71,10.54,14.16,LOW,NOMINAL: Operating within normal thermal & electrical limits. Routine maintenance cycle.
2026-06-03 11:00:00,TX-ALPHA-01,82.39,76.25,60.05,35.16,27.23,12.98,26.84,LOW,NOMINAL: Operating within normal thermal & electrical limits. Routine maintenance cycle.
2026-06-03 12:00:00,TX-ALPHA-01,84.23,83.86,66.15,45.11,37.51,12.5,34.3,LOW,NOMINAL: Operating within normal thermal & electrical limits. Routine maintenance cycle.
2026-06-03 13:00:00,TX-ALPHA-01,68.01,67.73,55.02,18.46,8.19,7.63,12.16,LOW,NOMINAL: Operating within normal thermal & electrical limits. Routine maintenance cycle.
2026-06-03 14:00:00,TX-ALPHA-01,71.77,79.12,64.44,27.05,31.23,15.5,25.63,LOW,NOMINAL: Operating within normal thermal & electrical limits. Routine maintenance cycle.
2026-06-03 15:00:00,TX-ALPHA-01,63.02,64.18,53.36,11.22,6.82,6.47,8.49,LOW,NOMINAL: Operating within normal thermal & electrical limits. Routine maintenance cycle.
2026-06-03 16:00:00,TX-ALPHA-01,70.46,71.13,57.95,26.19,7.35,11.19,15.85,LOW,NOMINAL: Operating within normal thermal & electrical limits. Routine maintenance cycle.
2026-06-03 17:00:00,TX-ALPHA-01,60.79,58.98,51.08,7.75,11.92,6.68,8.94,LOW,NOMINAL: Operating within normal thermal & electrical limits. Routine maintenance cycle.
2026-06-03 18:00:00,TX-ALPHA-01,58.17,62.22,54.31,9.11,8.32,11.87,9.53,LOW,NOMINAL: Operating within normal thermal & electrical limits. Routine maintenance cycle.
2026-06-03 19:00:00,TX-ALPHA-01,49.06,53.86,49.51,3.67,28.52,9.92,13.93,LOW,NOMINAL: Operating within normal thermal & electrical limits. Routine maintenance cycle.
2026-06-03 20:00:00,TX-ALPHA-01,56.5,52.96,44.46,4.14,20.25,7.27,10.56,LOW,NOMINAL: Operating within normal thermal & electrical limits. Routine maintenance cycle.
2026-06-03 21:00:00,TX-ALPHA-01,70.48,55.99,44.14,16.99,16.49,18.72,17.25,LOW,NOMINAL: Operating within normal thermal & electrical limits. Routine maintenance cycle.
2026-06-03 22:00:00,TX-ALPHA-01,71.11,55.0,41.87,15.94,2.86,7.53,9.26,LOW,NOMINAL: Operating within normal thermal & electrical limits. Routine maintenance cycle.
2026-06-03 23:00:00,TX-ALPHA-01,71.49,56.6,42.44,16.09,5.52,13.06,11.63,LOW,NOMINAL: Operating within normal thermal & electrical limits. Routine maintenance cycle.
2026-06-04 00:00:00,TX-ALPHA-01,72.95,58.32,45.09,15.69,4.56,5.77,9.31,LOW,NOMINAL: Operating within normal thermal & electrical limits. Routine maintenance cycle.
2026-06-04 01:00:00,TX-ALPHA-01,82.45,62.74,46.28,26.7,20.48,9.45,20.21,LOW,NOMINAL: Operating within normal thermal & electrical limits. Routine maintenance cycle.
2026-06-04 02:00:00,TX-ALPHA-01,70.78,48.91,36.1,14.83,14.55,8.64,13.18,LOW,NOMINAL: Operating within normal thermal & electrical limits. Routine maintenance cycle.
2026-06-04 03:00:00,TX-ALPHA-01,65.12,47.64,35.45,10.75,11.66,8.31,10.46,LOW,NOMINAL: Operating within normal thermal & electrical limits. Routine maintenance cycle.
2026-06-04 04:00:00,TX-ALPHA-01,58.83,53.56,43.1,9.29,7.96,8.89,8.73,LOW,NOMINAL: Operating within normal thermal & electrical limits. Routine maintenance cycle.
2026-06-04 05:00:00,TX-ALPHA-01,51.77,47.35,39.26,2.83,16.27,9.42,9.18,LOW,NOMINAL: Operating within normal thermal & electrical limits. Routine maintenance cycle.
2026-06-04 06:00:00,TX-ALPHA-01,55.97,50.37,40.79,6.54,7.01,11.05,7.83,LOW,NOMINAL: Operating within normal thermal & electrical limits. Routine maintenance cycle.
2026-06-04 07:00:00,TX-ALPHA-01,57.29,51.92,43.61,6.77,17.77,15.19,12.73,LOW,NOMINAL: Operating within normal thermal & electrical limits. Routine maintenance cycle.
2026-06-04 08:00:00,TX-ALPHA-01,67.25,57.6,47.34,13.79,8.6,17.16,12.82,LOW,NOMINAL: Operating within normal thermal & electrical limits. Routine maintenance cycle.
2026-06-04 09:00:00,TX-ALPHA-01,73.98,64.98,51.81,22.46,4.97,6.09,12.25,LOW,NOMINAL: Operating within normal thermal & electrical limits. Routine maintenance cycle.
2026-06-04 10:00:00,TX-ALPHA-01,70.63,64.07,51.19,18.86,4.62,10.43,11.77,LOW,NOMINAL: Operating within normal thermal & electrical limits. Routine maintenance cycle.
2026-06-04 11:00:00,TX-ALPHA-01,77.64,76.89,60.19,33.09,8.99,10.68,19.05,LOW,NOMINAL: Operating within normal thermal & electrical limits. Routine maintenance cycle.
2026-06-04 12:00:00,TX-ALPHA-01,75.14,73.52,61.24,30.45,13.11,12.63,19.92,LOW,NOMINAL: Operating within normal thermal & electrical limits. Routine maintenance cycle.
2026-06-04 13:00:00,TX-ALPHA-01,83.12,75.96,60.11,34.78,23.39,7.85,24.06,LOW,NOMINAL: Operating within normal thermal & electrical limits. Routine maintenance cycle.
2026-06-04 14:00:00,TX-ALPHA-01,77.88,79.05,61.8,36.96,16.54,6.81,22.28,LOW,NOMINAL: Operating within normal thermal & electrical limits. Routine maintenance cycle.
2026-06-04 15:00:00,TX-ALPHA-01,62.05,62.98,53.27,12.48,8.35,8.21,9.97,LOW,NOMINAL: Operating within normal thermal & electrical limits. Routine maintenance cycle.
2026-06-04 16:00:00,TX-ALPHA-01,58.31,67.84,59.31,13.55,10.83,7.35,11.05,LOW,NOMINAL: Operating within normal thermal & electrical limits. Routine maintenance cycle.
2026-06-04 17:00:00,TX-ALPHA-01,62.83,61.25,52.77,9.43,16.8,7.01,11.41,LOW,NOMINAL: Operating within normal thermal & electrical limits. Routine maintenance cycle.
2026-06-04 18:00:00,TX-ALPHA-01,48.95,54.1,47.6,26.62,91.18,100.0,67.56,HIGH,ELEVATED DEGRADATION: Schedule field acoustic vibration test and oil sampling within 48 hours.
2026-06-04 19:00:00,TX-ALPHA-01,52.53,55.88,47.94,2.72,10.35,10.19,7.26,LOW,NOMINAL: Operating within normal thermal & electrical limits. Routine maintenance cycle.
2026-06-04 20:00:00,TX-ALPHA-01,57.09,60.45,51.73,6.06,11.36,16.8,10.6,LOW,NOMINAL: Operating within normal thermal & electrical limits. Routine maintenance cycle.
2026-06-04 21:00:00,TX-ALPHA-01,68.73,56.89,45.97,15.46,2.3,9.07,9.26,LOW,NOMINAL: Operating within normal thermal & electrical limits. Routine maintenance cycle.
2026-06-04 22:00:00,TX-ALPHA-01,75.07,58.74,45.17,19.4,3.45,10.6,11.62,LOW,NOMINAL: Operating within normal thermal & electrical limits. Routine maintenance cycle.
2026-06-04 23:00:00,TX-ALPHA-01,77.28,56.15,42.57,21.1,5.86,6.14,12.03,LOW,NOMINAL: Operating within normal thermal & electrical limits. Routine maintenance cycle.
2026-06-05 00:00:00,TX-ALPHA-01,84.04,60.45,46.4,27.08,26.47,5.4,21.44,LOW,NOMINAL: Operating within normal thermal & electrical limits. Routine maintenance cycle.
2026-06-05 01:00:00,TX-ALPHA-01,81.23,61.53,46.04,23.89,11.41,5.58,14.95,LOW,NOMINAL: Operating within normal thermal & electrical limits. Routine maintenance cycle.
2026-06-05 02:00:00,TX-ALPHA-01,79.32,57.2,43.09,20.65,9.22,6.44,13.1,LOW,NOMINAL: Operating within normal thermal & electrical limits. Routine maintenance cycle.
2026-06-05 03:00:00,TX-ALPHA-01,63.75,46.24,35.13,11.44,16.95,14.13,14.04,LOW,NOMINAL: Operating within normal thermal & electrical limits. Routine maintenance cycle.
2026-06-05 04:00:00,TX-ALPHA-01,68.25,49.08,37.52,14.51,12.06,8.11,12.06,LOW,NOMINAL: Operating within normal thermal & electrical limits. Routine maintenance cycle.
2026-06-05 05:00:00,TX-ALPHA-01,53.74,48.58,42.02,3.25,13.63,7.82,8.03,LOW,NOMINAL: Operating within normal thermal & electrical limits. Routine maintenance cycle.
2026-06-05 06:00:00,TX-ALPHA-01,61.56,49.68,40.0,8.12,14.86,8.48,10.57,LOW,NOMINAL: Operating within normal thermal & electrical limits. Routine maintenance cycle.
2026-06-05 07:00:00,TX-ALPHA-01,55.88,54.4,44.75,4.99,5.45,7.78,5.85,LOW,NOMINAL: Operating within normal thermal & electrical limits. Routine maintenance cycle.
2026-06-05 08:00:00,TX-ALPHA-01,62.93,57.21,46.26,7.97,4.22,5.47,6.03,LOW,NOMINAL: Operating within normal thermal & electrical limits. Routine maintenance cycle.
2026-06-05 09:00:00,TX-ALPHA-01,62.64,59.76,49.34,11.28,5.35,9.04,8.64,LOW,NOMINAL: Operating within normal thermal & electrical limits. Routine maintenance cycle.
2026-06-05 10:00:00,TX-ALPHA-01,77.58,76.76,62.3,26.28,19.52,13.12,20.62,LOW,NOMINAL: Operating within normal thermal & electrical limits. Routine maintenance cycle.
2026-06-05 11:00:00,TX-ALPHA-01,80.18,80.21,64.36,33.06,21.49,7.77,22.69,LOW,NOMINAL: Operating within normal thermal & electrical limits. Routine maintenance cycle.
2026-06-05 12:00:00,TX-ALPHA-01,81.9,79.31,63.42,37.2,20.11,5.75,23.35,LOW,NOMINAL: Operating within normal thermal & electrical limits. Routine maintenance cycle.
2026-06-05 13:00:00,TX-ALPHA-01,78.54,76.96,61.83,32.4,13.58,8.44,19.83,LOW,NOMINAL: Operating within normal thermal & electrical limits. Routine maintenance cycle.
2026-06-05 14:00:00,TX-ALPHA-01,79.71,75.75,60.93,34.27,26.61,20.51,28.15,LOW,NOMINAL: Operating within normal thermal & electrical limits. Routine maintenance cycle.
2026-06-05 15:00:00,TX-ALPHA-01,76.65,75.8,62.02,30.77,11.36,11.3,19.11,LOW,NOMINAL: Operating within normal thermal & electrical limits. Routine maintenance cycle.
2026-06-05 16:00:00,TX-ALPHA-01,50.89,60.4,53.0,2.0,21.78,6.66,10.09,LOW,NOMINAL: Operating within normal thermal & electrical limits. Routine maintenance cycle.
2026-06-05 17:00:00,TX-ALPHA-01,56.51,60.14,52.24,3.95,27.83,18.89,16.04,LOW,NOMINAL: Operating within normal thermal & electrical limits. Routine maintenance cycle.
2026-06-05 18:00:00,TX-ALPHA-01,62.3,58.22,47.22,9.89,7.06,7.25,8.24,LOW,NOMINAL: Operating within normal thermal & electrical limits. Routine maintenance cycle.
2026-06-05 19:00:00,TX-ALPHA-01,63.56,56.22,46.43,13.92,5.26,8.74,9.59,LOW,NOMINAL: Operating within normal thermal & electrical limits. Routine maintenance cycle.
2026-06-05 20:00:00,TX-ALPHA-01,64.13,58.76,48.35,10.23,3.63,10.79,8.06,LOW,NOMINAL: Operating within normal thermal & electrical limits. Routine maintenance cycle.
2026-06-05 21:00:00,TX-ALPHA-01,74.7,63.36,49.1,21.59,1.89,6.16,10.84,LOW,NOMINAL: Operating within normal thermal & electrical limits. Routine maintenance cycle.
2026-06-05 22:00:00,TX-ALPHA-01,72.64,55.28,42.34,16.77,3.26,12.06,10.87,LOW,NOMINAL: Operating within normal thermal & electrical limits. Routine maintenance cycle.
2026-06-05 23:00:00,TX-ALPHA-01,80.34,59.69,43.48,22.05,9.29,10.01,14.57,LOW,NOMINAL: Operating within normal thermal & electrical limits. Routine maintenance cycle.
2026-06-06 00:00:00,TX-ALPHA-01,90.41,62.52,42.62,31.14,33.38,4.85,25.35,LOW,NOMINAL: Operating within normal thermal & electrical limits. Routine maintenance cycle.
2026-06-06 01:00:00,TX-ALPHA-01,76.63,58.09,44.32,17.8,6.58,7.74,11.36,LOW,NOMINAL: Operating within normal thermal & electrical limits. Routine maintenance cycle.
2026-06-06 02:00:00,TX-ALPHA-01,76.34,53.45,38.54,18.44,20.77,16.28,18.72,LOW,NOMINAL: Operating within normal thermal & electrical limits. Routine maintenance cycle.
2026-06-06 03:00:00,TX-ALPHA-01,73.33,49.72,36.23,15.96,15.81,6.7,13.59,LOW,NOMINAL: Operating within normal thermal & electrical limits. Routine maintenance cycle.
2026-06-06 04:00:00,TX-ALPHA-01,66.08,48.98,38.54,12.11,10.06,8.28,10.43,LOW,NOMINAL: Operating within normal thermal & electrical limits. Routine maintenance cycle.
2026-06-06 05:00:00,TX-ALPHA-01,59.88,48.27,38.17,6.1,27.53,25.76,18.52,LOW,NOMINAL: Operating within normal thermal & electrical limits. Routine maintenance cycle.
2026-06-06 06:00:00,TX-ALPHA-01,57.33,86.59,67.73,43.19,52.62,5.63,37.1,MEDIUM,ADVISORY: Increase SCADA polling frequency to 5 minutes; monitor hot-spot temperature delta.
2026-06-06 07:00:00,TX-ALPHA-01,59.61,54.12,43.87,7.12,6.0,7.67,6.87,LOW,NOMINAL: Operating within normal thermal & electrical limits. Routine maintenance cycle.
2026-06-06 08:00:00,TX-ALPHA-01,57.25,53.73,45.84,5.06,9.45,7.83,7.29,LOW,NOMINAL: Operating within normal thermal & electrical limits. Routine maintenance cycle.
2026-06-06 09:00:00,TX-ALPHA-01,75.63,68.61,53.84,24.23,8.55,10.71,15.36,LOW,NOMINAL: Operating within normal thermal & electrical limits. Routine maintenance cycle.
2026-06-06 10:00:00,TX-ALPHA-01,78.77,70.18,55.82,28.35,15.68,18.95,21.57,LOW,NOMINAL: Operating within normal thermal & electrical limits. Routine maintenance cycle.
2026-06-06 11:00:00,TX-ALPHA-01,84.84,76.64,60.33,36.14,19.34,9.99,23.72,LOW,NOMINAL: Operating within normal thermal & electrical limits. Routine maintenance cycle.
2026-06-06 12:00:00,TX-ALPHA-01,84.6,78.6,61.99,40.8,24.01,10.66,27.39,LOW,NOMINAL: Operating within normal thermal & electrical limits. Routine maintenance cycle.
2026-06-06 13:00:00,TX-ALPHA-01,78.18,73.04,59.27,31.3,11.95,11.87,19.67,LOW,NOMINAL: Operating within normal thermal & electrical limits. Routine maintenance cycle.
2026-06-06 14:00:00,TX-ALPHA-01,74.21,70.18,57.42,24.13,11.54,5.96,15.18,LOW,NOMINAL: Operating within normal thermal & electrical limits. Routine maintenance cycle.
2026-06-06 15:00:00,TX-ALPHA-01,64.58,60.26,52.16,13.07,14.32,7.68,12.16,LOW,NOMINAL: Operating within normal thermal & electrical limits. Routine maintenance cycle.
2026-06-06 16:00:00,TX-ALPHA-01,56.12,62.72,54.59,8.29,21.47,18.32,15.41,LOW,NOMINAL: Operating within normal thermal & electrical limits. Routine maintenance cycle.
2026-06-06 17:00:00,TX-ALPHA-01,56.51,67.78,58.62,7.31,24.48,7.4,13.34,LOW,NOMINAL: Operating within normal thermal & electrical limits. Routine maintenance cycle.
2026-06-06 18:00:00,TX-ALPHA-01,50.96,54.59,47.02,1.35,17.0,5.54,7.88,LOW,NOMINAL: Operating within normal thermal & electrical limits. Routine maintenance cycle.
2026-06-06 19:00:00,TX-ALPHA-01,56.0,93.91,75.68,43.52,59.12,10.8,40.8,MEDIUM,ADVISORY: Increase SCADA polling frequency to 5 minutes; monitor hot-spot temperature delta.
2026-06-06 20:00:00,TX-ALPHA-01,56.76,90.19,71.98,41.97,49.6,5.96,35.64,MEDIUM,ADVISORY: Increase SCADA polling frequency to 5 minutes; monitor hot-spot temperature delta.
2026-06-06 21:00:00,TX-ALPHA-01,68.38,55.26,44.92,11.36,2.78,5.06,6.78,LOW,NOMINAL: Operating within normal thermal & electrical limits. Routine maintenance cycle.
2026-06-06 22:00:00,TX-ALPHA-01,73.68,59.23,44.82,19.43,5.26,9.33,11.95,LOW,NOMINAL: Operating within normal thermal & electrical limits. Routine maintenance cycle.
2026-06-06 23:00:00,TX-ALPHA-01,80.44,57.31,43.08,19.59,20.53,15.71,18.95,LOW,NOMINAL: Operating within normal thermal & electrical limits. Routine maintenance cycle.
2026-06-07 00:00:00,TX-ALPHA-01,78.02,56.08,41.45,18.21,10.87,7.35,12.93,LOW,NOMINAL: Operating within normal thermal & electrical limits. Routine maintenance cycle.
2026-06-07 01:00:00,TX-ALPHA-01,79.29,54.58,39.85,20.89,15.29,14.11,17.24,LOW,NOMINAL: Operating within normal thermal & electrical limits. Routine maintenance cycle.
2026-06-07 02:00:00,TX-ALPHA-01,71.74,49.84,37.61,13.52,16.17,7.52,12.95,LOW,NOMINAL: Operating within normal thermal & electrical limits. Routine maintenance cycle.
2026-06-07 03:00:00,TX-ALPHA-01,115.73,73.53,36.87,46.33,84.28,11.6,50.93,MEDIUM,ADVISORY: Increase SCADA polling frequency to 5 minutes; monitor hot-spot temperature delta.
2026-06-07 04:00:00,TX-ALPHA-01,58.94,49.33,40.72,6.64,7.81,6.42,7.0,LOW,NOMINAL: Operating within normal thermal & electrical limits. Routine maintenance cycle.
2026-06-07 05:00:00,TX-ALPHA-01,56.43,49.09,40.07,5.55,10.63,10.38,8.53,LOW,NOMINAL: Operating within normal thermal & electrical limits. Routine maintenance cycle.
2026-06-07 06:00:00,TX-ALPHA-01,52.54,44.27,37.35,1.95,26.04,7.25,11.71,LOW,NOMINAL: Operating within normal thermal & electrical limits. Routine maintenance cycle.
2026-06-07 07:00:00,TX-ALPHA-01,58.44,55.74,45.77,6.88,6.35,12.6,8.12,LOW,NOMINAL: Operating within normal thermal & electrical limits. Routine maintenance cycle.
2026-06-07 08:00:00,TX-ALPHA-01,58.27,54.65,47.4,7.38,14.84,12.78,11.34,LOW,NOMINAL: Operating within normal thermal & electrical limits. Routine maintenance cycle.
2026-06-07 09:00:00,TX-ALPHA-01,71.18,61.58,48.61,16.56,6.86,10.07,11.54,LOW,NOMINAL: Operating within normal thermal & electrical limits. Routine maintenance cycle.
2026-06-07 10:00:00,TX-ALPHA-01,76.87,68.84,55.45,25.23,8.5,8.08,15.09,LOW,NOMINAL: Operating within normal thermal & electrical limits. Routine maintenance cycle.
2026-06-07 11:00:00,TX-ALPHA-01,75.1,67.54,53.74,44.25,28.8,7.5,29.66,LOW,NOMINAL: Operating within normal thermal & electrical limits. Routine maintenance cycle.
2026-06-07 12:00:00,TX-ALPHA-01,79.37,73.73,58.66,30.99,9.62,8.35,17.85,LOW,NOMINAL: Operating within normal thermal & electrical limits. Routine maintenance cycle.
2026-06-07 13:00:00,TX-ALPHA-01,78.27,78.7,61.3,34.15,18.62,9.03,22.44,LOW,NOMINAL: Operating within normal thermal & electrical limits. Routine maintenance cycle.
2026-06-07 14:00:00,TX-ALPHA-01,75.98,71.02,58.18,28.46,38.66,21.64,30.33,LOW,NOMINAL: Operating within normal thermal & electrical limits. Routine maintenance cycle.
2026-06-07 15:00:00,TX-ALPHA-01,70.92,72.3,60.38,25.28,11.63,15.65,18.1,LOW,NOMINAL: Operating within normal thermal & electrical limits. Routine maintenance cycle.
2026-06-07 16:00:00,TX-ALPHA-01,65.82,65.86,54.51,15.46,8.13,13.8,12.48,LOW,NOMINAL: Operating within normal thermal & electrical limits. Routine maintenance cycle.
2026-06-07 17:00:00,TX-ALPHA-01,55.29,58.84,52.19,6.99,26.34,11.22,14.82,LOW,NOMINAL: Operating within normal thermal & electrical limits. Routine maintenance cycle.
2026-06-07 18:00:00,TX-ALPHA-01,48.15,53.74,47.98,1.69,32.97,4.64,13.37,LOW,NOMINAL: Operating within normal thermal & electrical limits. Routine maintenance cycle.
2026-06-07 19:00:00,TX-ALPHA-01,59.83,63.45,54.37,11.72,6.06,11.43,9.67,LOW,NOMINAL: Operating within normal thermal & electrical limits. Routine maintenance cycle.
2026-06-07 20:00:00,TX-ALPHA-01,55.49,58.79,48.73,3.23,7.98,6.26,5.65,LOW,NOMINAL: Operating within normal thermal & electrical limits. Routine maintenance cycle.
2026-06-07 21:00:00,TX-ALPHA-01,75.02,61.85,49.22,18.91,3.74,8.4,10.98,LOW,NOMINAL: Operating within normal thermal & electrical limits. Routine maintenance cycle.
2026-06-07 22:00:00,TX-ALPHA-01,71.87,56.94,42.57,14.44,6.98,11.55,11.11,LOW,NOMINAL: Operating within normal thermal & electrical limits. Routine maintenance cycle.
2026-06-07 23:00:00,TX-ALPHA-01,81.6,62.64,46.33,22.84,26.59,11.86,21.41,LOW,NOMINAL: Operating within normal thermal & electrical limits. Routine maintenance cycle.
2026-06-08 00:00:00,TX-ALPHA-01,83.74,59.86,42.7,25.97,26.26,10.91,22.31,LOW,NOMINAL: Operating within normal thermal & electrical limits. Routine maintenance cycle.
2026-06-08 01:00:00,TX-ALPHA-01,78.92,56.51,41.65,21.39,16.19,12.65,17.39,LOW,NOMINAL: Operating within normal thermal & electrical limits. Routine maintenance cycle.
2026-06-08 02:00:00,TX-ALPHA-01,74.19,52.54,39.15,20.23,6.62,7.14,12.2,LOW,NOMINAL: Operating within normal thermal & electrical limits. Routine maintenance cycle.
2026-06-08 03:00:00,TX-ALPHA-01,65.86,51.64,40.15,10.71,16.34,11.25,12.82,LOW,NOMINAL: Operating within normal thermal & electrical limits. Routine maintenance cycle.
2026-06-08 04:00:00,TX-ALPHA-01,58.76,53.51,43.52,7.63,9.23,11.46,9.15,LOW,NOMINAL: Operating within normal thermal & electrical limits. Routine maintenance cycle.
2026-06-08 05:00:00,TX-ALPHA-01,64.53,48.27,36.91,11.97,10.74,8.03,10.56,LOW,NOMINAL: Operating within normal thermal & electrical limits. Routine maintenance cycle.
2026-06-08 06:00:00,TX-ALPHA-01,58.25,54.14,44.32,6.9,4.58,8.18,6.41,LOW,NOMINAL: Operating within normal thermal & electrical limits. Routine maintenance cycle.
2026-06-08 07:00:00,TX-ALPHA-01,55.33,49.94,42.58,3.26,10.97,6.23,6.7,LOW,NOMINAL: Operating within normal thermal & electrical limits. Routine maintenance cycle.
2026-06-08 08:00:00,TX-ALPHA-01,68.93,60.73,48.16,17.52,11.87,9.37,13.5,LOW,NOMINAL: Operating within normal thermal & electrical limits. Routine maintenance cycle.
2026-06-08 09:00:00,TX-ALPHA-01,69.77,63.21,50.08,19.18,10.41,14.5,14.94,LOW,NOMINAL: Operating within normal thermal & electrical limits. Routine maintenance cycle.
2026-06-08 10:00:00,TX-ALPHA-01,75.05,70.05,56.7,27.58,12.93,13.85,19.02,LOW,NOMINAL: Operating within normal thermal & electrical limits. Routine maintenance cycle.
2026-06-08 11:00:00,TX-ALPHA-01,80.4,78.57,62.98,35.93,17.86,12.62,23.78,LOW,NOMINAL: Operating within normal thermal & electrical limits. Routine maintenance cycle.
2026-06-08 12:00:00,TX-ALPHA-01,77.12,72.1,57.39,31.25,8.9,7.05,17.38,LOW,NOMINAL: Operating within normal thermal & electrical limits. Routine maintenance cycle.
2026-06-08 13:00:00,TX-ALPHA-01,81.08,78.34,62.74,39.96,36.3,12.31,31.77,LOW,NOMINAL: Operating within normal thermal & electrical limits. Routine maintenance cycle.
2026-06-08 14:00:00,TX-ALPHA-01,79.02,74.14,59.87,33.54,12.34,9.04,19.99,LOW,NOMINAL: Operating within normal thermal & electrical limits. Routine maintenance cycle.
2026-06-08 15:00:00,TX-ALPHA-01,71.72,67.27,54.92,21.63,7.11,8.68,13.31,LOW,NOMINAL: Operating within normal thermal & electrical limits. Routine maintenance cycle.
2026-06-08 16:00:00,TX-ALPHA-01,55.4,67.9,58.62,5.09,42.23,15.65,20.73,LOW,NOMINAL: Operating within normal thermal & electrical limits. Routine maintenance cycle.
2026-06-08 17:00:00,TX-ALPHA-01,59.3,63.95,53.98,12.24,7.68,9.95,10.07,LOW,NOMINAL: Operating within normal thermal & electrical limits. Routine maintenance cycle.
2026-06-08 18:00:00,TX-ALPHA-01,52.86,58.25,50.8,2.59,18.63,6.98,9.3,LOW,NOMINAL: Operating within normal thermal & electrical limits. Routine maintenance cycle.
2026-06-08 19:00:00,TX-ALPHA-01,61.53,55.66,45.24,8.26,6.42,7.8,7.5,LOW,NOMINAL: Operating within normal thermal & electrical limits. Routine maintenance cycle.
2026-06-08 20:00:00,TX-ALPHA-01,57.87,57.71,49.19,5.2,7.13,9.2,6.87,LOW,NOMINAL: Operating within normal thermal & electrical limits. Routine maintenance cycle.
2026-06-08 21:00:00,TX-ALPHA-01,63.81,49.27,39.79,30.77,93.74,100.0,70.11,HIGH,ELEVATED DEGRADATION: Schedule field acoustic vibration test and oil sampling within 48 hours.
2026-06-08 22:00:00,TX-ALPHA-01,67.74,56.16,42.44,16.32,12.9,14.22,14.6,LOW,NOMINAL: Operating within normal thermal & electrical limits. Routine maintenance cycle.
2026-06-08 23:00:00,TX-ALPHA-01,78.03,59.97,45.81,20.6,17.05,15.1,17.98,LOW,NOMINAL: Operating within normal thermal & electrical limits. Routine maintenance cycle.
2026-06-09 00:00:00,TX-ALPHA-01,86.7,58.17,40.07,26.47,95.81,100.0,69.12,HIGH,ELEVATED DEGRADATION: Schedule field acoustic vibration test and oil sampling within 48 hours.
2026-06-09 01:00:00,TX-ALPHA-01,78.37,56.42,42.66,20.03,27.36,20.0,22.59,LOW,NOMINAL: Operating within normal thermal & electrical limits. Routine maintenance cycle.
2026-06-09 02:00:00,TX-ALPHA-01,77.79,57.93,43.51,19.57,24.83,22.89,22.24,LOW,NOMINAL: Operating within normal thermal & electrical limits. Routine maintenance cycle.
2026-06-09 03:00:00,TX-ALPHA-01,65.81,44.46,33.38,12.19,20.61,9.82,14.54,LOW,NOMINAL: Operating within normal thermal & electrical limits. Routine maintenance cycle.
2026-06-09 04:00:00,TX-ALPHA-01,56.61,50.48,41.42,4.74,17.6,20.34,13.14,LOW,NOMINAL: Operating within normal thermal & electrical limits. Routine maintenance cycle.
2026-06-09 05:00:00,TX-ALPHA-01,56.51,50.36,41.25,4.05,9.58,5.35,6.31,LOW,NOMINAL: Operating within normal thermal & electrical limits. Routine maintenance cycle.
2026-06-09 06:00:00,TX-ALPHA-01,60.46,46.98,37.32,6.99,21.17,6.97,11.95,LOW,NOMINAL: Operating within normal thermal & electrical limits. Routine maintenance cycle.
2026-06-09 07:00:00,TX-ALPHA-01,62.49,51.57,42.91,9.67,10.44,3.97,8.51,LOW,NOMINAL: Operating within normal thermal & electrical limits. Routine maintenance cycle.
2026-06-09 08:00:00,TX-ALPHA-01,66.97,56.18,43.97,12.81,0.16,8.87,7.4,LOW,NOMINAL: Operating within normal thermal & electrical limits. Routine maintenance cycle.
2026-06-09 09:00:00,TX-ALPHA-01,75.92,67.08,52.95,26.03,19.89,16.21,21.42,LOW,NOMINAL: Operating within normal thermal & electrical limits. Routine maintenance cycle.
2026-06-09 10:00:00,TX-ALPHA-01,76.35,67.58,53.63,25.78,7.31,7.2,14.67,LOW,NOMINAL: Operating within normal thermal & electrical limits. Routine maintenance cycle.
2026-06-09 11:00:00,TX-ALPHA-01,76.99,72.1,57.38,26.06,13.68,13.52,18.59,LOW,NOMINAL: Operating within normal thermal & electrical limits. Routine maintenance cycle.
2026-06-09 12:00:00,TX-ALPHA-01,77.66,75.39,59.74,32.7,9.46,6.48,18.01,LOW,NOMINAL: Operating within normal thermal & electrical limits. Routine maintenance cycle.
2026-06-09 13:00:00,TX-ALPHA-01,78.33,109.23,86.92,71.18,68.85,7.69,54.49,MEDIUM,ADVISORY: Increase SCADA polling frequency to 5 minutes; monitor hot-spot temperature delta.
2026-06-09 14:00:00,TX-ALPHA-01,72.63,72.37,59.59,25.23,6.07,6.45,13.83,LOW,NOMINAL: Operating within normal thermal & electrical limits. Routine maintenance cycle.
2026-06-09 15:00:00,TX-ALPHA-01,65.63,66.07,54.22,17.28,13.58,8.72,13.85,LOW,NOMINAL: Operating within normal thermal & electrical limits. Routine maintenance cycle.
2026-06-09 16:00:00,TX-ALPHA-01,60.0,70.55,58.84,15.41,11.53,6.35,11.79,LOW,NOMINAL: Operating within normal thermal & electrical limits. Routine maintenance cycle.
2026-06-09 17:00:00,TX-ALPHA-01,63.65,61.95,51.24,9.88,6.78,5.74,7.76,LOW,NOMINAL: Operating within normal thermal & electrical limits. Routine maintenance cycle.
2026-06-09 18:00:00,TX-ALPHA-01,63.35,60.8,51.14,11.15,9.76,11.08,10.65,LOW,NOMINAL: Operating within normal thermal & electrical limits. Routine maintenance cycle.
2026-06-09 19:00:00,TX-ALPHA-01,53.01,54.83,47.38,1.8,19.56,9.84,10.03,LOW,NOMINAL: Operating within normal thermal & electrical limits. Routine maintenance cycle.
2026-06-09 20:00:00,TX-ALPHA-01,56.8,62.4,53.18,7.71,8.65,9.12,8.39,LOW,NOMINAL: Operating within normal thermal & electrical limits. Routine maintenance cycle.
2026-06-09 21:00:00,TX-ALPHA-01,66.31,53.47,42.41,13.37,9.73,11.8,11.7,LOW,NOMINAL: Operating within normal thermal & electrical limits. Routine maintenance cycle.
2026-06-09 22:00:00,TX-ALPHA-01,71.78,54.99,42.75,15.13,8.13,8.8,11.1,LOW,NOMINAL: Operating within normal thermal & electrical limits. Routine maintenance cycle.
2026-06-09 23:00:00,TX-ALPHA-01,86.77,60.27,42.1,27.04,31.58,7.89,23.84,LOW,NOMINAL: Operating within normal thermal & electrical limits. Routine maintenance cycle.
2026-06-10 00:00:00,TX-ALPHA-01,78.08,58.6,42.19,21.44,9.45,11.77,14.83,LOW,NOMINAL: Operating within normal thermal & electrical limits. Routine maintenance cycle.
2026-06-10 01:00:00,TX-ALPHA-01,82.06,57.6,40.82,23.75,17.27,5.19,16.84,LOW,NOMINAL: Operating within normal thermal & electrical limits. Routine maintenance cycle.
2026-06-10 02:00:00,TX-ALPHA-01,77.87,57.59,42.77,21.14,8.19,5.18,12.62,LOW,NOMINAL: Operating within normal thermal & electrical limits. Routine maintenance cycle.
2026-06-10 03:00:00,TX-ALPHA-01,69.97,78.33,58.94,50.61,44.46,5.17,37.1,MEDIUM,ADVISORY: Increase SCADA polling frequency to 5 minutes; monitor hot-spot temperature delta.
2026-06-10 04:00:00,TX-ALPHA-01,65.69,49.65,36.77,11.52,7.5,6.79,8.93,LOW,NOMINAL: Operating within normal thermal & electrical limits. Routine maintenance cycle.
2026-06-10 05:00:00,TX-ALPHA-01,51.97,49.39,42.75,3.93,24.08,4.95,11.24,LOW,NOMINAL: Operating within normal thermal & electrical limits. Routine maintenance cycle.
2026-06-10 06:00:00,TX-ALPHA-01,49.1,45.96,38.73,0.03,31.56,10.15,13.59,LOW,NOMINAL: Operating within normal thermal & electrical limits. Routine maintenance cycle.
2026-06-10 07:00:00,TX-ALPHA-01,65.55,54.93,43.8,12.13,8.1,13.62,11.09,LOW,NOMINAL: Operating within normal thermal & electrical limits. Routine maintenance cycle.
2026-06-10 08:00:00,TX-ALPHA-01,63.86,55.64,45.33,12.43,2.84,6.07,7.48,LOW,NOMINAL: Operating within normal thermal & electrical limits. Routine maintenance cycle.
2026-06-10 09:00:00,TX-ALPHA-01,65.9,60.31,48.66,12.01,11.31,13.81,12.21,LOW,NOMINAL: Operating within normal thermal & electrical limits. Routine maintenance cycle.
2026-06-10 10:00:00,TX-ALPHA-01,74.75,69.56,55.03,24.66,16.09,16.31,19.58,LOW,NOMINAL: Operating within normal thermal & electrical limits. Routine maintenance cycle.
2026-06-10 11:00:00,TX-ALPHA-01,79.1,73.85,57.2,34.0,18.86,11.91,23.18,LOW,NOMINAL: Operating within normal thermal & electrical limits. Routine maintenance cycle.
2026-06-10 12:00:00,TX-ALPHA-01,75.98,73.87,60.98,29.97,13.8,12.17,19.86,LOW,NOMINAL: Operating within normal thermal & electrical limits. Routine maintenance cycle.
2026-06-10 13:00:00,TX-ALPHA-01,78.41,76.21,62.75,32.54,21.27,16.67,24.63,LOW,NOMINAL: Operating within normal thermal & electrical limits. Routine maintenance cycle.
2026-06-10 14:00:00,TX-ALPHA-01,79.75,79.53,64.19,36.93,22.74,13.98,26.22,LOW,NOMINAL: Operating within normal thermal & electrical limits. Routine maintenance cycle.
2026-06-10 15:00:00,TX-ALPHA-01,65.48,63.12,52.01,14.2,5.15,8.78,9.68,LOW,NOMINAL: Operating within normal thermal & electrical limits. Routine maintenance cycle.
2026-06-10 16:00:00,TX-ALPHA-01,60.2,63.63,52.88,9.09,23.94,12.62,15.17,LOW,NOMINAL: Operating within normal thermal & electrical limits. Routine maintenance cycle.
2026-06-10 17:00:00,TX-ALPHA-01,57.36,64.13,55.18,10.03,11.58,11.37,10.91,LOW,NOMINAL: Operating within normal thermal & electrical limits. Routine maintenance cycle.
2026-06-10 18:00:00,TX-ALPHA-01,52.75,64.86,54.53,9.31,13.27,10.3,10.94,LOW,NOMINAL: Operating within normal thermal & electrical limits. Routine maintenance cycle.
2026-06-10 19:00:00,TX-ALPHA-01,130.21,82.22,45.87,44.78,91.24,13.54,53.23,MEDIUM,ADVISORY: Increase SCADA polling frequency to 5 minutes; monitor hot-spot temperature delta.
2026-06-10 20:00:00,TX-ALPHA-01,59.25,55.37,45.77,5.68,12.87,11.77,9.72,LOW,NOMINAL: Operating within normal thermal & electrical limits. Routine maintenance cycle.
2026-06-10 21:00:00,TX-ALPHA-01,65.45,53.64,42.29,9.99,5.2,5.52,7.2,LOW,NOMINAL: Operating within normal thermal & electrical limits. Routine maintenance cycle.
2026-06-10 22:00:00,TX-ALPHA-01,75.18,60.42,46.75,20.26,7.59,8.08,12.78,LOW,NOMINAL: Operating within normal thermal & electrical limits. Routine maintenance cycle.
2026-06-10 23:00:00,TX-ALPHA-01,73.51,50.95,38.76,18.16,14.99,18.43,17.12,LOW,NOMINAL: Operating within normal thermal & electrical limits. Routine maintenance cycle.
2026-06-11 00:00:00,TX-ALPHA-01,85.89,58.34,40.21,25.13,31.25,10.03,23.5,LOW,NOMINAL: Operating within normal thermal & electrical limits. Routine maintenance cycle.
2026-06-11 01:00:00,TX-ALPHA-01,79.52,57.82,40.6,20.68,12.53,10.96,15.4,LOW,NOMINAL: Operating within normal thermal & electrical limits. Routine maintenance cycle.
2026-06-11 02:00:00,TX-ALPHA-01,80.74,54.0,39.3,21.07,14.75,5.97,15.08,LOW,NOMINAL: Operating within normal thermal & electrical limits. Routine maintenance cycle.
2026-06-11 03:00:00,TX-ALPHA-01,74.35,49.82,37.42,17.45,9.71,11.26,13.19,LOW,NOMINAL: Operating within normal thermal & electrical limits. Routine maintenance cycle.
2026-06-11 04:00:00,TX-ALPHA-01,62.05,44.7,36.17,8.07,18.61,11.07,12.51,LOW,NOMINAL: Operating within normal thermal & electrical limits. Routine maintenance cycle.
2026-06-11 05:00:00,TX-ALPHA-01,56.29,54.96,46.98,5.69,19.23,22.86,14.72,LOW,NOMINAL: Operating within normal thermal & electrical limits. Routine maintenance cycle.
2026-06-11 06:00:00,TX-ALPHA-01,51.56,43.82,35.76,1.04,31.13,12.12,14.34,LOW,NOMINAL: Operating within normal thermal & electrical limits. Routine maintenance cycle.
2026-06-11 07:00:00,TX-ALPHA-01,54.6,53.47,43.93,3.51,11.15,9.08,7.57,LOW,NOMINAL: Operating within normal thermal & electrical limits. Routine maintenance cycle.
2026-06-11 08:00:00,TX-ALPHA-01,59.7,53.59,46.5,6.54,10.74,15.18,10.17,LOW,NOMINAL: Operating within normal thermal & electrical limits. Routine maintenance cycle.
2026-06-11 09:00:00,TX-ALPHA-01,64.67,58.74,48.08,10.22,0.85,10.55,7.03,LOW,NOMINAL: Operating within normal thermal & electrical limits. Routine maintenance cycle.
2026-06-11 10:00:00,TX-ALPHA-01,70.91,61.83,49.78,16.48,1.7,5.06,8.45,LOW,NOMINAL: Operating within normal thermal & electrical limits. Routine maintenance cycle.
2026-06-11 11:00:00,TX-ALPHA-01,77.16,68.56,53.77,25.24,12.02,16.02,18.31,LOW,NOMINAL: Operating within normal thermal & electrical limits. Routine maintenance cycle.
2026-06-11 12:00:00,TX-ALPHA-01,86.53,76.0,58.42,39.34,27.8,9.93,27.95,LOW,NOMINAL: Operating within normal thermal & electrical limits. Routine maintenance cycle.
2026-06-11 13:00:00,TX-ALPHA-01,76.43,71.97,57.97,28.49,23.97,14.09,23.31,LOW,NOMINAL: Operating within normal thermal & electrical limits. Routine maintenance cycle.
2026-06-11 14:00:00,TX-ALPHA-01,78.87,75.34,61.1,34.3,24.88,14.47,26.05,LOW,NOMINAL: Operating within normal thermal & electrical limits. Routine maintenance cycle.
2026-06-11 15:00:00,TX-ALPHA-01,62.89,66.29,56.2,14.15,12.72,13.2,13.41,LOW,NOMINAL: Operating within normal thermal & electrical limits. Routine maintenance cycle.
2026-06-11 16:00:00,TX-ALPHA-01,67.87,67.35,55.73,19.87,7.74,5.69,12.08,LOW,NOMINAL: Operating within normal thermal & electrical limits. Routine maintenance cycle.
2026-06-11 17:00:00,TX-ALPHA-01,56.8,62.68,53.49,7.23,7.32,8.67,7.62,LOW,NOMINAL: Operating within normal thermal & electrical limits. Routine maintenance cycle.
2026-06-11 18:00:00,TX-ALPHA-01,46.49,55.22,49.51,0.0,42.52,12.03,17.89,LOW,NOMINAL: Operating within normal thermal & electrical limits. Routine maintenance cycle.
2026-06-11 19:00:00,TX-ALPHA-01,53.57,57.07,48.34,1.94,14.44,9.64,8.24,LOW,NOMINAL: Operating within normal thermal & electrical limits. Routine maintenance cycle.
2026-06-11 20:00:00,TX-ALPHA-01,58.47,57.0,47.83,6.17,8.74,8.65,7.69,LOW,NOMINAL: Operating within normal thermal & electrical limits. Routine maintenance cycle.
2026-06-11 21:00:00,TX-ALPHA-01,69.94,55.44,42.59,19.09,3.89,7.99,11.0,LOW,NOMINAL: Operating within normal thermal & electrical limits. Routine maintenance cycle.
2026-06-11 22:00:00,TX-ALPHA-01,77.32,61.98,45.21,19.92,7.44,6.42,12.18,LOW,NOMINAL: Operating within normal thermal & electrical limits. Routine maintenance cycle.
2026-06-11 23:00:00,TX-ALPHA-01,80.5,60.98,44.95,22.05,22.71,14.06,20.28,LOW,NOMINAL: Operating within normal thermal & electrical limits. Routine maintenance cycle.
2026-06-12 00:00:00,TX-ALPHA-01,75.29,57.32,45.1,18.09,13.73,9.64,14.45,LOW,NOMINAL: Operating within normal thermal & electrical limits. Routine maintenance cycle.
2026-06-12 01:00:00,TX-ALPHA-01,81.17,53.94,38.49,23.71,20.36,4.69,17.78,LOW,NOMINAL: Operating within normal thermal & electrical limits. Routine maintenance cycle.
2026-06-12 02:00:00,TX-ALPHA-01,81.4,55.14,39.23,23.06,21.6,6.39,18.38,LOW,NOMINAL: Operating within normal thermal & electrical limits. Routine maintenance cycle.
2026-06-12 03:00:00,TX-ALPHA-01,66.54,51.7,38.4,12.24,11.09,13.71,12.2,LOW,NOMINAL: Operating within normal thermal & electrical limits. Routine maintenance cycle.
2026-06-12 04:00:00,TX-ALPHA-01,58.4,46.81,38.46,7.93,13.26,8.06,9.83,LOW,NOMINAL: Operating within normal thermal & electrical limits. Routine maintenance cycle.
2026-06-12 05:00:00,TX-ALPHA-01,57.82,48.09,40.29,5.42,14.36,9.9,9.67,LOW,NOMINAL: Operating within normal thermal & electrical limits. Routine maintenance cycle.
2026-06-12 06:00:00,TX-ALPHA-01,55.12,50.97,42.87,8.26,18.78,4.7,11.05,LOW,NOMINAL: Operating within normal thermal & electrical limits. Routine maintenance cycle.
2026-06-12 07:00:00,TX-ALPHA-01,57.04,53.86,43.75,7.62,5.57,6.91,6.73,LOW,NOMINAL: Operating within normal thermal & electrical limits. Routine maintenance cycle.
2026-06-12 08:00:00,TX-ALPHA-01,65.5,56.53,46.61,11.93,1.9,5.54,6.82,LOW,NOMINAL: Operating within normal thermal & electrical limits. Routine maintenance cycle.
2026-06-12 09:00:00,TX-ALPHA-01,66.54,60.68,48.11,35.0,35.64,10.35,29.06,LOW,NOMINAL: Operating within normal thermal & electrical limits. Routine maintenance cycle.
2026-06-12 10:00:00,TX-ALPHA-01,78.11,74.26,59.08,31.83,12.45,14.17,20.63,LOW,NOMINAL: Operating within normal thermal & electrical limits. Routine maintenance cycle.
2026-06-12 11:00:00,TX-ALPHA-01,79.07,70.38,56.02,31.31,12.69,10.22,19.52,LOW,NOMINAL: Operating within normal thermal & electrical limits. Routine maintenance cycle.
2026-06-12 12:00:00,TX-ALPHA-01,79.99,74.51,61.48,32.57,11.31,8.96,19.22,LOW,NOMINAL: Operating within normal thermal & electrical limits. Routine maintenance cycle.
2026-06-12 13:00:00,TX-ALPHA-01,75.26,74.08,59.72,29.2,8.44,8.46,16.75,LOW,NOMINAL: Operating within normal thermal & electrical limits. Routine maintenance cycle.
2026-06-12 14:00:00,TX-ALPHA-01,72.7,68.8,54.8,24.94,12.37,9.56,16.7,LOW,NOMINAL: Operating within normal thermal & electrical limits. Routine maintenance cycle.
2026-06-12 15:00:00,TX-ALPHA-01,61.33,59.1,49.72,7.22,31.25,12.34,16.91,LOW,NOMINAL: Operating within normal thermal & electrical limits. Routine maintenance cycle.
2026-06-12 16:00:00,TX-ALPHA-01,65.96,96.5,76.86,51.41,55.01,11.42,42.67,MEDIUM,ADVISORY: Increase SCADA polling frequency to 5 minutes; monitor hot-spot temperature delta.
2026-06-12 17:00:00,TX-ALPHA-01,52.4,58.94,51.4,3.25,19.44,5.01,9.36,LOW,NOMINAL: Operating within normal thermal & electrical limits. Routine maintenance cycle.
2026-06-12 18:00:00,TX-ALPHA-01,59.26,62.95,53.02,10.73,8.99,12.66,10.61,LOW,NOMINAL: Operating within normal thermal & electrical limits. Routine maintenance cycle.
2026-06-12 19:00:00,TX-ALPHA-01,64.42,59.14,48.91,11.31,5.73,5.23,7.84,LOW,NOMINAL: Operating within normal thermal & electrical limits. Routine maintenance cycle.
2026-06-12 20:00:00,TX-ALPHA-01,59.01,57.09,47.67,5.46,17.43,5.78,9.73,LOW,NOMINAL: Operating within normal thermal & electrical limits. Routine maintenance cycle.
2026-06-12 21:00:00,TX-ALPHA-01,67.78,55.7,45.6,13.37,21.96,16.26,17.1,LOW,NOMINAL: Operating within normal thermal & electrical limits. Routine maintenance cycle.
2026-06-12 22:00:00,TX-ALPHA-01,65.33,48.18,37.48,11.88,13.73,4.67,10.72,LOW,NOMINAL: Operating within normal thermal & electrical limits. Routine maintenance cycle.
2026-06-12 23:00:00,TX-ALPHA-01,82.86,61.22,46.44,27.42,32.39,9.06,24.57,LOW,NOMINAL: Operating within normal thermal & electrical limits. Routine maintenance cycle.
2026-06-13 00:00:00,TX-ALPHA-01,80.2,59.02,43.16,20.83,7.35,8.1,12.93,LOW,NOMINAL: Operating within normal thermal & electrical limits. Routine maintenance cycle.
2026-06-13 01:00:00,TX-ALPHA-01,79.45,53.59,40.67,21.55,25.76,16.35,21.72,LOW,NOMINAL: Operating within normal thermal & electrical limits. Routine maintenance cycle.
2026-06-13 02:00:00,TX-ALPHA-01,69.05,48.19,34.6,16.32,13.85,7.02,13.13,LOW,NOMINAL: Operating within normal thermal & electrical limits. Routine maintenance cycle.
2026-06-13 03:00:00,TX-ALPHA-01,65.0,51.15,39.52,12.17,7.24,6.72,9.08,LOW,NOMINAL: Operating within normal thermal & electrical limits. Routine maintenance cycle.
2026-06-13 04:00:00,TX-ALPHA-01,71.3,52.43,39.82,13.99,14.7,7.53,12.62,LOW,NOMINAL: Operating within normal thermal & electrical limits. Routine maintenance cycle.
2026-06-13 05:00:00,TX-ALPHA-01,56.87,51.32,40.9,4.71,10.29,10.06,8.0,LOW,NOMINAL: Operating within normal thermal & electrical limits. Routine maintenance cycle.
2026-06-13 06:00:00,TX-ALPHA-01,50.74,44.33,36.87,0.62,36.61,5.73,14.49,LOW,NOMINAL: Operating within normal thermal & electrical limits. Routine maintenance cycle.
2026-06-13 07:00:00,TX-ALPHA-01,61.4,54.1,43.6,8.42,13.83,17.56,12.6,LOW,NOMINAL: Operating within normal thermal & electrical limits. Routine maintenance cycle.
2026-06-13 08:00:00,TX-ALPHA-01,60.34,59.91,48.38,6.89,15.32,8.08,10.14,LOW,NOMINAL: Operating within normal thermal & electrical limits. Routine maintenance cycle.
2026-06-13 09:00:00,TX-ALPHA-01,68.25,63.13,51.36,16.1,4.2,9.24,10.22,LOW,NOMINAL: Operating within normal thermal & electrical limits. Routine maintenance cycle.
2026-06-13 10:00:00,TX-ALPHA-01,73.94,64.77,52.83,22.08,14.19,13.12,17.08,LOW,NOMINAL: Operating within normal thermal & electrical limits. Routine maintenance cycle.
2026-06-13 11:00:00,TX-ALPHA-01,73.7,67.94,53.53,23.38,5.12,13.11,14.42,LOW,NOMINAL: Operating within normal thermal & electrical limits. Routine maintenance cycle.
2026-06-13 12:00:00,TX-ALPHA-01,76.7,70.82,56.36,35.2,13.44,8.57,20.93,LOW,NOMINAL: Operating within normal thermal & electrical limits. Routine maintenance cycle.
2026-06-13 13:00:00,TX-ALPHA-01,79.69,76.1,60.5,33.7,14.97,8.82,20.92,LOW,NOMINAL: Operating within normal thermal & electrical limits. Routine maintenance cycle.
2026-06-13 14:00:00,TX-ALPHA-01,73.15,71.64,58.21,27.07,10.7,8.09,16.6,LOW,NOMINAL: Operating within normal thermal & electrical limits. Routine maintenance cycle.
2026-06-13 15:00:00,TX-ALPHA-01,69.01,69.47,58.38,22.3,11.31,10.13,15.41,LOW,NOMINAL: Operating within normal thermal & electrical limits. Routine maintenance cycle.
2026-06-13 16:00:00,TX-ALPHA-01,67.06,67.39,56.39,19.81,10.9,5.65,13.15,LOW,NOMINAL: Operating within normal thermal & electrical limits. Routine maintenance cycle.
2026-06-13 17:00:00,TX-ALPHA-01,51.66,58.56,52.1,1.77,39.11,11.64,17.31,LOW,NOMINAL: Operating within normal thermal & electrical limits. Routine maintenance cycle.
2026-06-13 18:00:00,TX-ALPHA-01,47.85,53.56,48.04,0.0,39.96,8.53,16.12,LOW,NOMINAL: Operating within normal thermal & electrical limits. Routine maintenance cycle.
2026-06-13 19:00:00,TX-ALPHA-01,56.76,58.66,49.35,6.13,3.11,4.05,4.55,LOW,NOMINAL: Operating within normal thermal & electrical limits. Routine maintenance cycle.
2026-06-13 20:00:00,TX-ALPHA-01,60.52,48.86,39.66,8.54,29.45,14.36,17.31,LOW,NOMINAL: Operating within normal thermal & electrical limits. Routine maintenance cycle.
2026-06-13 21:00:00,TX-ALPHA-01,65.68,60.04,46.75,12.13,13.11,11.04,12.2,LOW,NOMINAL: Operating within normal thermal & electrical limits. Routine maintenance cycle.
2026-06-13 22:00:00,TX-ALPHA-01,73.71,56.81,44.37,18.98,8.03,5.0,11.65,LOW,NOMINAL: Operating within normal thermal & electrical limits. Routine maintenance cycle.
2026-06-13 23:00:00,TX-ALPHA-01,75.17,59.53,43.77,17.26,8.63,10.09,12.45,LOW,NOMINAL: Operating within normal thermal & electrical limits. Routine maintenance cycle.
2026-06-14 00:00:00,TX-ALPHA-01,78.69,56.74,41.52,19.27,11.37,10.04,14.2,LOW,NOMINAL: Operating within normal thermal & electrical limits. Routine maintenance cycle.
2026-06-14 01:00:00,TX-ALPHA-01,78.67,54.9,40.65,19.26,8.67,6.17,12.28,LOW,NOMINAL: Operating within normal thermal & electrical limits. Routine maintenance cycle.
2026-06-14 02:00:00,TX-ALPHA-01,75.8,53.08,40.04,18.56,7.88,6.18,11.73,LOW,NOMINAL: Operating within normal thermal & electrical limits. Routine maintenance cycle.
2026-06-14 03:00:00,TX-ALPHA-01,69.15,49.7,36.27,12.98,8.6,6.58,9.85,LOW,NOMINAL: Operating within normal thermal & electrical limits. Routine maintenance cycle.
2026-06-14 04:00:00,TX-ALPHA-01,63.17,44.38,34.87,9.56,18.55,9.62,12.72,LOW,NOMINAL: Operating within normal thermal & electrical limits. Routine maintenance cycle.
2026-06-14 05:00:00,TX-ALPHA-01,52.57,46.93,39.61,2.95,17.34,8.2,9.3,LOW,NOMINAL: Operating within normal thermal & electrical limits. Routine maintenance cycle.
2026-06-14 06:00:00,TX-ALPHA-01,50.57,48.67,42.05,0.72,22.94,4.52,9.45,LOW,NOMINAL: Operating within normal thermal & electrical limits. Routine maintenance cycle.
2026-06-14 07:00:00,TX-ALPHA-01,56.49,51.96,42.19,5.5,4.59,6.86,5.52,LOW,NOMINAL: Operating within normal thermal & electrical limits. Routine maintenance cycle.
2026-06-14 08:00:00,TX-ALPHA-01,55.34,58.74,50.79,3.58,17.4,12.3,10.6,LOW,NOMINAL: Operating within normal thermal & electrical limits. Routine maintenance cycle.
2026-06-14 09:00:00,TX-ALPHA-01,55.9,57.57,49.49,6.09,8.28,9.29,7.65,LOW,NOMINAL: Operating within normal thermal & electrical limits. Routine maintenance cycle.
2026-06-14 10:00:00,TX-ALPHA-01,76.59,72.66,56.72,28.57,6.17,8.3,15.66,LOW,NOMINAL: Operating within normal thermal & electrical limits. Routine maintenance cycle.
2026-06-14 11:00:00,TX-ALPHA-01,84.81,79.76,63.85,37.8,30.35,12.28,28.81,LOW,NOMINAL: Operating within normal thermal & electrical limits. Routine maintenance cycle.
2026-06-14 12:00:00,TX-ALPHA-01,78.65,75.33,59.77,33.67,25.32,18.52,26.96,LOW,NOMINAL: Operating within normal thermal & electrical limits. Routine maintenance cycle.
2026-06-14 13:00:00,TX-ALPHA-01,79.11,78.8,62.61,36.15,16.51,8.34,22.32,LOW,NOMINAL: Operating within normal thermal & electrical limits. Routine maintenance cycle.
2026-06-14 14:00:00,TX-ALPHA-01,68.63,68.6,57.21,19.07,4.61,6.31,10.82,LOW,NOMINAL: Operating within normal thermal & electrical limits. Routine maintenance cycle.
2026-06-14 15:00:00,TX-ALPHA-01,67.16,67.88,56.69,18.29,5.34,8.77,11.38,LOW,NOMINAL: Operating within normal thermal & electrical limits. Routine maintenance cycle.
2026-06-14 16:00:00,TX-ALPHA-01,61.6,65.43,54.79,12.2,6.07,8.73,9.19,LOW,NOMINAL: Operating within normal thermal & electrical limits. Routine maintenance cycle.
2026-06-14 17:00:00,TX-ALPHA-01,57.04,59.78,51.64,7.92,7.86,6.62,7.57,LOW,NOMINAL: Operating within normal thermal & electrical limits. Routine maintenance cycle.
2026-06-14 18:00:00,TX-ALPHA-01,55.11,57.27,49.71,4.53,20.69,13.98,12.55,LOW,NOMINAL: Operating within normal thermal & electrical limits. Routine maintenance cycle.
2026-06-14 19:00:00,TX-ALPHA-01,56.17,57.64,48.83,4.27,11.28,3.7,6.58,LOW,NOMINAL: Operating within normal thermal & electrical limits. Routine maintenance cycle.
2026-06-14 20:00:00,TX-ALPHA-01,58.93,59.67,48.12,5.62,4.47,6.64,5.47,LOW,NOMINAL: Operating within normal thermal & electrical limits. Routine maintenance cycle.
2026-06-14 21:00:00,TX-ALPHA-01,66.19,55.33,44.76,14.14,5.2,8.19,9.52,LOW,NOMINAL: Operating within normal thermal & electrical limits. Routine maintenance cycle.
2026-06-14 22:00:00,TX-ALPHA-01,125.66,84.74,43.17,54.15,87.35,6.5,53.86,MEDIUM,ADVISORY: Increase SCADA polling frequency to 5 minutes; monitor hot-spot temperature delta.
2026-06-14 23:00:00,TX-ALPHA-01,77.04,60.14,45.6,18.2,4.49,7.02,10.61,LOW,NOMINAL: Operating within normal thermal & electrical limits. Routine maintenance cycle.
2026-06-15 00:00:00,TX-ALPHA-01,78.86,59.34,45.63,19.71,24.72,25.65,22.95,LOW,NOMINAL: Operating within normal thermal & electrical limits. Routine maintenance cycle.
2026-06-15 01:00:00,TX-ALPHA-01,77.56,61.63,46.07,19.47,5.38,8.83,11.88,LOW,NOMINAL: Operating within normal thermal & electrical limits. Routine maintenance cycle.
2026-06-15 02:00:00,TX-ALPHA-01,68.45,45.65,34.99,33.69,59.41,26.25,40.83,MEDIUM,ADVISORY: Increase SCADA polling frequency to 5 minutes; monitor hot-spot temperature delta.
2026-06-15 03:00:00,TX-ALPHA-01,64.38,44.21,33.69,12.51,28.04,15.33,18.65,LOW,NOMINAL: Operating within normal thermal & electrical limits. Routine maintenance cycle.
2026-06-15 04:00:00,TX-ALPHA-01,66.92,49.03,37.68,11.96,9.29,5.99,9.53,LOW,NOMINAL: Operating within normal thermal & electrical limits. Routine maintenance cycle.
2026-06-15 05:00:00,TX-ALPHA-01,57.51,52.77,44.49,8.19,10.43,7.72,8.86,LOW,NOMINAL: Operating within normal thermal & electrical limits. Routine maintenance cycle.
2026-06-15 06:00:00,TX-ALPHA-01,54.83,58.12,47.43,4.36,12.5,9.95,8.61,LOW,NOMINAL: Operating within normal thermal & electrical limits. Routine maintenance cycle.
2026-06-15 07:00:00,TX-ALPHA-01,57.65,59.5,48.45,6.01,7.29,9.35,7.29,LOW,NOMINAL: Operating within normal thermal & electrical limits. Routine maintenance cycle.
2026-06-15 08:00:00,TX-ALPHA-01,61.7,50.15,40.45,7.19,13.12,8.07,9.49,LOW,NOMINAL: Operating within normal thermal & electrical limits. Routine maintenance cycle.
2026-06-15 09:00:00,TX-ALPHA-01,69.47,91.41,70.92,49.63,49.03,4.38,38.11,MEDIUM,ADVISORY: Increase SCADA polling frequency to 5 minutes; monitor hot-spot temperature delta.
2026-06-15 10:00:00,TX-ALPHA-01,68.65,60.88,48.66,13.1,15.05,19.5,15.38,LOW,NOMINAL: Operating within normal thermal & electrical limits. Routine maintenance cycle.
2026-06-15 11:00:00,TX-ALPHA-01,78.68,71.97,57.38,31.17,12.66,13.33,20.23,LOW,NOMINAL: Operating within normal thermal & electrical limits. Routine maintenance cycle.
2026-06-15 12:00:00,TX-ALPHA-01,81.35,82.05,64.51,40.0,19.53,5.92,24.32,LOW,NOMINAL: Operating within normal thermal & electrical limits. Routine maintenance cycle.
2026-06-15 13:00:00,TX-ALPHA-01,80.07,77.44,61.03,36.36,30.56,16.07,29.26,LOW,NOMINAL: Operating within normal thermal & electrical limits. Routine maintenance cycle.
2026-06-15 14:00:00,TX-ALPHA-01,72.56,71.8,58.4,25.58,10.53,7.86,15.88,LOW,NOMINAL: Operating within normal thermal & electrical limits. Routine maintenance cycle.
2026-06-15 15:00:00,TX-ALPHA-01,59.1,67.79,59.19,14.85,12.9,4.48,11.58,LOW,NOMINAL: Operating within normal thermal & electrical limits. Routine maintenance cycle.
2026-06-15 16:00:00,TX-ALPHA-01,59.42,64.84,55.12,12.45,8.69,5.25,9.33,LOW,NOMINAL: Operating within normal thermal & electrical limits. Routine maintenance cycle.
2026-06-15 17:00:00,TX-ALPHA-01,52.79,62.32,53.73,4.26,15.21,4.79,8.23,LOW,NOMINAL: Operating within normal thermal & electrical limits. Routine maintenance cycle.
2026-06-15 18:00:00,TX-ALPHA-01,52.59,62.31,53.29,5.07,12.33,9.3,8.67,LOW,NOMINAL: Operating within normal thermal & electrical limits. Routine maintenance cycle.
2026-06-15 19:00:00,TX-ALPHA-01,55.68,60.34,51.38,4.05,13.18,5.82,7.69,LOW,NOMINAL: Operating within normal thermal & electrical limits. Routine maintenance cycle.
2026-06-15 20:00:00,TX-ALPHA-01,59.84,56.68,48.21,7.4,6.9,12.56,8.52,LOW,NOMINAL: Operating within normal thermal & electrical limits. Routine maintenance cycle.
2026-06-15 21:00:00,TX-ALPHA-01,72.94,57.04,44.41,16.18,12.52,19.05,15.62,LOW,NOMINAL: Operating within normal thermal & electrical limits. Routine maintenance cycle.
2026-06-15 22:00:00,TX-ALPHA-01,78.08,60.86,44.33,18.19,14.29,5.79,13.73,LOW,NOMINAL: Operating within normal thermal & electrical limits. Routine maintenance cycle.
2026-06-15 23:00:00,TX-ALPHA-01,79.88,60.9,46.1,22.12,6.4,6.91,12.82,LOW,NOMINAL: Operating within normal thermal & electrical limits. Routine maintenance cycle.
2026-06-16 00:00:00,TX-ALPHA-01,74.01,58.08,44.58,16.55,4.14,10.98,10.82,LOW,NOMINAL: Operating within normal thermal & electrical limits. Routine maintenance cycle.
2026-06-16 01:00:00,TX-ALPHA-01,78.29,55.6,37.73,18.84,19.21,12.37,17.35,LOW,NOMINAL: Operating within normal thermal & electrical limits. Routine maintenance cycle.
2026-06-16 02:00:00,TX-ALPHA-01,78.97,56.19,40.03,20.04,15.46,12.9,16.65,LOW,NOMINAL: Operating within normal thermal & electrical limits. Routine maintenance cycle.
2026-06-16 03:00:00,TX-ALPHA-01,68.47,48.85,38.66,12.02,11.43,6.52,10.44,LOW,NOMINAL: Operating within normal thermal & electrical limits. Routine maintenance cycle.
2026-06-16 04:00:00,TX-ALPHA-01,62.31,45.3,33.84,9.69,18.92,12.26,13.56,LOW,NOMINAL: Operating within normal thermal & electrical limits. Routine maintenance cycle.
2026-06-16 05:00:00,TX-ALPHA-01,56.04,49.47,41.89,6.25,11.38,7.13,8.26,LOW,NOMINAL: Operating within normal thermal & electrical limits. Routine maintenance cycle.
2026-06-16 06:00:00,TX-ALPHA-01,52.13,50.05,43.42,2.22,22.49,10.89,11.48,LOW,NOMINAL: Operating within normal thermal & electrical limits. Routine maintenance cycle.
2026-06-16 07:00:00,TX-ALPHA-01,51.27,55.82,46.57,2.33,25.86,13.91,13.46,LOW,NOMINAL: Operating within normal thermal & electrical limits. Routine maintenance cycle.
2026-06-16 08:00:00,TX-ALPHA-01,63.51,54.43,43.92,11.35,3.18,10.83,8.36,LOW,NOMINAL: Operating within normal thermal & electrical limits. Routine maintenance cycle.
2026-06-16 09:00:00,TX-ALPHA-01,71.42,64.0,51.22,17.96,4.26,7.3,10.5,LOW,NOMINAL: Operating within normal thermal & electrical limits. Routine maintenance cycle.
2026-06-16 10:00:00,TX-ALPHA-01,71.54,65.54,53.23,19.83,6.64,13.63,13.66,LOW,NOMINAL: Operating within normal thermal & electrical limits. Routine maintenance cycle.
2026-06-16 11:00:00,TX-ALPHA-01,78.86,70.9,56.77,31.38,9.44,10.35,18.44,LOW,NOMINAL: Operating within normal thermal & electrical limits. Routine maintenance cycle.
2026-06-16 12:00:00,TX-ALPHA-01,78.83,75.58,58.73,34.11,8.24,6.82,18.23,LOW,NOMINAL: Operating within normal thermal & electrical limits. Routine maintenance cycle.
2026-06-16 13:00:00,TX-ALPHA-01,70.97,71.32,57.0,24.53,18.59,8.49,18.44,LOW,NOMINAL: Operating within normal thermal & electrical limits. Routine maintenance cycle.
2026-06-16 14:00:00,TX-ALPHA-01,70.16,65.0,52.83,19.65,11.17,4.47,12.89,LOW,NOMINAL: Operating within normal thermal & electrical limits. Routine maintenance cycle.
2026-06-16 15:00:00,TX-ALPHA-01,66.1,65.12,54.06,16.65,6.73,5.24,10.32,LOW,NOMINAL: Operating within normal thermal & electrical limits. Routine maintenance cycle.
2026-06-16 16:00:00,TX-ALPHA-01,60.93,62.21,53.65,8.4,12.08,9.4,9.94,LOW,NOMINAL: Operating within normal thermal & electrical limits. Routine maintenance cycle.
2026-06-16 17:00:00,TX-ALPHA-01,57.31,65.07,55.48,11.31,21.36,12.63,15.16,LOW,NOMINAL: Operating within normal thermal & electrical limits. Routine maintenance cycle.
2026-06-16 18:00:00,TX-ALPHA-01,52.33,58.2,49.97,1.37,30.32,10.7,13.83,LOW,NOMINAL: Operating within normal thermal & electrical limits. Routine maintenance cycle.
2026-06-16 19:00:00,TX-ALPHA-01,53.03,54.38,47.19,2.48,18.61,14.46,11.12,LOW,NOMINAL: Operating within normal thermal & electrical limits. Routine maintenance cycle.
2026-06-16 20:00:00,TX-ALPHA-01,132.47,81.39,45.43,47.36,92.95,10.74,54.16,MEDIUM,ADVISORY: Increase SCADA polling frequency to 5 minutes; monitor hot-spot temperature delta.
2026-06-16 21:00:00,TX-ALPHA-01,64.14,52.95,42.15,10.44,4.96,5.88,7.38,LOW,NOMINAL: Operating within normal thermal & electrical limits. Routine maintenance cycle.
2026-06-16 22:00:00,TX-ALPHA-01,72.1,59.46,45.86,13.74,3.09,8.45,8.69,LOW,NOMINAL: Operating within normal thermal & electrical limits. Routine maintenance cycle.
2026-06-16 23:00:00,TX-ALPHA-01,66.67,45.92,33.68,12.31,15.95,10.84,13.21,LOW,NOMINAL: Operating within normal thermal & electrical limits. Routine maintenance cycle.
2026-06-17 00:00:00,TX-ALPHA-01,74.5,56.12,40.26,18.56,6.24,6.26,11.17,LOW,NOMINAL: Operating within normal thermal & electrical limits. Routine maintenance cycle.
2026-06-17 01:00:00,TX-ALPHA-01,77.19,56.2,42.4,21.25,18.87,15.92,19.09,LOW,NOMINAL: Operating within normal thermal & electrical limits. Routine maintenance cycle.
2026-06-17 02:00:00,TX-ALPHA-01,74.56,60.03,44.33,19.39,11.6,8.66,13.98,LOW,NOMINAL: Operating within normal thermal & electrical limits. Routine maintenance cycle.
2026-06-17 03:00:00,TX-ALPHA-01,64.7,45.06,35.61,11.11,23.18,16.52,16.69,LOW,NOMINAL: Operating within normal thermal & electrical limits. Routine maintenance cycle.
2026-06-17 04:00:00,TX-ALPHA-01,62.33,43.81,35.04,9.69,15.11,11.48,12.04,LOW,NOMINAL: Operating within normal thermal & electrical limits. Routine maintenance cycle.
2026-06-17 05:00:00,TX-ALPHA-01,54.74,50.73,41.98,4.51,14.45,10.11,9.39,LOW,NOMINAL: Operating within normal thermal & electrical limits. Routine maintenance cycle.
2026-06-17 06:00:00,TX-ALPHA-01,58.91,53.71,46.37,8.96,9.71,7.76,8.92,LOW,NOMINAL: Operating within normal thermal & electrical limits. Routine maintenance cycle.
2026-06-17 07:00:00,TX-ALPHA-01,56.48,58.65,49.67,5.02,7.77,10.02,7.23,LOW,NOMINAL: Operating within normal thermal & electrical limits. Routine maintenance cycle.
2026-06-17 08:00:00,TX-ALPHA-01,61.76,52.89,42.94,7.4,6.91,10.99,8.13,LOW,NOMINAL: Operating within normal thermal & electrical limits. Routine maintenance cycle.
2026-06-17 09:00:00,TX-ALPHA-01,68.68,60.45,49.74,15.79,8.01,10.1,11.64,LOW,NOMINAL: Operating within normal thermal & electrical limits. Routine maintenance cycle.
2026-06-17 10:00:00,TX-ALPHA-01,69.63,65.91,52.29,19.49,10.07,17.85,15.78,LOW,NOMINAL: Operating within normal thermal & electrical limits. Routine maintenance cycle.
2026-06-17 11:00:00,TX-ALPHA-01,83.14,75.23,60.65,34.62,11.78,6.96,19.71,LOW,NOMINAL: Operating within normal thermal & electrical limits. Routine maintenance cycle.
2026-06-17 12:00:00,TX-ALPHA-01,78.76,79.29,63.42,31.75,18.01,7.49,20.88,LOW,NOMINAL: Operating within normal thermal & electrical limits. Routine maintenance cycle.
2026-06-17 13:00:00,TX-ALPHA-01,75.49,74.09,58.72,29.65,4.14,6.28,14.88,LOW,NOMINAL: Operating within normal thermal & electrical limits. Routine maintenance cycle.
2026-06-17 14:00:00,TX-ALPHA-01,75.41,74.92,61.03,29.12,14.9,11.51,19.74,LOW,NOMINAL: Operating within normal thermal & electrical limits. Routine maintenance cycle.
2026-06-17 15:00:00,TX-ALPHA-01,70.69,68.73,55.59,22.39,5.59,5.73,12.35,LOW,NOMINAL: Operating within normal thermal & electrical limits. Routine maintenance cycle.
2026-06-01 00:00:00,TX-BETA-02,80.3,61.21,46.52,21.51,16.84,11.7,17.43,LOW,NOMINAL: Operating within normal thermal & electrical limits. Routine maintenance cycle.
2026-06-01 01:00:00,TX-BETA-02,77.38,62.37,47.16,21.68,9.57,7.94,14.01,LOW,NOMINAL: Operating within normal thermal & electrical limits. Routine maintenance cycle.
2026-06-01 02:00:00,TX-BETA-02,67.01,53.67,37.97,13.87,8.39,5.77,9.93,LOW,NOMINAL: Operating within normal thermal & electrical limits. Routine maintenance cycle.
2026-06-01 03:00:00,TX-BETA-02,66.55,50.89,37.95,11.52,10.75,15.63,12.28,LOW,NOMINAL: Operating within normal thermal & electrical limits. Routine maintenance cycle.
2026-06-01 04:00:00,TX-BETA-02,59.35,53.72,44.14,5.93,12.57,6.15,8.31,LOW,NOMINAL: Operating within normal thermal & electrical limits. Routine maintenance cycle.
2026-06-01 05:00:00,TX-BETA-02,54.03,50.01,40.68,2.71,12.21,7.21,7.16,LOW,NOMINAL: Operating within normal thermal & electrical limits. Routine maintenance cycle.
2026-06-01 06:00:00,TX-BETA-02,60.3,51.98,40.25,7.23,5.4,12.66,7.95,LOW,NOMINAL: Operating within normal thermal & electrical limits. Routine maintenance cycle.
2026-06-01 07:00:00,TX-BETA-02,53.08,55.44,46.09,3.53,10.44,5.17,6.36,LOW,NOMINAL: Operating within normal thermal & electrical limits. Routine maintenance cycle.
2026-06-01 08:00:00,TX-BETA-02,52.48,58.4,49.85,4.03,23.31,11.9,12.74,LOW,NOMINAL: Operating within normal thermal & electrical limits. Routine maintenance cycle.
2026-06-01 09:00:00,TX-BETA-02,72.3,70.81,56.06,24.78,6.75,11.01,15.03,LOW,NOMINAL: Operating within normal thermal & electrical limits. Routine maintenance cycle.
2026-06-01 10:00:00,TX-BETA-02,77.99,73.42,57.44,31.64,11.65,12.44,19.85,LOW,NOMINAL: Operating within normal thermal & electrical limits. Routine maintenance cycle.
2026-06-01 11:00:00,TX-BETA-02,75.57,76.54,63.31,30.8,10.58,10.0,18.52,LOW,NOMINAL: Operating within normal thermal & electrical limits. Routine maintenance cycle.
2026-06-01 12:00:00,TX-BETA-02,83.55,84.37,66.62,44.97,30.53,8.58,30.82,LOW,NOMINAL: Operating within normal thermal & electrical limits. Routine maintenance cycle.
2026-06-01 13:00:00,TX-BETA-02,68.71,70.8,58.36,23.3,2.5,5.78,11.64,LOW,NOMINAL: Operating within normal thermal & electrical limits. Routine maintenance cycle.
2026-06-01 14:00:00,TX-BETA-02,75.7,80.82,65.46,35.2,22.41,11.77,24.87,LOW,NOMINAL: Operating within normal thermal & electrical limits. Routine maintenance cycle.
2026-06-01 15:00:00,TX-BETA-02,67.25,69.33,59.1,17.69,10.18,6.24,12.2,LOW,NOMINAL: Operating within normal thermal & electrical limits. Routine maintenance cycle.
2026-06-01 16:00:00,TX-BETA-02,66.27,73.83,59.25,26.15,6.64,8.36,14.87,LOW,NOMINAL: Operating within normal thermal & electrical limits. Routine maintenance cycle.
2026-06-01 17:00:00,TX-BETA-02,54.59,64.3,54.78,8.02,18.31,13.22,12.92,LOW,NOMINAL: Operating within normal thermal & electrical limits. Routine maintenance cycle.
2026-06-01 18:00:00,TX-BETA-02,50.51,57.39,49.66,2.04,19.28,6.07,9.08,LOW,NOMINAL: Operating within normal thermal & electrical limits. Routine maintenance cycle.
2026-06-01 19:00:00,TX-BETA-02,56.69,59.19,50.3,6.2,9.98,15.05,9.74,LOW,NOMINAL: Operating within normal thermal & electrical limits. Routine maintenance cycle.
2026-06-01 20:00:00,TX-BETA-02,67.16,61.34,47.71,16.0,11.58,11.24,13.26,LOW,NOMINAL: Operating within normal thermal & electrical limits. Routine maintenance cycle.
2026-06-01 21:00:00,TX-BETA-02,66.39,57.71,46.55,10.69,5.21,12.2,9.15,LOW,NOMINAL: Operating within normal thermal & electrical limits. Routine maintenance cycle.
2026-06-01 22:00:00,TX-BETA-02,74.02,61.68,46.47,19.69,6.3,6.86,11.79,LOW,NOMINAL: Operating within normal thermal & electrical limits. Routine maintenance cycle.
2026-06-01 23:00:00,TX-BETA-02,76.99,63.14,46.62,24.05,7.81,5.64,13.76,LOW,NOMINAL: Operating within normal thermal & electrical limits. Routine maintenance cycle.
2026-06-02 00:00:00,TX-BETA-02,79.72,62.9,46.08,23.58,14.7,9.3,16.9,LOW,NOMINAL: Operating within normal thermal & electrical limits. Routine maintenance cycle.
2026-06-02 01:00:00,TX-BETA-02,84.06,65.53,46.75,44.64,58.64,21.21,43.68,MEDIUM,ADVISORY: Increase SCADA polling frequency to 5 minutes; monitor hot-spot temperature delta.
2026-06-02 02:00:00,TX-BETA-02,75.89,59.92,44.38,18.37,15.4,14.3,16.31,LOW,NOMINAL: Operating within normal thermal & electrical limits. Routine maintenance cycle.
2026-06-02 03:00:00,TX-BETA-02,134.1,77.23,36.54,53.62,91.14,6.14,54.88,MEDIUM,ADVISORY: Increase SCADA polling frequency to 5 minutes; monitor hot-spot temperature delta.
2026-06-02 04:00:00,TX-BETA-02,59.04,47.83,39.58,8.0,13.56,5.92,9.43,LOW,NOMINAL: Operating within normal thermal & electrical limits. Routine maintenance cycle.
2026-06-02 05:00:00,TX-BETA-02,54.89,47.97,39.16,3.65,76.75,97.85,52.78,MEDIUM,ADVISORY: Increase SCADA polling frequency to 5 minutes; monitor hot-spot temperature delta.
2026-06-02 06:00:00,TX-BETA-02,64.52,56.11,43.56,11.92,2.67,6.9,7.43,LOW,NOMINAL: Operating within normal thermal & electrical limits. Routine maintenance cycle.
2026-06-02 07:00:00,TX-BETA-02,57.65,61.78,50.89,9.8,10.91,5.69,9.16,LOW,NOMINAL: Operating within normal thermal & electrical limits. Routine maintenance cycle.
2026-06-02 08:00:00,TX-BETA-02,64.18,62.7,50.71,13.61,11.75,14.34,13.14,LOW,NOMINAL: Operating within normal thermal & electrical limits. Routine maintenance cycle.
2026-06-02 09:00:00,TX-BETA-02,61.48,60.26,49.27,7.51,5.78,6.97,6.77,LOW,NOMINAL: Operating within normal thermal & electrical limits. Routine maintenance cycle.
2026-06-02 10:00:00,TX-BETA-02,68.3,71.43,57.97,25.45,11.14,8.69,16.25,LOW,NOMINAL: Operating within normal thermal & electrical limits. Routine maintenance cycle.
2026-06-02 11:00:00,TX-BETA-02,76.46,80.04,63.93,38.01,22.52,8.03,25.1,LOW,NOMINAL: Operating within normal thermal & electrical limits. Routine maintenance cycle.
2026-06-02 12:00:00,TX-BETA-02,78.5,78.28,61.41,34.54,20.21,8.27,22.96,LOW,NOMINAL: Operating within normal thermal & electrical limits. Routine maintenance cycle.
2026-06-02 13:00:00,TX-BETA-02,83.75,82.61,65.22,43.69,37.4,5.39,31.91,LOW,NOMINAL: Operating within normal thermal & electrical limits. Routine maintenance cycle.
2026-06-02 14:00:00,TX-BETA-02,72.44,75.44,59.73,28.64,10.95,10.08,17.81,LOW,NOMINAL: Operating within normal thermal & electrical limits. Routine maintenance cycle.
2026-06-02 15:00:00,TX-BETA-02,66.8,71.62,59.2,23.67,6.32,10.6,14.33,LOW,NOMINAL: Operating within normal thermal & electrical limits. Routine maintenance cycle.
2026-06-02 16:00:00,TX-BETA-02,62.62,64.61,54.49,13.55,15.89,10.35,13.57,LOW,NOMINAL: Operating within normal thermal & electrical limits. Routine maintenance cycle.
2026-06-02 17:00:00,TX-BETA-02,54.08,66.31,56.43,11.58,17.25,6.53,12.3,LOW,NOMINAL: Operating within normal thermal & electrical limits. Routine maintenance cycle.
2026-06-02 18:00:00,TX-BETA-02,52.8,63.55,53.42,4.67,19.94,6.97,10.59,LOW,NOMINAL: Operating within normal thermal & electrical limits. Routine maintenance cycle.
2026-06-02 19:00:00,TX-BETA-02,61.04,60.55,50.04,8.4,10.34,7.81,8.93,LOW,NOMINAL: Operating within normal thermal & electrical limits. Routine maintenance cycle.
2026-06-02 20:00:00,TX-BETA-02,63.35,59.45,48.59,9.7,8.38,12.61,9.97,LOW,NOMINAL: Operating within normal thermal & electrical limits. Routine maintenance cycle.
2026-06-02 21:00:00,TX-BETA-02,70.58,58.48,46.33,13.44,4.73,10.62,9.69,LOW,NOMINAL: Operating within normal thermal & electrical limits. Routine maintenance cycle.
2026-06-02 22:00:00,TX-BETA-02,67.18,60.87,47.25,12.68,5.94,6.73,8.83,LOW,NOMINAL: Operating within normal thermal & electrical limits. Routine maintenance cycle.
2026-06-02 23:00:00,TX-BETA-02,74.61,61.16,47.44,18.06,9.44,11.19,13.33,LOW,NOMINAL: Operating within normal thermal & electrical limits. Routine maintenance cycle.
2026-06-03 00:00:00,TX-BETA-02,75.63,56.36,42.28,17.09,6.25,5.71,10.45,LOW,NOMINAL: Operating within normal thermal & electrical limits. Routine maintenance cycle.
2026-06-03 01:00:00,TX-BETA-02,75.14,62.87,46.45,21.26,10.52,7.52,14.06,LOW,NOMINAL: Operating within normal thermal & electrical limits. Routine maintenance cycle.
2026-06-03 02:00:00,TX-BETA-02,84.82,64.19,46.46,29.62,38.0,8.35,27.23,LOW,NOMINAL: Operating within normal thermal & electrical limits. Routine maintenance cycle.
2026-06-03 03:00:00,TX-BETA-02,73.59,56.0,41.03,19.91,11.48,13.01,15.23,LOW,NOMINAL: Operating within normal thermal & electrical limits. Routine maintenance cycle.
2026-06-03 04:00:00,TX-BETA-02,58.07,52.69,43.27,5.99,11.15,9.56,8.69,LOW,NOMINAL: Operating within normal thermal & electrical limits. Routine maintenance cycle.
2026-06-03 05:00:00,TX-BETA-02,56.72,54.34,43.67,5.06,5.15,7.17,5.62,LOW,NOMINAL: Operating within normal thermal & electrical limits. Routine maintenance cycle.
2026-06-03 06:00:00,TX-BETA-02,52.16,52.95,43.51,2.41,16.21,5.53,8.02,LOW,NOMINAL: Operating within normal thermal & electrical limits. Routine maintenance cycle.
2026-06-03 07:00:00,TX-BETA-02,64.92,53.82,42.33,12.68,4.42,11.24,9.43,LOW,NOMINAL: Operating within normal thermal & electrical limits. Routine maintenance cycle.
2026-06-03 08:00:00,TX-BETA-02,64.76,59.36,48.48,12.73,11.02,7.76,10.89,LOW,NOMINAL: Operating within normal thermal & electrical limits. Routine maintenance cycle.
2026-06-03 09:00:00,TX-BETA-02,64.79,62.19,49.42,11.7,1.8,6.74,6.99,LOW,NOMINAL: Operating within normal thermal & electrical limits. Routine maintenance cycle.
2026-06-03 10:00:00,TX-BETA-02,76.87,74.8,58.91,34.83,23.52,8.92,24.39,LOW,NOMINAL: Operating within normal thermal & electrical limits. Routine maintenance cycle.
2026-06-03 11:00:00,TX-BETA-02,79.6,75.13,58.77,31.64,15.74,10.73,20.85,LOW,NOMINAL: Operating within normal thermal & electrical limits. Routine maintenance cycle.
2026-06-03 12:00:00,TX-BETA-02,76.22,79.06,63.5,35.67,28.46,12.95,27.46,LOW,NOMINAL: Operating within normal thermal & electrical limits. Routine maintenance cycle.
2026-06-03 13:00:00,TX-BETA-02,82.42,87.62,70.04,46.05,37.42,7.23,33.32,LOW,NOMINAL: Operating within normal thermal & electrical limits. Routine maintenance cycle.
2026-06-03 14:00:00,TX-BETA-02,77.71,83.49,67.73,37.69,22.98,9.91,25.59,LOW,NOMINAL: Operating within normal thermal & electrical limits. Routine maintenance cycle.
2026-06-03 15:00:00,TX-BETA-02,65.97,69.57,58.55,18.83,13.63,12.89,15.52,LOW,NOMINAL: Operating within normal thermal & electrical limits. Routine maintenance cycle.
2026-06-03 16:00:00,TX-BETA-02,64.22,70.55,57.3,21.44,9.95,9.02,14.31,LOW,NOMINAL: Operating within normal thermal & electrical limits. Routine maintenance cycle.
2026-06-03 17:00:00,TX-BETA-02,52.89,61.9,54.17,5.65,14.28,11.23,10.07,LOW,NOMINAL: Operating within normal thermal & electrical limits. Routine maintenance cycle.
2026-06-03 18:00:00,TX-BETA-02,60.59,62.4,52.17,10.23,4.58,7.52,7.57,LOW,NOMINAL: Operating within normal thermal & electrical limits. Routine maintenance cycle.
2026-06-03 19:00:00,TX-BETA-02,52.8,52.25,44.93,2.03,18.37,10.7,9.92,LOW,NOMINAL: Operating within normal thermal & electrical limits. Routine maintenance cycle.
2026-06-03 20:00:00,TX-BETA-02,63.63,58.28,45.76,9.38,5.58,9.54,8.09,LOW,NOMINAL: Operating within normal thermal & electrical limits. Routine maintenance cycle.
2026-06-03 21:00:00,TX-BETA-02,65.77,55.66,42.96,12.16,7.25,15.06,11.17,LOW,NOMINAL: Operating within normal thermal & electrical limits. Routine maintenance cycle.
2026-06-03 22:00:00,TX-BETA-02,79.69,67.91,52.22,27.01,10.35,9.58,16.82,LOW,NOMINAL: Operating within normal thermal & electrical limits. Routine maintenance cycle.
2026-06-03 23:00:00,TX-BETA-02,77.1,60.3,45.76,20.08,6.22,9.91,12.69,LOW,NOMINAL: Operating within normal thermal & electrical limits. Routine maintenance cycle.
2026-06-04 00:00:00,TX-BETA-02,77.51,57.88,42.23,19.67,10.46,6.1,13.06,LOW,NOMINAL: Operating within normal thermal & electrical limits. Routine maintenance cycle.
2026-06-04 01:00:00,TX-BETA-02,85.88,60.48,41.63,26.43,35.22,12.67,26.07,LOW,NOMINAL: Operating within normal thermal & electrical limits. Routine maintenance cycle.
2026-06-04 02:00:00,TX-BETA-02,74.54,61.42,44.96,17.56,12.52,7.32,13.24,LOW,NOMINAL: Operating within normal thermal & electrical limits. Routine maintenance cycle.
2026-06-04 03:00:00,TX-BETA-02,62.85,48.47,37.43,8.24,12.17,10.07,10.07,LOW,NOMINAL: Operating within normal thermal & electrical limits. Routine maintenance cycle.
2026-06-04 04:00:00,TX-BETA-02,64.3,48.72,38.24,11.81,19.95,16.66,15.87,LOW,NOMINAL: Operating within normal thermal & electrical limits. Routine maintenance cycle.
2026-06-04 05:00:00,TX-BETA-02,52.04,48.88,40.16,1.35,15.06,10.53,8.44,LOW,NOMINAL: Operating within normal thermal & electrical limits. Routine maintenance cycle.
2026-06-04 06:00:00,TX-BETA-02,52.88,53.84,44.34,1.67,16.72,8.11,8.55,LOW,NOMINAL: Operating within normal thermal & electrical limits. Routine maintenance cycle.
2026-06-04 07:00:00,TX-BETA-02,56.82,52.18,43.53,4.35,6.48,5.25,5.32,LOW,NOMINAL: Operating within normal thermal & electrical limits. Routine maintenance cycle.
2026-06-04 08:00:00,TX-BETA-02,61.29,61.33,49.09,8.04,3.89,6.18,6.12,LOW,NOMINAL: Operating within normal thermal & electrical limits. Routine maintenance cycle.
2026-06-04 09:00:00,TX-BETA-02,68.38,65.71,50.01,19.86,4.4,7.04,11.24,LOW,NOMINAL: Operating within normal thermal & electrical limits. Routine maintenance cycle.
2026-06-04 10:00:00,TX-BETA-02,70.17,66.33,53.67,19.66,8.09,6.96,12.44,LOW,NOMINAL: Operating within normal thermal & electrical limits. Routine maintenance cycle.
2026-06-04 11:00:00,TX-BETA-02,73.71,74.89,60.46,28.89,14.33,12.11,19.6,LOW,NOMINAL: Operating within normal thermal & electrical limits. Routine maintenance cycle.
2026-06-04 12:00:00,TX-BETA-02,86.0,79.64,61.25,42.72,32.06,11.66,31.23,LOW,NOMINAL: Operating within normal thermal & electrical limits. Routine maintenance cycle.
2026-06-04 13:00:00,TX-BETA-02,79.11,82.26,65.7,38.16,20.68,9.93,24.98,LOW,NOMINAL: Operating within normal thermal & electrical limits. Routine maintenance cycle.
2026-06-04 14:00:00,TX-BETA-02,72.47,74.23,59.89,27.84,8.49,6.7,15.78,LOW,NOMINAL: Operating within normal thermal & electrical limits. Routine maintenance cycle.
2026-06-04 15:00:00,TX-BETA-02,69.6,76.04,62.46,25.09,25.7,14.77,22.72,LOW,NOMINAL: Operating within normal thermal & electrical limits. Routine maintenance cycle.
2026-06-04 16:00:00,TX-BETA-02,59.94,66.78,58.33,13.16,17.27,11.6,14.21,LOW,NOMINAL: Operating within normal thermal & electrical limits. Routine maintenance cycle.
2026-06-04 17:00:00,TX-BETA-02,57.12,68.22,59.18,10.91,19.57,8.59,13.36,LOW,NOMINAL: Operating within normal thermal & electrical limits. Routine maintenance cycle.
2026-06-04 18:00:00,TX-BETA-02,53.17,64.57,54.32,5.43,18.35,11.31,11.42,LOW,NOMINAL: Operating within normal thermal & electrical limits. Routine maintenance cycle.
2026-06-04 19:00:00,TX-BETA-02,52.99,90.22,73.07,40.15,59.01,10.05,39.23,MEDIUM,ADVISORY: Increase SCADA polling frequency to 5 minutes; monitor hot-spot temperature delta.
2026-06-04 20:00:00,TX-BETA-02,68.49,63.15,49.78,14.46,5.25,13.84,11.08,LOW,NOMINAL: Operating within normal thermal & electrical limits. Routine maintenance cycle.
2026-06-04 21:00:00,TX-BETA-02,69.07,63.4,49.71,17.39,6.53,10.51,11.87,LOW,NOMINAL: Operating within normal thermal & electrical limits. Routine maintenance cycle.
2026-06-04 22:00:00,TX-BETA-02,68.86,59.0,46.83,14.21,0.48,6.54,7.49,LOW,NOMINAL: Operating within normal thermal & electrical limits. Routine maintenance cycle.
2026-06-04 23:00:00,TX-BETA-02,81.67,64.72,47.44,27.05,14.48,9.09,18.16,LOW,NOMINAL: Operating within normal thermal & electrical limits. Routine maintenance cycle.
2026-06-05 00:00:00,TX-BETA-02,81.22,66.12,50.58,28.29,31.37,13.29,25.62,LOW,NOMINAL: Operating within normal thermal & electrical limits. Routine maintenance cycle.
2026-06-05 01:00:00,TX-BETA-02,75.98,53.89,39.88,18.83,14.85,5.96,14.22,LOW,NOMINAL: Operating within normal thermal & electrical limits. Routine maintenance cycle.
2026-06-05 02:00:00,TX-BETA-02,76.66,62.66,47.36,21.63,13.45,9.95,15.85,LOW,NOMINAL: Operating within normal thermal & electrical limits. Routine maintenance cycle.
2026-06-05 03:00:00,TX-BETA-02,71.58,59.43,45.32,16.75,6.38,10.04,11.44,LOW,NOMINAL: Operating within normal thermal & electrical limits. Routine maintenance cycle.
2026-06-05 04:00:00,TX-BETA-02,63.66,53.07,42.56,9.35,6.62,12.48,9.18,LOW,NOMINAL: Operating within normal thermal & electrical limits. Routine maintenance cycle.
2026-06-05 05:00:00,TX-BETA-02,58.49,51.29,42.47,7.88,13.54,5.57,9.28,LOW,NOMINAL: Operating within normal thermal & electrical limits. Routine maintenance cycle.
2026-06-05 06:00:00,TX-BETA-02,52.37,50.81,42.27,2.41,23.77,11.94,12.27,LOW,NOMINAL: Operating within normal thermal & electrical limits. Routine maintenance cycle.
2026-06-05 07:00:00,TX-BETA-02,53.19,54.37,45.42,2.03,15.47,11.27,9.04,LOW,NOMINAL: Operating within normal thermal & electrical limits. Routine maintenance cycle.
2026-06-05 08:00:00,TX-BETA-02,58.34,60.99,51.74,8.54,8.31,8.73,8.51,LOW,NOMINAL: Operating within normal thermal & electrical limits. Routine maintenance cycle.
2026-06-05 09:00:00,TX-BETA-02,64.15,62.25,51.24,13.39,1.72,9.55,8.34,LOW,NOMINAL: Operating within normal thermal & electrical limits. Routine maintenance cycle.
2026-06-05 10:00:00,TX-BETA-02,72.74,70.14,56.91,23.97,8.1,8.47,14.54,LOW,NOMINAL: Operating within normal thermal & electrical limits. Routine maintenance cycle.
2026-06-05 11:00:00,TX-BETA-02,78.14,76.67,60.46,33.27,8.94,6.74,18.12,LOW,NOMINAL: Operating within normal thermal & electrical limits. Routine maintenance cycle.
2026-06-05 12:00:00,TX-BETA-02,77.54,76.73,61.22,33.55,12.29,3.96,18.71,LOW,NOMINAL: Operating within normal thermal & electrical limits. Routine maintenance cycle.
2026-06-05 13:00:00,TX-BETA-02,72.07,74.56,58.79,27.53,14.58,15.96,20.11,LOW,NOMINAL: Operating within normal thermal & electrical limits. Routine maintenance cycle.
2026-06-05 14:00:00,TX-BETA-02,72.17,76.46,62.05,30.69,19.96,6.14,20.8,LOW,NOMINAL: Operating within normal thermal & electrical limits. Routine maintenance cycle.
2026-06-05 15:00:00,TX-BETA-02,72.61,74.3,62.66,28.07,11.91,5.17,16.69,LOW,NOMINAL: Operating within normal thermal & electrical limits. Routine maintenance cycle.
2026-06-05 16:00:00,TX-BETA-02,65.34,70.56,56.37,21.03,8.64,6.38,13.03,LOW,NOMINAL: Operating within normal thermal & electrical limits. Routine maintenance cycle.
2026-06-05 17:00:00,TX-BETA-02,57.18,65.62,55.81,8.73,11.5,9.25,9.83,LOW,NOMINAL: Operating within normal thermal & electrical limits. Routine maintenance cycle.
2026-06-05 18:00:00,TX-BETA-02,54.73,59.15,50.47,5.57,7.23,10.21,7.31,LOW,NOMINAL: Operating within normal thermal & electrical limits. Routine maintenance cycle.
2026-06-05 19:00:00,TX-BETA-02,58.12,63.01,53.56,9.33,9.74,11.85,10.1,LOW,NOMINAL: Operating within normal thermal & electrical limits. Routine maintenance cycle.
2026-06-05 20:00:00,TX-BETA-02,57.03,59.89,49.38,6.23,9.05,4.95,6.89,LOW,NOMINAL: Operating within normal thermal & electrical limits. Routine maintenance cycle.
2026-06-05 21:00:00,TX-BETA-02,68.73,62.48,48.36,15.9,3.52,9.27,9.91,LOW,NOMINAL: Operating within normal thermal & electrical limits. Routine maintenance cycle.
2026-06-05 22:00:00,TX-BETA-02,70.68,62.93,49.14,18.6,3.53,12.42,11.78,LOW,NOMINAL: Operating within normal thermal & electrical limits. Routine maintenance cycle.
2026-06-05 23:00:00,TX-BETA-02,75.86,60.08,44.92,20.39,8.9,12.68,14.44,LOW,NOMINAL: Operating within normal thermal & electrical limits. Routine maintenance cycle.
2026-06-06 00:00:00,TX-BETA-02,78.6,61.46,44.85,20.52,14.8,12.46,16.5,LOW,NOMINAL: Operating within normal thermal & electrical limits. Routine maintenance cycle.
2026-06-06 01:00:00,TX-BETA-02,81.75,63.37,47.25,26.56,20.45,10.03,20.29,LOW,NOMINAL: Operating within normal thermal & electrical limits. Routine maintenance cycle.
2026-06-06 02:00:00,TX-BETA-02,77.65,60.52,43.34,19.25,8.81,9.59,13.18,LOW,NOMINAL: Operating within normal thermal & electrical limits. Routine maintenance cycle.
2026-06-06 03:00:00,TX-BETA-02,66.35,50.22,37.66,12.15,15.13,11.29,12.98,LOW,NOMINAL: Operating within normal thermal & electrical limits. Routine maintenance cycle.
2026-06-06 04:00:00,TX-BETA-02,58.94,51.2,41.04,5.38,12.52,7.55,8.42,LOW,NOMINAL: Operating within normal thermal & electrical limits. Routine maintenance cycle.
2026-06-06 05:00:00,TX-BETA-02,55.73,47.8,37.5,6.25,24.09,9.68,13.35,LOW,NOMINAL: Operating within normal thermal & electrical limits. Routine maintenance cycle.
2026-06-06 06:00:00,TX-BETA-02,54.41,49.72,40.27,3.54,14.42,11.58,9.36,LOW,NOMINAL: Operating within normal thermal & electrical limits. Routine maintenance cycle.
2026-06-06 07:00:00,TX-BETA-02,56.93,54.8,45.59,4.76,4.38,8.73,5.62,LOW,NOMINAL: Operating within normal thermal & electrical limits. Routine maintenance cycle.
2026-06-06 08:00:00,TX-BETA-02,67.52,59.82,47.7,11.87,2.28,7.98,7.54,LOW,NOMINAL: Operating within normal thermal & electrical limits. Routine maintenance cycle.
2026-06-06 09:00:00,TX-BETA-02,69.52,65.63,52.68,19.06,5.71,12.9,12.85,LOW,NOMINAL: Operating within normal thermal & electrical limits. Routine maintenance cycle.
2026-06-06 10:00:00,TX-BETA-02,79.18,78.51,61.79,35.75,20.05,14.36,24.91,LOW,NOMINAL: Operating within normal thermal & electrical limits. Routine maintenance cycle.
2026-06-06 11:00:00,TX-BETA-02,84.33,76.25,59.49,35.95,24.07,7.2,24.6,LOW,NOMINAL: Operating within normal thermal & electrical limits. Routine maintenance cycle.
2026-06-06 12:00:00,TX-BETA-02,85.66,77.65,59.39,39.9,26.37,11.08,27.96,LOW,NOMINAL: Operating within normal thermal & electrical limits. Routine maintenance cycle.
2026-06-06 13:00:00,TX-BETA-02,75.85,77.7,63.01,33.62,17.07,12.06,22.44,LOW,NOMINAL: Operating within normal thermal & electrical limits. Routine maintenance cycle.
2026-06-06 14:00:00,TX-BETA-02,72.27,72.4,60.23,26.83,6.74,7.23,14.9,LOW,NOMINAL: Operating within normal thermal & electrical limits. Routine maintenance cycle.
2026-06-06 15:00:00,TX-BETA-02,68.68,72.36,58.53,25.71,9.9,9.14,16.03,LOW,NOMINAL: Operating within normal thermal & electrical limits. Routine maintenance cycle.
2026-06-06 16:00:00,TX-BETA-02,62.98,66.23,56.54,13.52,9.6,8.18,10.81,LOW,NOMINAL: Operating within normal thermal & electrical limits. Routine maintenance cycle.
2026-06-06 17:00:00,TX-BETA-02,55.64,70.69,59.76,14.99,19.79,4.46,14.04,LOW,NOMINAL: Operating within normal thermal & electrical limits. Routine maintenance cycle.
2026-06-06 18:00:00,TX-BETA-02,61.8,59.66,48.76,9.5,13.75,5.34,9.95,LOW,NOMINAL: Operating within normal thermal & electrical limits. Routine maintenance cycle.
2026-06-06 19:00:00,TX-BETA-02,58.51,64.4,55.19,11.14,12.68,4.31,9.97,LOW,NOMINAL: Operating within normal thermal & electrical limits. Routine maintenance cycle.
2026-06-06 20:00:00,TX-BETA-02,66.03,56.8,43.85,12.13,5.26,7.98,8.69,LOW,NOMINAL: Operating within normal thermal & electrical limits. Routine maintenance cycle.
2026-06-06 21:00:00,TX-BETA-02,71.95,64.52,50.56,21.33,8.38,11.56,14.35,LOW,NOMINAL: Operating within normal thermal & electrical limits. Routine maintenance cycle.
2026-06-06 22:00:00,TX-BETA-02,74.63,61.88,46.91,18.67,5.41,8.88,11.58,LOW,NOMINAL: Operating within normal thermal & electrical limits. Routine maintenance cycle.
2026-06-06 23:00:00,TX-BETA-02,74.29,59.6,44.98,16.12,5.67,9.07,10.7,LOW,NOMINAL: Operating within normal thermal & electrical limits. Routine maintenance cycle.
2026-06-07 00:00:00,TX-BETA-02,75.03,56.62,41.09,16.94,11.2,6.23,12.25,LOW,NOMINAL: Operating within normal thermal & electrical limits. Routine maintenance cycle.
2026-06-07 01:00:00,TX-BETA-02,71.52,56.32,41.62,16.51,6.53,11.31,11.71,LOW,NOMINAL: Operating within normal thermal & electrical limits. Routine maintenance cycle.
2026-06-07 02:00:00,TX-BETA-02,76.57,55.97,41.26,17.12,25.53,13.11,19.06,LOW,NOMINAL: Operating within normal thermal & electrical limits. Routine maintenance cycle.
2026-06-07 03:00:00,TX-BETA-02,73.32,57.6,43.41,16.16,13.85,13.0,14.56,LOW,NOMINAL: Operating within normal thermal & electrical limits. Routine maintenance cycle.
2026-06-07 04:00:00,TX-BETA-02,61.79,46.15,36.64,9.63,11.33,7.24,9.63,LOW,NOMINAL: Operating within normal thermal & electrical limits. Routine maintenance cycle.
2026-06-07 05:00:00,TX-BETA-02,57.48,60.27,49.93,8.59,9.16,11.73,9.58,LOW,NOMINAL: Operating within normal thermal & electrical limits. Routine maintenance cycle.
2026-06-07 06:00:00,TX-BETA-02,54.66,48.92,41.68,3.68,11.05,4.64,6.5,LOW,NOMINAL: Operating within normal thermal & electrical limits. Routine maintenance cycle.
2026-06-07 07:00:00,TX-BETA-02,59.49,60.59,49.21,8.25,3.87,5.57,6.05,LOW,NOMINAL: Operating within normal thermal & electrical limits. Routine maintenance cycle.
2026-06-07 08:00:00,TX-BETA-02,56.8,85.64,69.06,38.73,55.13,13.84,38.25,MEDIUM,ADVISORY: Increase SCADA polling frequency to 5 minutes; monitor hot-spot temperature delta.
2026-06-07 09:00:00,TX-BETA-02,71.52,66.29,53.31,20.23,2.14,10.57,11.48,LOW,NOMINAL: Operating within normal thermal & electrical limits. Routine maintenance cycle.
2026-06-07 10:00:00,TX-BETA-02,81.32,74.72,58.65,34.84,21.66,12.62,24.67,LOW,NOMINAL: Operating within normal thermal & electrical limits. Routine maintenance cycle.
2026-06-07 11:00:00,TX-BETA-02,79.1,77.66,60.76,35.98,27.6,19.02,28.81,LOW,NOMINAL: Operating within normal thermal & electrical limits. Routine maintenance cycle.
2026-06-07 12:00:00,TX-BETA-02,83.47,89.18,70.9,44.38,49.22,5.74,36.42,MEDIUM,ADVISORY: Increase SCADA polling frequency to 5 minutes; monitor hot-spot temperature delta.
2026-06-07 13:00:00,TX-BETA-02,77.45,105.13,82.18,65.83,63.69,4.62,49.78,MEDIUM,ADVISORY: Increase SCADA polling frequency to 5 minutes; monitor hot-spot temperature delta.
2026-06-07 14:00:00,TX-BETA-02,75.72,78.88,63.23,36.01,24.26,7.49,24.77,LOW,NOMINAL: Operating within normal thermal & electrical limits. Routine maintenance cycle.
2026-06-07 15:00:00,TX-BETA-02,69.2,73.23,59.2,23.82,13.28,14.74,17.86,LOW,NOMINAL: Operating within normal thermal & electrical limits. Routine maintenance cycle.
2026-06-07 16:00:00,TX-BETA-02,61.29,67.43,55.51,12.54,9.0,5.95,9.65,LOW,NOMINAL: Operating within normal thermal & electrical limits. Routine maintenance cycle.
2026-06-07 17:00:00,TX-BETA-02,58.89,67.76,59.13,13.18,19.23,6.96,13.74,LOW,NOMINAL: Operating within normal thermal & electrical limits. Routine maintenance cycle.
2026-06-07 18:00:00,TX-BETA-02,57.78,61.2,52.07,5.64,14.84,5.62,8.85,LOW,NOMINAL: Operating within normal thermal & electrical limits. Routine maintenance cycle.
2026-06-07 19:00:00,TX-BETA-02,56.32,61.39,52.38,4.99,25.52,12.65,14.09,LOW,NOMINAL: Operating within normal thermal & electrical limits. Routine maintenance cycle.
2026-06-07 20:00:00,TX-BETA-02,59.51,61.95,51.12,6.95,5.4,6.78,6.36,LOW,NOMINAL: Operating within normal thermal & electrical limits. Routine maintenance cycle.
2026-06-07 21:00:00,TX-BETA-02,62.29,54.8,43.12,8.89,3.88,8.46,7.03,LOW,NOMINAL: Operating within normal thermal & electrical limits. Routine maintenance cycle.
2026-06-07 22:00:00,TX-BETA-02,70.73,60.78,46.86,15.2,3.42,9.91,9.76,LOW,NOMINAL: Operating within normal thermal & electrical limits. Routine maintenance cycle.
2026-06-07 23:00:00,TX-BETA-02,83.16,66.78,49.72,29.78,24.57,11.62,23.41,LOW,NOMINAL: Operating within normal thermal & electrical limits. Routine maintenance cycle.
2026-06-08 00:00:00,TX-BETA-02,76.4,56.49,40.73,19.01,6.46,4.61,11.02,LOW,NOMINAL: Operating within normal thermal & electrical limits. Routine maintenance cycle.
2026-06-08 01:00:00,TX-BETA-02,70.69,53.08,39.09,13.61,7.75,4.74,9.34,LOW,NOMINAL: Operating within normal thermal & electrical limits. Routine maintenance cycle.
2026-06-08 02:00:00,TX-BETA-02,69.25,52.89,39.16,12.81,7.61,7.83,9.75,LOW,NOMINAL: Operating within normal thermal & electrical limits. Routine maintenance cycle.
2026-06-08 03:00:00,TX-BETA-02,60.89,45.5,35.57,7.57,12.82,10.51,10.14,LOW,NOMINAL: Operating within normal thermal & electrical limits. Routine maintenance cycle.
2026-06-08 04:00:00,TX-BETA-02,61.12,47.19,38.32,6.65,9.18,5.31,7.2,LOW,NOMINAL: Operating within normal thermal & electrical limits. Routine maintenance cycle.
2026-06-08 05:00:00,TX-BETA-02,49.89,47.72,38.74,0.4,19.15,9.47,9.23,LOW,NOMINAL: Operating within normal thermal & electrical limits. Routine maintenance cycle.
2026-06-08 06:00:00,TX-BETA-02,58.59,53.99,45.27,5.96,10.04,8.5,8.02,LOW,NOMINAL: Operating within normal thermal & electrical limits. Routine maintenance cycle.
2026-06-08 07:00:00,TX-BETA-02,54.31,53.73,45.14,4.01,11.52,10.71,8.31,LOW,NOMINAL: Operating within normal thermal & electrical limits. Routine maintenance cycle.
2026-06-08 08:00:00,TX-BETA-02,60.94,57.85,45.09,9.4,4.86,13.24,8.77,LOW,NOMINAL: Operating within normal thermal & electrical limits. Routine maintenance cycle.
2026-06-08 09:00:00,TX-BETA-02,74.34,69.1,53.81,23.95,19.16,8.76,18.48,LOW,NOMINAL: Operating within normal thermal & electrical limits. Routine maintenance cycle.
2026-06-08 10:00:00,TX-BETA-02,71.53,69.07,54.46,23.85,7.17,9.06,14.31,LOW,NOMINAL: Operating within normal thermal & electrical limits. Routine maintenance cycle.
2026-06-08 11:00:00,TX-BETA-02,78.31,77.37,61.32,35.02,18.72,14.62,24.22,LOW,NOMINAL: Operating within normal thermal & electrical limits. Routine maintenance cycle.
2026-06-08 12:00:00,TX-BETA-02,85.77,81.85,63.41,43.69,31.63,6.67,30.22,LOW,NOMINAL: Operating within normal thermal & electrical limits. Routine maintenance cycle.
2026-06-08 13:00:00,TX-BETA-02,88.59,86.09,64.73,51.65,64.01,14.28,46.63,MEDIUM,ADVISORY: Increase SCADA polling frequency to 5 minutes; monitor hot-spot temperature delta.
2026-06-08 14:00:00,TX-BETA-02,69.82,70.62,59.42,22.44,16.04,13.25,17.9,LOW,NOMINAL: Operating within normal thermal & electrical limits. Routine maintenance cycle.
2026-06-08 15:00:00,TX-BETA-02,69.73,69.61,55.82,23.8,10.04,9.43,15.39,LOW,NOMINAL: Operating within normal thermal & electrical limits. Routine maintenance cycle.
2026-06-08 16:00:00,TX-BETA-02,64.0,70.51,58.54,18.85,13.19,5.52,13.54,LOW,NOMINAL: Operating within normal thermal & electrical limits. Routine maintenance cycle.
2026-06-08 17:00:00,TX-BETA-02,62.04,67.53,56.62,14.53,12.74,14.06,13.79,LOW,NOMINAL: Operating within normal thermal & electrical limits. Routine maintenance cycle.
2026-06-08 18:00:00,TX-BETA-02,52.39,57.48,48.91,3.01,17.72,9.48,9.77,LOW,NOMINAL: Operating within normal thermal & electrical limits. Routine maintenance cycle.
2026-06-08 19:00:00,TX-BETA-02,67.57,62.82,51.29,15.7,6.89,9.39,11.04,LOW,NOMINAL: Operating within normal thermal & electrical limits. Routine maintenance cycle.
2026-06-08 20:00:00,TX-BETA-02,61.9,57.39,44.51,8.4,7.96,10.74,8.83,LOW,NOMINAL: Operating within normal thermal & electrical limits. Routine maintenance cycle.
2026-06-08 21:00:00,TX-BETA-02,60.89,61.2,48.03,9.04,8.41,5.82,8.02,LOW,NOMINAL: Operating within normal thermal & electrical limits. Routine maintenance cycle.
2026-06-08 22:00:00,TX-BETA-02,75.81,61.88,49.72,19.33,10.1,5.27,12.58,LOW,NOMINAL: Operating within normal thermal & electrical limits. Routine maintenance cycle.
2026-06-08 23:00:00,TX-BETA-02,84.45,69.88,50.81,43.8,39.28,6.2,32.82,LOW,NOMINAL: Operating within normal thermal & electrical limits. Routine maintenance cycle.
2026-06-09 00:00:00,TX-BETA-02,78.39,58.21,42.72,20.33,6.7,8.86,12.69,LOW,NOMINAL: Operating within normal thermal & electrical limits. Routine maintenance cycle.
2026-06-09 01:00:00,TX-BETA-02,70.76,56.08,43.06,14.35,4.55,10.25,9.9,LOW,NOMINAL: Operating within normal thermal & electrical limits. Routine maintenance cycle.
2026-06-09 02:00:00,TX-BETA-02,82.24,61.31,43.87,25.86,23.77,11.1,21.44,LOW,NOMINAL: Operating within normal thermal & electrical limits. Routine maintenance cycle.
2026-06-09 03:00:00,TX-BETA-02,70.54,57.39,41.7,15.65,4.58,7.86,9.83,LOW,NOMINAL: Operating within normal thermal & electrical limits. Routine maintenance cycle.
2026-06-09 04:00:00,TX-BETA-02,63.51,48.56,35.87,8.41,13.85,6.5,9.84,LOW,NOMINAL: Operating within normal thermal & electrical limits. Routine maintenance cycle.
2026-06-09 05:00:00,TX-BETA-02,60.99,53.02,41.76,8.03,4.74,10.82,7.58,LOW,NOMINAL: Operating within normal thermal & electrical limits. Routine maintenance cycle.
2026-06-09 06:00:00,TX-BETA-02,53.23,51.58,42.97,2.96,12.51,5.68,6.98,LOW,NOMINAL: Operating within normal thermal & electrical limits. Routine maintenance cycle.
2026-06-09 07:00:00,TX-BETA-02,60.42,54.34,43.56,8.07,6.74,12.22,8.64,LOW,NOMINAL: Operating within normal thermal & electrical limits. Routine maintenance cycle.
2026-06-09 08:00:00,TX-BETA-02,61.3,59.26,47.44,8.19,2.65,7.3,6.03,LOW,NOMINAL: Operating within normal thermal & electrical limits. Routine maintenance cycle.
2026-06-09 09:00:00,TX-BETA-02,66.38,65.26,53.0,16.32,5.66,10.36,11.1,LOW,NOMINAL: Operating within normal thermal & electrical limits. Routine maintenance cycle.
2026-06-09 10:00:00,TX-BETA-02,73.59,76.53,61.0,30.14,10.52,6.31,17.31,LOW,NOMINAL: Operating within normal thermal & electrical limits. Routine maintenance cycle.
2026-06-09 11:00:00,TX-BETA-02,81.14,77.74,60.09,37.12,18.2,6.62,22.87,LOW,NOMINAL: Operating within normal thermal & electrical limits. Routine maintenance cycle.
2026-06-09 12:00:00,TX-BETA-02,76.11,72.14,57.78,30.67,9.08,7.35,17.28,LOW,NOMINAL: Operating within normal thermal & electrical limits. Routine maintenance cycle.
2026-06-09 13:00:00,TX-BETA-02,75.23,79.39,64.55,35.87,13.28,7.29,20.82,LOW,NOMINAL: Operating within normal thermal & electrical limits. Routine maintenance cycle.
2026-06-09 14:00:00,TX-BETA-02,74.96,79.35,64.84,34.5,14.32,6.89,20.53,LOW,NOMINAL: Operating within normal thermal & electrical limits. Routine maintenance cycle.
2026-06-09 15:00:00,TX-BETA-02,63.68,67.32,56.55,17.86,11.56,10.72,13.87,LOW,NOMINAL: Operating within normal thermal & electrical limits. Routine maintenance cycle.
2026-06-09 16:00:00,TX-BETA-02,63.9,69.65,56.21,17.61,7.91,7.31,11.64,LOW,NOMINAL: Operating within normal thermal & electrical limits. Routine maintenance cycle.
2026-06-09 17:00:00,TX-BETA-02,54.9,69.73,59.7,11.79,22.69,7.97,14.65,LOW,NOMINAL: Operating within normal thermal & electrical limits. Routine maintenance cycle.
2026-06-09 18:00:00,TX-BETA-02,58.33,65.76,55.6,9.76,13.82,12.11,11.77,LOW,NOMINAL: Operating within normal thermal & electrical limits. Routine maintenance cycle.
2026-06-09 19:00:00,TX-BETA-02,52.44,57.86,48.7,1.66,24.96,12.88,12.62,LOW,NOMINAL: Operating within normal thermal & electrical limits. Routine maintenance cycle.
2026-06-09 20:00:00,TX-BETA-02,57.6,59.93,51.15,7.16,4.0,6.01,5.76,LOW,NOMINAL: Operating within normal thermal & electrical limits. Routine maintenance cycle.
2026-06-09 21:00:00,TX-BETA-02,68.15,59.19,46.3,11.69,4.9,6.04,7.9,LOW,NOMINAL: Operating within normal thermal & electrical limits. Routine maintenance cycle.
2026-06-09 22:00:00,TX-BETA-02,76.9,65.05,48.07,24.53,12.39,10.15,16.68,LOW,NOMINAL: Operating within normal thermal & electrical limits. Routine maintenance cycle.
2026-06-09 23:00:00,TX-BETA-02,74.54,60.66,46.15,16.14,14.09,13.75,14.82,LOW,NOMINAL: Operating within normal thermal & electrical limits. Routine maintenance cycle.
2026-06-10 00:00:00,TX-BETA-02,76.56,94.9,70.33,57.49,57.12,9.19,45.29,MEDIUM,ADVISORY: Increase SCADA polling frequency to 5 minutes; monitor hot-spot temperature delta.
2026-06-10 01:00:00,TX-BETA-02,77.16,58.35,41.39,18.28,13.95,4.86,13.41,LOW,NOMINAL: Operating within normal thermal & electrical limits. Routine maintenance cycle.
2026-06-10 02:00:00,TX-BETA-02,73.04,58.39,41.63,17.1,13.06,6.89,13.13,LOW,NOMINAL: Operating within normal thermal & electrical limits. Routine maintenance cycle.
2026-06-10 03:00:00,TX-BETA-02,69.08,52.78,38.9,14.27,9.61,3.77,10.01,LOW,NOMINAL: Operating within normal thermal & electrical limits. Routine maintenance cycle.
2026-06-10 04:00:00,TX-BETA-02,59.05,54.26,44.65,5.89,19.01,16.05,13.02,LOW,NOMINAL: Operating within normal thermal & electrical limits. Routine maintenance cycle.
2026-06-10 05:00:00,TX-BETA-02,56.56,53.54,42.28,6.65,8.11,5.33,6.83,LOW,NOMINAL: Operating within normal thermal & electrical limits. Routine maintenance cycle.
2026-06-10 06:00:00,TX-BETA-02,56.76,49.55,40.88,6.95,12.09,10.11,9.54,LOW,NOMINAL: Operating within normal thermal & electrical limits. Routine maintenance cycle.
2026-06-10 07:00:00,TX-BETA-02,56.82,60.18,50.51,5.16,9.18,9.07,7.54,LOW,NOMINAL: Operating within normal thermal & electrical limits. Routine maintenance cycle.
2026-06-10 08:00:00,TX-BETA-02,57.19,57.9,49.81,4.45,10.95,5.08,6.88,LOW,NOMINAL: Operating within normal thermal & electrical limits. Routine maintenance cycle.
2026-06-10 09:00:00,TX-BETA-02,66.46,63.34,51.67,15.74,7.19,8.17,10.85,LOW,NOMINAL: Operating within normal thermal & electrical limits. Routine maintenance cycle.
2026-06-10 10:00:00,TX-BETA-02,74.16,73.31,58.43,28.68,3.28,7.07,14.39,LOW,NOMINAL: Operating within normal thermal & electrical limits. Routine maintenance cycle.
2026-06-10 11:00:00,TX-BETA-02,82.42,86.84,67.13,38.11,43.64,8.11,32.55,LOW,NOMINAL: Operating within normal thermal & electrical limits. Routine maintenance cycle.
2026-06-10 12:00:00,TX-BETA-02,83.46,83.3,65.17,43.87,34.14,10.0,31.99,LOW,NOMINAL: Operating within normal thermal & electrical limits. Routine maintenance cycle.
2026-06-10 13:00:00,TX-BETA-02,78.44,83.46,67.24,38.32,34.48,11.83,30.35,LOW,NOMINAL: Operating within normal thermal & electrical limits. Routine maintenance cycle.
2026-06-10 14:00:00,TX-BETA-02,74.85,76.66,59.99,29.41,13.46,7.84,18.43,LOW,NOMINAL: Operating within normal thermal & electrical limits. Routine maintenance cycle.
2026-06-10 15:00:00,TX-BETA-02,60.43,68.86,56.97,14.88,12.8,8.38,12.53,LOW,NOMINAL: Operating within normal thermal & electrical limits. Routine maintenance cycle.
2026-06-10 16:00:00,TX-BETA-02,59.06,67.12,56.66,13.11,6.94,6.25,9.23,LOW,NOMINAL: Operating within normal thermal & electrical limits. Routine maintenance cycle.
2026-06-10 17:00:00,TX-BETA-02,56.98,70.53,61.16,14.1,14.16,6.73,12.28,LOW,NOMINAL: Operating within normal thermal & electrical limits. Routine maintenance cycle.
2026-06-10 18:00:00,TX-BETA-02,55.64,60.91,52.26,6.51,10.23,6.57,7.83,LOW,NOMINAL: Operating within normal thermal & electrical limits. Routine maintenance cycle.
2026-06-10 19:00:00,TX-BETA-02,55.42,60.88,51.48,7.41,9.84,9.98,8.9,LOW,NOMINAL: Operating within normal thermal & electrical limits. Routine maintenance cycle.
2026-06-10 20:00:00,TX-BETA-02,61.52,59.43,49.76,11.71,11.98,19.03,13.63,LOW,NOMINAL: Operating within normal thermal & electrical limits. Routine maintenance cycle.
2026-06-10 21:00:00,TX-BETA-02,65.09,58.76,47.53,12.27,3.87,8.76,8.45,LOW,NOMINAL: Operating within normal thermal & electrical limits. Routine maintenance cycle.
2026-06-10 22:00:00,TX-BETA-02,85.64,67.34,48.37,30.53,26.28,5.27,22.73,LOW,NOMINAL: Operating within normal thermal & electrical limits. Routine maintenance cycle.
2026-06-10 23:00:00,TX-BETA-02,78.69,63.38,46.3,22.6,19.33,12.14,18.84,LOW,NOMINAL: Operating within normal thermal & electrical limits. Routine maintenance cycle.
2026-06-11 00:00:00,TX-BETA-02,73.98,58.69,43.57,17.89,4.69,5.55,10.18,LOW,NOMINAL: Operating within normal thermal & electrical limits. Routine maintenance cycle.
2026-06-11 01:00:00,TX-BETA-02,82.83,63.42,44.97,28.25,35.17,8.44,25.72,LOW,NOMINAL: Operating within normal thermal & electrical limits. Routine maintenance cycle.
2026-06-11 02:00:00,TX-BETA-02,79.17,61.79,45.08,21.19,18.56,9.58,17.37,LOW,NOMINAL: Operating within normal thermal & electrical limits. Routine maintenance cycle.
2026-06-11 03:00:00,TX-BETA-02,71.89,55.69,39.63,15.98,17.8,15.81,16.57,LOW,NOMINAL: Operating within normal thermal & electrical limits. Routine maintenance cycle.
2026-06-11 04:00:00,TX-BETA-02,58.2,53.52,43.47,5.17,8.93,10.81,7.9,LOW,NOMINAL: Operating within normal thermal & electrical limits. Routine maintenance cycle.
2026-06-11 05:00:00,TX-BETA-02,56.95,52.15,42.2,4.35,20.58,16.58,13.09,LOW,NOMINAL: Operating within normal thermal & electrical limits. Routine maintenance cycle.
2026-06-11 06:00:00,TX-BETA-02,56.5,49.53,39.21,4.84,15.95,17.09,11.79,LOW,NOMINAL: Operating within normal thermal & electrical limits. Routine maintenance cycle.
2026-06-11 07:00:00,TX-BETA-02,56.58,57.26,46.88,4.88,5.16,5.56,5.15,LOW,NOMINAL: Operating within normal thermal & electrical limits. Routine maintenance cycle.
2026-06-11 08:00:00,TX-BETA-02,55.36,60.86,51.23,4.9,19.3,14.93,12.45,LOW,NOMINAL: Operating within normal thermal & electrical limits. Routine maintenance cycle.
2026-06-11 09:00:00,TX-BETA-02,69.93,67.18,52.91,20.5,3.53,9.81,11.89,LOW,NOMINAL: Operating within normal thermal & electrical limits. Routine maintenance cycle.
2026-06-11 10:00:00,TX-BETA-02,76.3,72.61,58.26,30.35,6.62,6.98,16.2,LOW,NOMINAL: Operating within normal thermal & electrical limits. Routine maintenance cycle.
2026-06-11 11:00:00,TX-BETA-02,80.23,78.05,60.99,37.03,26.53,14.62,27.75,LOW,NOMINAL: Operating within normal thermal & electrical limits. Routine maintenance cycle.
2026-06-11 12:00:00,TX-BETA-02,79.04,83.35,66.0,39.78,24.51,10.25,27.05,LOW,NOMINAL: Operating within normal thermal & electrical limits. Routine maintenance cycle.
2026-06-11 13:00:00,TX-BETA-02,81.74,84.96,66.82,44.35,32.4,6.41,30.68,LOW,NOMINAL: Operating within normal thermal & electrical limits. Routine maintenance cycle.
2026-06-11 14:00:00,TX-BETA-02,80.48,80.63,63.12,38.28,20.69,6.17,24.09,LOW,NOMINAL: Operating within normal thermal & electrical limits. Routine maintenance cycle.
2026-06-11 15:00:00,TX-BETA-02,63.45,66.99,55.98,18.2,10.23,4.47,11.98,LOW,NOMINAL: Operating within normal thermal & electrical limits. Routine maintenance cycle.
2026-06-11 16:00:00,TX-BETA-02,63.93,67.27,55.09,15.76,12.78,12.87,13.99,LOW,NOMINAL: Operating within normal thermal & electrical limits. Routine maintenance cycle.
2026-06-11 17:00:00,TX-BETA-02,63.97,65.2,54.31,14.47,2.33,8.94,8.84,LOW,NOMINAL: Operating within normal thermal & electrical limits. Routine maintenance cycle.
2026-06-11 18:00:00,TX-BETA-02,58.09,73.19,61.84,10.8,18.25,6.57,12.35,LOW,NOMINAL: Operating within normal thermal & electrical limits. Routine maintenance cycle.
2026-06-11 19:00:00,TX-BETA-02,54.43,56.91,50.44,3.3,15.78,6.11,8.37,LOW,NOMINAL: Operating within normal thermal & electrical limits. Routine maintenance cycle.
2026-06-11 20:00:00,TX-BETA-02,69.98,63.53,49.19,37.19,88.1,100.0,70.71,HIGH,ELEVATED DEGRADATION: Schedule field acoustic vibration test and oil sampling within 48 hours.
2026-06-11 21:00:00,TX-BETA-02,72.82,60.95,47.09,17.68,1.72,6.33,9.26,LOW,NOMINAL: Operating within normal thermal & electrical limits. Routine maintenance cycle.
2026-06-11 22:00:00,TX-BETA-02,71.74,61.16,46.97,18.07,7.38,13.77,13.25,LOW,NOMINAL: Operating within normal thermal & electrical limits. Routine maintenance cycle.
2026-06-11 23:00:00,TX-BETA-02,76.56,61.68,46.57,22.96,15.39,9.49,16.94,LOW,NOMINAL: Operating within normal thermal & electrical limits. Routine maintenance cycle.
2026-06-12 00:00:00,TX-BETA-02,79.45,58.8,42.64,22.79,19.6,10.73,18.66,LOW,NOMINAL: Operating within normal thermal & electrical limits. Routine maintenance cycle.
2026-06-12 01:00:00,TX-BETA-02,73.07,58.88,44.03,15.83,9.54,9.83,12.13,LOW,NOMINAL: Operating within normal thermal & electrical limits. Routine maintenance cycle.
2026-06-12 02:00:00,TX-BETA-02,76.91,59.62,44.96,17.54,10.18,8.17,12.62,LOW,NOMINAL: Operating within normal thermal & electrical limits. Routine maintenance cycle.
2026-06-12 03:00:00,TX-BETA-02,67.74,53.43,40.04,14.49,6.76,5.79,9.61,LOW,NOMINAL: Operating within normal thermal & electrical limits. Routine maintenance cycle.
2026-06-12 04:00:00,TX-BETA-02,59.8,49.95,41.5,7.44,10.39,12.53,9.74,LOW,NOMINAL: Operating within normal thermal & electrical limits. Routine maintenance cycle.
2026-06-12 05:00:00,TX-BETA-02,54.71,48.67,40.68,2.73,18.75,14.13,11.19,LOW,NOMINAL: Operating within normal thermal & electrical limits. Routine maintenance cycle.
2026-06-12 06:00:00,TX-BETA-02,58.38,59.59,48.31,27.45,39.37,15.66,28.67,LOW,NOMINAL: Operating within normal thermal & electrical limits. Routine maintenance cycle.
2026-06-12 07:00:00,TX-BETA-02,54.67,65.49,55.28,4.73,15.15,9.5,9.57,LOW,NOMINAL: Operating within normal thermal & electrical limits. Routine maintenance cycle.
2026-06-12 08:00:00,TX-BETA-02,60.1,58.67,47.89,7.25,7.04,10.16,7.9,LOW,NOMINAL: Operating within normal thermal & electrical limits. Routine maintenance cycle.
2026-06-12 09:00:00,TX-BETA-02,68.11,94.12,73.83,51.08,54.41,5.73,40.91,MEDIUM,ADVISORY: Increase SCADA polling frequency to 5 minutes; monitor hot-spot temperature delta.
2026-06-12 10:00:00,TX-BETA-02,81.08,77.49,61.98,37.19,27.83,9.75,27.06,LOW,NOMINAL: Operating within normal thermal & electrical limits. Routine maintenance cycle.
2026-06-12 11:00:00,TX-BETA-02,72.0,71.82,58.54,26.07,5.11,8.15,14.26,LOW,NOMINAL: Operating within normal thermal & electrical limits. Routine maintenance cycle.
2026-06-12 12:00:00,TX-BETA-02,75.86,79.56,63.37,34.61,12.16,8.27,20.17,LOW,NOMINAL: Operating within normal thermal & electrical limits. Routine maintenance cycle.
2026-06-12 13:00:00,TX-BETA-02,83.43,85.79,66.7,46.3,34.27,8.44,32.62,LOW,NOMINAL: Operating within normal thermal & electrical limits. Routine maintenance cycle.
2026-06-12 14:00:00,TX-BETA-02,74.94,72.51,56.85,29.3,6.89,9.39,16.48,LOW,NOMINAL: Operating within normal thermal & electrical limits. Routine maintenance cycle.
2026-06-12 15:00:00,TX-BETA-02,66.46,70.45,57.95,22.66,14.34,8.4,16.18,LOW,NOMINAL: Operating within normal thermal & electrical limits. Routine maintenance cycle.
2026-06-12 16:00:00,TX-BETA-02,59.46,70.89,59.84,16.61,14.69,11.84,14.74,LOW,NOMINAL: Operating within normal thermal & electrical limits. Routine maintenance cycle.
2026-06-12 17:00:00,TX-BETA-02,53.53,63.37,53.45,5.11,18.02,12.34,11.44,LOW,NOMINAL: Operating within normal thermal & electrical limits. Routine maintenance cycle.
2026-06-12 18:00:00,TX-BETA-02,63.74,58.56,48.95,10.09,5.12,13.42,9.19,LOW,NOMINAL: Operating within normal thermal & electrical limits. Routine maintenance cycle.
2026-06-12 19:00:00,TX-BETA-02,62.82,59.31,48.07,8.84,1.54,8.05,6.09,LOW,NOMINAL: Operating within normal thermal & electrical limits. Routine maintenance cycle.
2026-06-12 20:00:00,TX-BETA-02,57.03,62.47,51.6,7.77,19.31,9.94,12.35,LOW,NOMINAL: Operating within normal thermal & electrical limits. Routine maintenance cycle.
2026-06-12 21:00:00,TX-BETA-02,64.91,58.49,46.32,12.07,5.19,4.58,7.79,LOW,NOMINAL: Operating within normal thermal & electrical limits. Routine maintenance cycle.
2026-06-12 22:00:00,TX-BETA-02,75.26,63.13,48.24,22.23,23.56,9.15,19.43,LOW,NOMINAL: Operating within normal thermal & electrical limits. Routine maintenance cycle.
2026-06-12 23:00:00,TX-BETA-02,80.8,64.76,46.06,26.5,25.79,10.11,22.16,LOW,NOMINAL: Operating within normal thermal & electrical limits. Routine maintenance cycle.
2026-06-13 00:00:00,TX-BETA-02,78.08,63.25,48.55,25.41,16.2,6.39,17.43,LOW,NOMINAL: Operating within normal thermal & electrical limits. Routine maintenance cycle.
2026-06-13 01:00:00,TX-BETA-02,81.06,64.36,47.64,26.49,14.25,6.08,17.1,LOW,NOMINAL: Operating within normal thermal & electrical limits. Routine maintenance cycle.
2026-06-13 02:00:00,TX-BETA-02,80.4,61.98,45.3,23.87,19.84,12.65,19.65,LOW,NOMINAL: Operating within normal thermal & electrical limits. Routine maintenance cycle.
2026-06-13 03:00:00,TX-BETA-02,66.46,54.03,40.17,15.05,10.81,10.17,12.35,LOW,NOMINAL: Operating within normal thermal & electrical limits. Routine maintenance cycle.
2026-06-13 04:00:00,TX-BETA-02,66.39,56.36,41.73,13.29,7.46,5.28,9.25,LOW,NOMINAL: Operating within normal thermal & electrical limits. Routine maintenance cycle.
2026-06-13 05:00:00,TX-BETA-02,59.87,55.54,44.89,8.77,8.45,7.3,8.29,LOW,NOMINAL: Operating within normal thermal & electrical limits. Routine maintenance cycle.
2026-06-13 06:00:00,TX-BETA-02,54.18,52.76,43.68,3.76,13.24,8.79,8.34,LOW,NOMINAL: Operating within normal thermal & electrical limits. Routine maintenance cycle.
2026-06-13 07:00:00,TX-BETA-02,59.54,59.69,48.43,8.4,13.1,11.53,10.83,LOW,NOMINAL: Operating within normal thermal & electrical limits. Routine maintenance cycle.
2026-06-13 08:00:00,TX-BETA-02,65.91,59.38,45.03,9.3,6.25,10.24,8.47,LOW,NOMINAL: Operating within normal thermal & electrical limits. Routine maintenance cycle.
2026-06-13 09:00:00,TX-BETA-02,63.43,61.51,51.14,13.21,6.84,13.4,11.03,LOW,NOMINAL: Operating within normal thermal & electrical limits. Routine maintenance cycle.
2026-06-13 10:00:00,TX-BETA-02,71.62,74.83,60.08,25.3,13.95,15.2,18.8,LOW,NOMINAL: Operating within normal thermal & electrical limits. Routine maintenance cycle.
2026-06-13 11:00:00,TX-BETA-02,77.64,80.67,62.92,38.82,20.14,7.2,24.38,LOW,NOMINAL: Operating within normal thermal & electrical limits. Routine maintenance cycle.
2026-06-13 12:00:00,TX-BETA-02,77.5,76.69,61.61,34.37,15.61,5.87,20.68,LOW,NOMINAL: Operating within normal thermal & electrical limits. Routine maintenance cycle.
2026-06-13 13:00:00,TX-BETA-02,80.72,80.19,64.72,37.58,24.36,8.02,25.56,LOW,NOMINAL: Operating within normal thermal & electrical limits. Routine maintenance cycle.
2026-06-13 14:00:00,TX-BETA-02,68.36,75.19,60.17,26.15,11.23,6.18,15.94,LOW,NOMINAL: Operating within normal thermal & electrical limits. Routine maintenance cycle.
2026-06-13 15:00:00,TX-BETA-02,67.69,71.79,57.76,24.84,11.38,7.82,15.87,LOW,NOMINAL: Operating within normal thermal & electrical limits. Routine maintenance cycle.
2026-06-13 16:00:00,TX-BETA-02,60.03,63.91,53.32,11.54,11.85,13.8,12.21,LOW,NOMINAL: Operating within normal thermal & electrical limits. Routine maintenance cycle.
2026-06-13 17:00:00,TX-BETA-02,54.18,64.73,56.74,5.89,25.17,7.21,12.97,LOW,NOMINAL: Operating within normal thermal & electrical limits. Routine maintenance cycle.
2026-06-13 18:00:00,TX-BETA-02,49.23,59.48,51.13,3.19,20.71,10.39,11.12,LOW,NOMINAL: Operating within normal thermal & electrical limits. Routine maintenance cycle.
2026-06-13 19:00:00,TX-BETA-02,53.74,60.15,51.6,2.05,15.47,14.25,9.8,LOW,NOMINAL: Operating within normal thermal & electrical limits. Routine maintenance cycle.
2026-06-13 20:00:00,TX-BETA-02,69.84,65.29,50.87,19.83,5.18,10.44,12.36,LOW,NOMINAL: Operating within normal thermal & electrical limits. Routine maintenance cycle.
2026-06-13 21:00:00,TX-BETA-02,71.07,67.43,52.01,18.6,8.17,6.12,11.83,LOW,NOMINAL: Operating within normal thermal & electrical limits. Routine maintenance cycle.
2026-06-13 22:00:00,TX-BETA-02,75.47,61.23,46.23,19.91,5.34,6.21,11.38,LOW,NOMINAL: Operating within normal thermal & electrical limits. Routine maintenance cycle.
2026-06-13 23:00:00,TX-BETA-02,75.42,61.97,45.87,18.96,9.04,7.54,12.63,LOW,NOMINAL: Operating within normal thermal & electrical limits. Routine maintenance cycle.
2026-06-14 00:00:00,TX-BETA-02,81.38,64.41,46.57,26.64,19.7,7.77,19.49,LOW,NOMINAL: Operating within normal thermal & electrical limits. Routine maintenance cycle.
2026-06-14 01:00:00,TX-BETA-02,80.63,58.31,43.02,22.65,29.8,6.71,21.17,LOW,NOMINAL: Operating within normal thermal & electrical limits. Routine maintenance cycle.
2026-06-14 02:00:00,TX-BETA-02,74.59,56.42,42.76,36.2,80.72,96.58,66.88,HIGH,ELEVATED DEGRADATION: Schedule field acoustic vibration test and oil sampling within 48 hours.
2026-06-14 03:00:00,TX-BETA-02,66.45,50.98,38.04,13.88,9.35,12.98,12.07,LOW,NOMINAL: Operating within normal thermal & electrical limits. Routine maintenance cycle.
2026-06-14 04:00:00,TX-BETA-02,59.32,53.83,42.28,5.91,7.86,8.84,7.33,LOW,NOMINAL: Operating within normal thermal & electrical limits. Routine maintenance cycle.
2026-06-14 05:00:00,TX-BETA-02,57.79,53.19,43.02,5.76,5.59,10.22,6.82,LOW,NOMINAL: Operating within normal thermal & electrical limits. Routine maintenance cycle.
2026-06-14 06:00:00,TX-BETA-02,55.18,59.3,49.81,2.81,17.43,10.61,9.87,LOW,NOMINAL: Operating within normal thermal & electrical limits. Routine maintenance cycle.
2026-06-14 07:00:00,TX-BETA-02,55.33,58.22,48.82,3.82,16.52,7.96,9.3,LOW,NOMINAL: Operating within normal thermal & electrical limits. Routine maintenance cycle.
2026-06-14 08:00:00,TX-BETA-02,66.12,60.5,48.18,10.99,0.01,4.45,5.51,LOW,NOMINAL: Operating within normal thermal & electrical limits. Routine maintenance cycle.
2026-06-14 09:00:00,TX-BETA-02,69.56,66.12,52.21,18.39,7.86,12.76,13.3,LOW,NOMINAL: Operating within normal thermal & electrical limits. Routine maintenance cycle.
2026-06-14 10:00:00,TX-BETA-02,68.08,64.95,51.06,15.91,4.56,6.12,9.49,LOW,NOMINAL: Operating within normal thermal & electrical limits. Routine maintenance cycle.
2026-06-14 11:00:00,TX-BETA-02,72.35,75.56,59.64,29.28,8.13,4.3,15.63,LOW,NOMINAL: Operating within normal thermal & electrical limits. Routine maintenance cycle.
2026-06-14 12:00:00,TX-BETA-02,71.79,79.27,63.07,28.19,26.42,7.64,22.43,LOW,NOMINAL: Operating within normal thermal & electrical limits. Routine maintenance cycle.
2026-06-14 13:00:00,TX-BETA-02,78.44,83.4,66.36,35.16,26.74,10.66,26.09,LOW,NOMINAL: Operating within normal thermal & electrical limits. Routine maintenance cycle.
2026-06-14 14:00:00,TX-BETA-02,72.6,73.88,58.17,29.5,9.62,10.43,17.77,LOW,NOMINAL: Operating within normal thermal & electrical limits. Routine maintenance cycle.
2026-06-14 15:00:00,TX-BETA-02,59.01,67.84,58.56,13.83,11.22,7.67,11.37,LOW,NOMINAL: Operating within normal thermal & electrical limits. Routine maintenance cycle.
2026-06-14 16:00:00,TX-BETA-02,67.69,69.24,56.27,20.08,5.8,9.47,12.43,LOW,NOMINAL: Operating within normal thermal & electrical limits. Routine maintenance cycle.
2026-06-14 17:00:00,TX-BETA-02,63.98,60.08,50.09,12.62,7.37,5.01,8.88,LOW,NOMINAL: Operating within normal thermal & electrical limits. Routine maintenance cycle.
2026-06-14 18:00:00,TX-BETA-02,62.79,62.22,50.61,10.98,11.44,10.57,11.04,LOW,NOMINAL: Operating within normal thermal & electrical limits. Routine maintenance cycle.
2026-06-14 19:00:00,TX-BETA-02,51.44,56.69,47.27,1.94,21.64,14.81,12.05,LOW,NOMINAL: Operating within normal thermal & electrical limits. Routine maintenance cycle.
2026-06-14 20:00:00,TX-BETA-02,64.59,56.4,44.51,9.46,1.84,7.05,6.19,LOW,NOMINAL: Operating within normal thermal & electrical limits. Routine maintenance cycle.
2026-06-14 21:00:00,TX-BETA-02,74.01,64.76,50.0,41.43,79.48,94.66,68.05,HIGH,ELEVATED DEGRADATION: Schedule field acoustic vibration test and oil sampling within 48 hours.
2026-06-14 22:00:00,TX-BETA-02,131.58,97.01,51.72,68.87,100.0,16.53,66.68,HIGH,HIGH THERMAL STRESS: Force secondary stage cooling fans and reroute 15% feeder load to adjacent sub.
2026-06-14 23:00:00,TX-BETA-02,80.6,62.26,44.43,23.33,14.61,11.36,17.28,LOW,NOMINAL: Operating within normal thermal & electrical limits. Routine maintenance cycle.
2026-06-15 00:00:00,TX-BETA-02,84.28,67.37,49.65,32.44,32.2,11.81,27.2,LOW,NOMINAL: Operating within normal thermal & electrical limits. Routine maintenance cycle.
2026-06-15 01:00:00,TX-BETA-02,80.87,59.17,42.92,21.65,13.86,8.67,15.68,LOW,NOMINAL: Operating within normal thermal & electrical limits. Routine maintenance cycle.
2026-06-15 02:00:00,TX-BETA-02,115.93,86.41,44.7,57.7,85.78,13.39,56.45,MEDIUM,ADVISORY: Increase SCADA polling frequency to 5 minutes; monitor hot-spot temperature delta.
2026-06-15 03:00:00,TX-BETA-02,60.08,46.94,36.05,7.46,10.75,5.74,8.18,LOW,NOMINAL: Operating within normal thermal & electrical limits. Routine maintenance cycle.
2026-06-15 04:00:00,TX-BETA-02,60.69,45.73,35.32,8.42,15.5,12.27,11.86,LOW,NOMINAL: Operating within normal thermal & electrical limits. Routine maintenance cycle.
2026-06-15 05:00:00,TX-BETA-02,55.0,56.06,46.12,3.22,17.42,10.9,10.11,LOW,NOMINAL: Operating within normal thermal & electrical limits. Routine maintenance cycle.
2026-06-15 06:00:00,TX-BETA-02,52.54,51.68,43.27,1.6,33.55,19.0,17.13,LOW,NOMINAL: Operating within normal thermal & electrical limits. Routine maintenance cycle.
2026-06-15 07:00:00,TX-BETA-02,52.58,52.03,44.58,4.03,14.23,6.65,8.26,LOW,NOMINAL: Operating within normal thermal & electrical limits. Routine maintenance cycle.
2026-06-15 08:00:00,TX-BETA-02,65.84,60.92,48.86,11.0,1.16,5.03,6.06,LOW,NOMINAL: Operating within normal thermal & electrical limits. Routine maintenance cycle.
2026-06-15 09:00:00,TX-BETA-02,64.91,63.4,52.19,13.51,7.88,7.1,9.93,LOW,NOMINAL: Operating within normal thermal & electrical limits. Routine maintenance cycle.
2026-06-15 10:00:00,TX-BETA-02,75.33,73.32,57.87,29.75,6.52,6.15,15.72,LOW,NOMINAL: Operating within normal thermal & electrical limits. Routine maintenance cycle.
2026-06-15 11:00:00,TX-BETA-02,78.13,77.44,61.12,34.19,10.14,5.52,18.6,LOW,NOMINAL: Operating within normal thermal & electrical limits. Routine maintenance cycle.
2026-06-15 12:00:00,TX-BETA-02,79.54,86.49,68.48,37.16,39.97,7.76,30.8,LOW,NOMINAL: Operating within normal thermal & electrical limits. Routine maintenance cycle.
2026-06-15 13:00:00,TX-BETA-02,76.02,82.53,66.71,38.31,22.2,8.11,25.12,LOW,NOMINAL: Operating within normal thermal & electrical limits. Routine maintenance cycle.
2026-06-15 14:00:00,TX-BETA-02,67.02,72.02,58.02,22.78,4.74,6.45,12.38,LOW,NOMINAL: Operating within normal thermal & electrical limits. Routine maintenance cycle.
2026-06-15 15:00:00,TX-BETA-02,70.47,72.53,59.16,25.15,4.7,10.09,14.22,LOW,NOMINAL: Operating within normal thermal & electrical limits. Routine maintenance cycle.
2026-06-15 16:00:00,TX-BETA-02,59.88,71.84,59.45,20.29,19.39,16.26,18.97,LOW,NOMINAL: Operating within normal thermal & electrical limits. Routine maintenance cycle.
2026-06-15 17:00:00,TX-BETA-02,57.37,72.98,64.94,10.25,32.46,13.44,18.82,LOW,NOMINAL: Operating within normal thermal & electrical limits. Routine maintenance cycle.
2026-06-15 18:00:00,TX-BETA-02,51.74,64.66,56.06,5.72,17.83,8.7,10.7,LOW,NOMINAL: Operating within normal thermal & electrical limits. Routine maintenance cycle.
2026-06-15 19:00:00,TX-BETA-02,55.51,63.28,54.78,6.73,14.23,7.36,9.51,LOW,NOMINAL: Operating within normal thermal & electrical limits. Routine maintenance cycle.
2026-06-15 20:00:00,TX-BETA-02,63.55,62.2,49.2,13.25,4.46,8.44,8.97,LOW,NOMINAL: Operating within normal thermal & electrical limits. Routine maintenance cycle.
2026-06-15 21:00:00,TX-BETA-02,70.33,63.01,49.69,17.4,2.51,11.06,10.6,LOW,NOMINAL: Operating within normal thermal & electrical limits. Routine maintenance cycle.
2026-06-15 22:00:00,TX-BETA-02,71.62,60.85,47.02,16.97,9.38,10.75,12.76,LOW,NOMINAL: Operating within normal thermal & electrical limits. Routine maintenance cycle.
2026-06-15 23:00:00,TX-BETA-02,73.86,60.51,45.03,17.54,9.24,16.06,14.26,LOW,NOMINAL: Operating within normal thermal & electrical limits. Routine maintenance cycle.
2026-06-16 00:00:00,TX-BETA-02,85.66,62.66,44.45,26.99,29.97,5.13,22.57,LOW,NOMINAL: Operating within normal thermal & electrical limits. Routine maintenance cycle.
2026-06-16 01:00:00,TX-BETA-02,78.89,60.48,43.46,21.69,11.91,10.55,15.48,LOW,NOMINAL: Operating within normal thermal & electrical limits. Routine maintenance cycle.
2026-06-16 02:00:00,TX-BETA-02,72.1,50.66,37.96,15.79,9.29,5.99,11.06,LOW,NOMINAL: Operating within normal thermal & electrical limits. Routine maintenance cycle.
2026-06-16 03:00:00,TX-BETA-02,67.27,54.0,39.83,13.29,9.02,9.89,10.94,LOW,NOMINAL: Operating within normal thermal & electrical limits. Routine maintenance cycle.
2026-06-16 04:00:00,TX-BETA-02,56.82,50.71,39.69,4.35,16.51,10.27,10.09,LOW,NOMINAL: Operating within normal thermal & electrical limits. Routine maintenance cycle.
2026-06-16 05:00:00,TX-BETA-02,56.01,50.42,40.96,7.34,9.47,7.93,8.23,LOW,NOMINAL: Operating within normal thermal & electrical limits. Routine maintenance cycle.
2026-06-16 06:00:00,TX-BETA-02,57.69,54.94,43.5,7.88,5.63,7.32,6.95,LOW,NOMINAL: Operating within normal thermal & electrical limits. Routine maintenance cycle.
2026-06-16 07:00:00,TX-BETA-02,52.64,53.27,43.31,2.43,12.27,13.39,8.62,LOW,NOMINAL: Operating within normal thermal & electrical limits. Routine maintenance cycle.
2026-06-16 08:00:00,TX-BETA-02,62.88,55.41,43.87,7.65,14.39,10.11,10.63,LOW,NOMINAL: Operating within normal thermal & electrical limits. Routine maintenance cycle.
2026-06-16 09:00:00,TX-BETA-02,72.38,70.03,55.86,23.76,12.83,9.35,16.33,LOW,NOMINAL: Operating within normal thermal & electrical limits. Routine maintenance cycle.
2026-06-16 10:00:00,TX-BETA-02,69.36,63.91,52.01,17.87,4.97,13.44,12.25,LOW,NOMINAL: Operating within normal thermal & electrical limits. Routine maintenance cycle.
2026-06-16 11:00:00,TX-BETA-02,80.41,79.83,62.31,38.71,25.57,9.76,26.88,LOW,NOMINAL: Operating within normal thermal & electrical limits. Routine maintenance cycle.
2026-06-16 12:00:00,TX-BETA-02,79.35,79.96,63.09,37.23,16.4,7.09,22.4,LOW,NOMINAL: Operating within normal thermal & electrical limits. Routine maintenance cycle.
2026-06-16 13:00:00,TX-BETA-02,79.07,80.84,63.26,38.81,23.08,13.18,26.9,LOW,NOMINAL: Operating within normal thermal & electrical limits. Routine maintenance cycle.
2026-06-16 14:00:00,TX-BETA-02,73.55,71.29,58.7,27.11,8.94,5.84,15.43,LOW,NOMINAL: Operating within normal thermal & electrical limits. Routine maintenance cycle.
2026-06-16 15:00:00,TX-BETA-02,66.79,70.24,56.9,22.27,4.47,5.63,11.88,LOW,NOMINAL: Operating within normal thermal & electrical limits. Routine maintenance cycle.
2026-06-16 16:00:00,TX-BETA-02,59.35,68.73,59.92,14.26,13.41,7.31,12.23,LOW,NOMINAL: Operating within normal thermal & electrical limits. Routine maintenance cycle.
2026-06-16 17:00:00,TX-BETA-02,54.39,64.99,56.31,6.16,21.13,16.77,14.05,LOW,NOMINAL: Operating within normal thermal & electrical limits. Routine maintenance cycle.
2026-06-16 18:00:00,TX-BETA-02,56.54,67.12,57.21,10.38,17.62,18.66,14.99,LOW,NOMINAL: Operating within normal thermal & electrical limits. Routine maintenance cycle.
2026-06-16 19:00:00,TX-BETA-02,51.17,57.09,49.26,1.76,16.92,7.56,8.51,LOW,NOMINAL: Operating within normal thermal & electrical limits. Routine maintenance cycle.
2026-06-16 20:00:00,TX-BETA-02,60.83,59.18,46.93,6.65,14.12,8.21,9.65,LOW,NOMINAL: Operating within normal thermal & electrical limits. Routine maintenance cycle.
2026-06-16 21:00:00,TX-BETA-02,66.83,65.05,51.31,15.58,11.01,14.74,13.77,LOW,NOMINAL: Operating within normal thermal & electrical limits. Routine maintenance cycle.
2026-06-16 22:00:00,TX-BETA-02,74.79,59.11,44.75,19.07,0.66,9.11,10.14,LOW,NOMINAL: Operating within normal thermal & electrical limits. Routine maintenance cycle.
2026-06-16 23:00:00,TX-BETA-02,75.32,63.08,47.67,22.05,6.8,6.8,12.9,LOW,NOMINAL: Operating within normal thermal & electrical limits. Routine maintenance cycle.
2026-06-17 00:00:00,TX-BETA-02,81.08,63.29,47.09,23.41,16.55,11.75,18.09,LOW,NOMINAL: Operating within normal thermal & electrical limits. Routine maintenance cycle.
2026-06-17 01:00:00,TX-BETA-02,77.64,61.77,45.21,21.04,22.15,15.2,19.97,LOW,NOMINAL: Operating within normal thermal & electrical limits. Routine maintenance cycle.
2026-06-17 02:00:00,TX-BETA-02,69.67,50.54,35.26,17.2,17.99,4.02,14.18,LOW,NOMINAL: Operating within normal thermal & electrical limits. Routine maintenance cycle.
2026-06-17 03:00:00,TX-BETA-02,72.22,58.12,43.53,16.98,11.5,9.53,13.2,LOW,NOMINAL: Operating within normal thermal & electrical limits. Routine maintenance cycle.
2026-06-17 04:00:00,TX-BETA-02,58.86,56.86,46.88,6.25,4.75,6.87,5.88,LOW,NOMINAL: Operating within normal thermal & electrical limits. Routine maintenance cycle.
2026-06-17 05:00:00,TX-BETA-02,53.44,59.94,47.91,2.12,19.83,17.72,12.22,LOW,NOMINAL: Operating within normal thermal & electrical limits. Routine maintenance cycle.
2026-06-17 06:00:00,TX-BETA-02,63.03,52.0,40.87,8.15,6.85,8.12,7.69,LOW,NOMINAL: Operating within normal thermal & electrical limits. Routine maintenance cycle.
2026-06-17 07:00:00,TX-BETA-02,57.67,57.37,47.88,4.91,8.77,7.8,6.99,LOW,NOMINAL: Operating within normal thermal & electrical limits. Routine maintenance cycle.
2026-06-17 08:00:00,TX-BETA-02,59.9,62.16,50.46,7.34,14.49,11.88,10.98,LOW,NOMINAL: Operating within normal thermal & electrical limits. Routine maintenance cycle.
2026-06-17 09:00:00,TX-BETA-02,67.75,63.75,50.77,17.79,3.58,7.74,10.3,LOW,NOMINAL: Operating within normal thermal & electrical limits. Routine maintenance cycle.
2026-06-17 10:00:00,TX-BETA-02,75.49,70.37,55.59,25.58,12.66,7.61,16.57,LOW,NOMINAL: Operating within normal thermal & electrical limits. Routine maintenance cycle.
2026-06-17 11:00:00,TX-BETA-02,79.53,76.44,59.57,34.33,25.12,14.5,26.15,LOW,NOMINAL: Operating within normal thermal & electrical limits. Routine maintenance cycle.
2026-06-17 12:00:00,TX-BETA-02,77.23,79.63,64.4,35.6,11.24,7.92,20.16,LOW,NOMINAL: Operating within normal thermal & electrical limits. Routine maintenance cycle.
2026-06-17 13:00:00,TX-BETA-02,72.43,74.99,60.66,28.22,6.01,11.1,16.17,LOW,NOMINAL: Operating within normal thermal & electrical limits. Routine maintenance cycle.
2026-06-17 14:00:00,TX-BETA-02,66.38,71.78,59.68,22.18,11.03,7.09,14.5,LOW,NOMINAL: Operating within normal thermal & electrical limits. Routine maintenance cycle.
2026-06-17 15:00:00,TX-BETA-02,72.38,75.41,61.39,26.42,26.21,13.77,23.18,LOW,NOMINAL: Operating within normal thermal & electrical limits. Routine maintenance cycle.
2026-06-01 00:00:00,TX-GAMMA-03,79.07,60.37,45.56,21.01,11.93,11.2,15.38,LOW,NOMINAL: Operating within normal thermal & electrical limits. Routine maintenance cycle.
2026-06-01 01:00:00,TX-GAMMA-03,80.79,64.47,46.82,25.31,19.32,8.68,19.06,LOW,NOMINAL: Operating within normal thermal & electrical limits. Routine maintenance cycle.
2026-06-01 02:00:00,TX-GAMMA-03,69.18,53.98,41.99,14.59,4.52,9.57,9.81,LOW,NOMINAL: Operating within normal thermal & electrical limits. Routine maintenance cycle.
2026-06-01 03:00:00,TX-GAMMA-03,67.6,49.95,37.59,12.82,6.73,7.15,9.27,LOW,NOMINAL: Operating within normal thermal & electrical limits. Routine maintenance cycle.
2026-06-01 04:00:00,TX-GAMMA-03,62.71,50.38,38.58,7.14,11.71,11.0,9.7,LOW,NOMINAL: Operating within normal thermal & electrical limits. Routine maintenance cycle.
2026-06-01 05:00:00,TX-GAMMA-03,61.28,49.21,38.7,9.18,8.15,7.68,8.45,LOW,NOMINAL: Operating within normal thermal & electrical limits. Routine maintenance cycle.
2026-06-01 06:00:00,TX-GAMMA-03,54.0,54.02,45.04,6.78,11.32,6.33,8.26,LOW,NOMINAL: Operating within normal thermal & electrical limits. Routine maintenance cycle.
2026-06-01 07:00:00,TX-GAMMA-03,57.34,58.4,49.65,6.37,5.32,8.84,6.62,LOW,NOMINAL: Operating within normal thermal & electrical limits. Routine maintenance cycle.
2026-06-01 08:00:00,TX-GAMMA-03,62.68,56.6,46.38,8.76,6.02,11.47,8.48,LOW,NOMINAL: Operating within normal thermal & electrical limits. Routine maintenance cycle.
2026-06-01 09:00:00,TX-GAMMA-03,62.25,60.51,49.83,8.53,6.19,15.04,9.34,LOW,NOMINAL: Operating within normal thermal & electrical limits. Routine maintenance cycle.
2026-06-01 10:00:00,TX-GAMMA-03,72.87,72.19,58.14,25.72,4.74,6.44,13.56,LOW,NOMINAL: Operating within normal thermal & electrical limits. Routine maintenance cycle.
2026-06-01 11:00:00,TX-GAMMA-03,75.07,76.48,60.28,33.12,10.34,7.77,18.81,LOW,NOMINAL: Operating within normal thermal & electrical limits. Routine maintenance cycle.
2026-06-01 12:00:00,TX-GAMMA-03,76.88,75.76,60.48,30.84,11.7,8.09,18.45,LOW,NOMINAL: Operating within normal thermal & electrical limits. Routine maintenance cycle.
2026-06-01 13:00:00,TX-GAMMA-03,76.79,79.3,63.04,34.35,22.43,15.16,25.38,LOW,NOMINAL: Operating within normal thermal & electrical limits. Routine maintenance cycle.
2026-06-01 14:00:00,TX-GAMMA-03,77.04,75.37,59.6,32.36,14.48,10.03,20.52,LOW,NOMINAL: Operating within normal thermal & electrical limits. Routine maintenance cycle.
2026-06-01 15:00:00,TX-GAMMA-03,66.53,69.1,56.74,19.41,7.93,8.19,12.59,LOW,NOMINAL: Operating within normal thermal & electrical limits. Routine maintenance cycle.
2026-06-01 16:00:00,TX-GAMMA-03,60.83,65.94,54.01,15.05,10.4,8.68,11.83,LOW,NOMINAL: Operating within normal thermal & electrical limits. Routine maintenance cycle.
2026-06-01 17:00:00,TX-GAMMA-03,65.97,69.29,57.67,19.21,7.8,11.33,13.25,LOW,NOMINAL: Operating within normal thermal & electrical limits. Routine maintenance cycle.
2026-06-01 18:00:00,TX-GAMMA-03,52.39,59.68,51.41,2.23,11.79,5.99,6.52,LOW,NOMINAL: Operating within normal thermal & electrical limits. Routine maintenance cycle.
2026-06-01 19:00:00,TX-GAMMA-03,58.87,63.57,53.23,10.28,7.09,10.59,9.24,LOW,NOMINAL: Operating within normal thermal & electrical limits. Routine maintenance cycle.
2026-06-01 20:00:00,TX-GAMMA-03,53.01,56.93,47.06,2.43,16.67,12.26,9.87,LOW,NOMINAL: Operating within normal thermal & electrical limits. Routine maintenance cycle.
2026-06-01 21:00:00,TX-GAMMA-03,63.66,54.35,42.04,11.7,3.28,9.99,8.33,LOW,NOMINAL: Operating within normal thermal & electrical limits. Routine maintenance cycle.
2026-06-01 22:00:00,TX-GAMMA-03,77.01,65.95,49.44,23.85,9.3,11.1,15.57,LOW,NOMINAL: Operating within normal thermal & electrical limits. Routine maintenance cycle.
2026-06-01 23:00:00,TX-GAMMA-03,71.29,55.85,43.08,14.57,3.39,5.99,8.51,LOW,NOMINAL: Operating within normal thermal & electrical limits. Routine maintenance cycle.
2026-06-02 00:00:00,TX-GAMMA-03,79.1,63.5,47.7,26.19,20.95,11.46,20.67,LOW,NOMINAL: Operating within normal thermal & electrical limits. Routine maintenance cycle.
2026-06-02 01:00:00,TX-GAMMA-03,78.77,58.66,43.12,21.45,12.82,9.82,15.52,LOW,NOMINAL: Operating within normal thermal & electrical limits. Routine maintenance cycle.
2026-06-02 02:00:00,TX-GAMMA-03,76.37,57.21,41.5,21.58,8.96,11.5,14.64,LOW,NOMINAL: Operating within normal thermal & electrical limits. Routine maintenance cycle.
2026-06-02 03:00:00,TX-GAMMA-03,67.17,47.18,36.46,11.89,13.19,6.84,11.08,LOW,NOMINAL: Operating within normal thermal & electrical limits. Routine maintenance cycle.
2026-06-02 04:00:00,TX-GAMMA-03,65.24,53.64,41.26,12.82,3.8,5.49,7.83,LOW,NOMINAL: Operating within normal thermal & electrical limits. Routine maintenance cycle.
2026-06-02 05:00:00,TX-GAMMA-03,49.95,48.33,39.54,3.22,26.86,10.92,13.42,LOW,NOMINAL: Operating within normal thermal & electrical limits. Routine maintenance cycle.
2026-06-02 06:00:00,TX-GAMMA-03,57.18,53.85,43.88,5.26,8.38,13.12,8.32,LOW,NOMINAL: Operating within normal thermal & electrical limits. Routine maintenance cycle.
2026-06-02 07:00:00,TX-GAMMA-03,52.52,57.14,47.98,2.58,20.56,8.17,10.27,LOW,NOMINAL: Operating within normal thermal & electrical limits. Routine maintenance cycle.
2026-06-02 08:00:00,TX-GAMMA-03,52.21,57.54,47.05,1.85,23.44,8.58,11.09,LOW,NOMINAL: Operating within normal thermal & electrical limits. Routine maintenance cycle.
2026-06-02 09:00:00,TX-GAMMA-03,64.81,59.63,47.72,13.03,2.5,8.66,8.25,LOW,NOMINAL: Operating within normal thermal & electrical limits. Routine maintenance cycle.
2026-06-02 10:00:00,TX-GAMMA-03,76.38,78.9,63.94,33.89,16.41,3.66,20.21,LOW,NOMINAL: Operating within normal thermal & electrical limits. Routine maintenance cycle.
2026-06-02 11:00:00,TX-GAMMA-03,67.44,67.11,55.19,17.86,2.25,5.68,9.35,LOW,NOMINAL: Operating within normal thermal & electrical limits. Routine maintenance cycle.
2026-06-02 12:00:00,TX-GAMMA-03,80.94,80.17,64.47,39.83,26.53,5.62,26.63,LOW,NOMINAL: Operating within normal thermal & electrical limits. Routine maintenance cycle.
2026-06-02 13:00:00,TX-GAMMA-03,74.91,78.08,64.06,32.54,11.03,9.9,19.35,LOW,NOMINAL: Operating within normal thermal & electrical limits. Routine maintenance cycle.
2026-06-02 14:00:00,TX-GAMMA-03,76.05,80.91,65.1,34.49,19.47,13.5,23.98,LOW,NOMINAL: Operating within normal thermal & electrical limits. Routine maintenance cycle.
2026-06-02 15:00:00,TX-GAMMA-03,69.7,74.33,60.12,26.98,9.73,6.44,15.81,LOW,NOMINAL: Operating within normal thermal & electrical limits. Routine maintenance cycle.
2026-06-02 16:00:00,TX-GAMMA-03,60.85,65.71,54.92,13.57,7.54,10.36,10.66,LOW,NOMINAL: Operating within normal thermal & electrical limits. Routine maintenance cycle.
2026-06-02 17:00:00,TX-GAMMA-03,58.94,68.66,58.07,14.05,26.08,26.45,21.36,LOW,NOMINAL: Operating within normal thermal & electrical limits. Routine maintenance cycle.
2026-06-02 18:00:00,TX-GAMMA-03,54.98,59.95,51.09,2.59,16.18,10.8,9.4,LOW,NOMINAL: Operating within normal thermal & electrical limits. Routine maintenance cycle.
2026-06-02 19:00:00,TX-GAMMA-03,58.76,67.03,55.51,13.82,8.9,5.4,9.99,LOW,NOMINAL: Operating within normal thermal & electrical limits. Routine maintenance cycle.
2026-06-02 20:00:00,TX-GAMMA-03,64.81,58.34,46.46,9.72,1.68,9.65,6.89,LOW,NOMINAL: Operating within normal thermal & electrical limits. Routine maintenance cycle.
2026-06-02 21:00:00,TX-GAMMA-03,69.56,62.16,47.94,15.65,16.78,17.96,16.62,LOW,NOMINAL: Operating within normal thermal & electrical limits. Routine maintenance cycle.
2026-06-02 22:00:00,TX-GAMMA-03,76.08,63.79,48.31,22.4,8.81,10.02,14.55,LOW,NOMINAL: Operating within normal thermal & electrical limits. Routine maintenance cycle.
2026-06-02 23:00:00,TX-GAMMA-03,77.7,63.48,47.6,24.52,19.79,16.11,20.76,LOW,NOMINAL: Operating within normal thermal & electrical limits. Routine maintenance cycle.
2026-06-03 00:00:00,TX-GAMMA-03,74.86,57.78,45.01,19.44,19.69,17.45,19.03,LOW,NOMINAL: Operating within normal thermal & electrical limits. Routine maintenance cycle.
2026-06-03 01:00:00,TX-GAMMA-03,78.36,57.98,42.61,20.32,9.28,7.64,13.29,LOW,NOMINAL: Operating within normal thermal & electrical limits. Routine maintenance cycle.
2026-06-03 02:00:00,TX-GAMMA-03,78.68,61.35,46.07,21.9,21.99,14.69,20.13,LOW,NOMINAL: Operating within normal thermal & electrical limits. Routine maintenance cycle.
2026-06-03 03:00:00,TX-GAMMA-03,65.41,53.34,39.95,9.37,10.48,13.22,10.72,LOW,NOMINAL: Operating within normal thermal & electrical limits. Routine maintenance cycle.
2026-06-03 04:00:00,TX-GAMMA-03,62.38,50.62,38.35,9.85,11.53,9.81,10.43,LOW,NOMINAL: Operating within normal thermal & electrical limits. Routine maintenance cycle.
2026-06-03 05:00:00,TX-GAMMA-03,56.41,50.32,41.17,3.96,15.06,5.0,8.1,LOW,NOMINAL: Operating within normal thermal & electrical limits. Routine maintenance cycle.
2026-06-03 06:00:00,TX-GAMMA-03,61.27,52.54,39.59,6.67,8.28,7.54,7.45,LOW,NOMINAL: Operating within normal thermal & electrical limits. Routine maintenance cycle.
2026-06-03 07:00:00,TX-GAMMA-03,57.16,54.04,45.18,6.06,5.43,8.26,6.39,LOW,NOMINAL: Operating within normal thermal & electrical limits. Routine maintenance cycle.
2026-06-03 08:00:00,TX-GAMMA-03,55.36,57.91,49.39,5.48,10.6,4.51,7.03,LOW,NOMINAL: Operating within normal thermal & electrical limits. Routine maintenance cycle.
2026-06-03 09:00:00,TX-GAMMA-03,66.91,63.67,51.38,16.03,14.66,6.81,13.25,LOW,NOMINAL: Operating within normal thermal & electrical limits. Routine maintenance cycle.
2026-06-03 10:00:00,TX-GAMMA-03,69.08,65.31,53.73,17.67,3.95,4.77,9.64,LOW,NOMINAL: Operating within normal thermal & electrical limits. Routine maintenance cycle.
2026-06-03 11:00:00,TX-GAMMA-03,78.38,79.28,61.87,36.65,26.88,16.15,28.11,LOW,NOMINAL: Operating within normal thermal & electrical limits. Routine maintenance cycle.
2026-06-03 12:00:00,TX-GAMMA-03,81.92,86.67,69.44,44.77,38.64,9.62,33.84,LOW,NOMINAL: Operating within normal thermal & electrical limits. Routine maintenance cycle.
2026-06-03 13:00:00,TX-GAMMA-03,76.32,80.51,64.62,35.74,20.24,12.21,24.43,LOW,NOMINAL: Operating within normal thermal & electrical limits. Routine maintenance cycle.
2026-06-03 14:00:00,TX-GAMMA-03,75.05,77.55,63.56,34.48,15.12,7.1,20.86,LOW,NOMINAL: Operating within normal thermal & electrical limits. Routine maintenance cycle.
2026-06-03 15:00:00,TX-GAMMA-03,63.54,65.07,54.27,15.67,6.09,10.18,10.94,LOW,NOMINAL: Operating within normal thermal & electrical limits. Routine maintenance cycle.
2026-06-03 16:00:00,TX-GAMMA-03,62.02,67.62,56.02,12.98,12.68,11.68,12.55,LOW,NOMINAL: Operating within normal thermal & electrical limits. Routine maintenance cycle.
2026-06-03 17:00:00,TX-GAMMA-03,59.12,67.3,57.94,34.81,90.21,100.0,70.5,HIGH,ELEVATED DEGRADATION: Schedule field acoustic vibration test and oil sampling within 48 hours.
2026-06-03 18:00:00,TX-GAMMA-03,47.82,60.21,51.94,0.42,31.63,4.93,12.47,LOW,NOMINAL: Operating within normal thermal & electrical limits. Routine maintenance cycle.
2026-06-03 19:00:00,TX-GAMMA-03,57.97,63.85,52.17,8.45,4.38,9.06,7.18,LOW,NOMINAL: Operating within normal thermal & electrical limits. Routine maintenance cycle.
2026-06-03 20:00:00,TX-GAMMA-03,53.89,61.32,51.27,6.62,16.13,9.7,10.72,LOW,NOMINAL: Operating within normal thermal & electrical limits. Routine maintenance cycle.
2026-06-03 21:00:00,TX-GAMMA-03,69.49,60.86,47.98,13.12,4.82,13.76,10.37,LOW,NOMINAL: Operating within normal thermal & electrical limits. Routine maintenance cycle.
2026-06-03 22:00:00,TX-GAMMA-03,70.5,58.02,46.8,13.82,7.62,13.22,11.5,LOW,NOMINAL: Operating within normal thermal & electrical limits. Routine maintenance cycle.
2026-06-03 23:00:00,TX-GAMMA-03,87.8,67.03,48.04,32.43,40.53,13.14,30.44,LOW,NOMINAL: Operating within normal thermal & electrical limits. Routine maintenance cycle.
2026-06-04 00:00:00,TX-GAMMA-03,76.67,62.98,46.02,22.77,9.24,7.31,14.17,LOW,NOMINAL: Operating within normal thermal & electrical limits. Routine maintenance cycle.
2026-06-04 01:00:00,TX-GAMMA-03,79.47,64.4,46.21,25.27,16.28,9.24,18.12,LOW,NOMINAL: Operating within normal thermal & electrical limits. Routine maintenance cycle.
2026-06-04 02:00:00,TX-GAMMA-03,73.19,58.17,43.44,16.61,7.37,8.75,11.41,LOW,NOMINAL: Operating within normal thermal & electrical limits. Routine maintenance cycle.
2026-06-04 03:00:00,TX-GAMMA-03,71.33,55.46,40.85,13.72,13.04,11.48,12.92,LOW,NOMINAL: Operating within normal thermal & electrical limits. Routine maintenance cycle.
2026-06-04 04:00:00,TX-GAMMA-03,56.21,51.13,42.43,6.55,21.05,7.95,11.98,LOW,NOMINAL: Operating within normal thermal & electrical limits. Routine maintenance cycle.
2026-06-04 05:00:00,TX-GAMMA-03,55.85,54.12,44.28,28.8,88.79,100.0,67.6,HIGH,ELEVATED DEGRADATION: Schedule field acoustic vibration test and oil sampling within 48 hours.
2026-06-04 06:00:00,TX-GAMMA-03,55.42,52.54,44.0,3.14,12.52,4.77,6.83,LOW,NOMINAL: Operating within normal thermal & electrical limits. Routine maintenance cycle.
2026-06-04 07:00:00,TX-GAMMA-03,59.75,59.04,49.61,9.12,5.22,8.71,7.65,LOW,NOMINAL: Operating within normal thermal & electrical limits. Routine maintenance cycle.
2026-06-04 08:00:00,TX-GAMMA-03,67.07,60.21,46.14,12.58,4.42,7.64,8.49,LOW,NOMINAL: Operating within normal thermal & electrical limits. Routine maintenance cycle.
2026-06-04 09:00:00,TX-GAMMA-03,77.22,67.55,52.21,25.19,7.28,13.8,16.07,LOW,NOMINAL: Operating within normal thermal & electrical limits. Routine maintenance cycle.
2026-06-04 10:00:00,TX-GAMMA-03,74.13,68.35,55.12,24.19,3.38,12.15,13.9,LOW,NOMINAL: Operating within normal thermal & electrical limits. Routine maintenance cycle.
2026-06-04 11:00:00,TX-GAMMA-03,79.64,78.52,62.13,36.22,16.3,8.7,22.37,LOW,NOMINAL: Operating within normal thermal & electrical limits. Routine maintenance cycle.
2026-06-04 12:00:00,TX-GAMMA-03,77.17,85.45,67.42,38.24,35.75,6.04,29.32,LOW,NOMINAL: Operating within normal thermal & electrical limits. Routine maintenance cycle.
2026-06-04 13:00:00,TX-GAMMA-03,78.61,82.58,65.74,38.69,36.57,6.04,29.78,LOW,NOMINAL: Operating within normal thermal & electrical limits. Routine maintenance cycle.
2026-06-04 14:00:00,TX-GAMMA-03,67.84,71.67,59.29,23.03,16.19,5.84,16.34,LOW,NOMINAL: Operating within normal thermal & electrical limits. Routine maintenance cycle.
2026-06-04 15:00:00,TX-GAMMA-03,70.41,73.69,60.03,47.11,83.76,92.72,71.34,HIGH,ELEVATED DEGRADATION: Schedule field acoustic vibration test and oil sampling within 48 hours.
2026-06-04 16:00:00,TX-GAMMA-03,62.75,64.24,52.75,12.77,10.34,8.14,10.76,LOW,NOMINAL: Operating within normal thermal & electrical limits. Routine maintenance cycle.
2026-06-04 17:00:00,TX-GAMMA-03,52.88,61.9,53.25,3.53,42.47,12.65,19.44,LOW,NOMINAL: Operating within normal thermal & electrical limits. Routine maintenance cycle.
2026-06-04 18:00:00,TX-GAMMA-03,63.96,63.61,52.27,14.28,7.84,4.29,9.53,LOW,NOMINAL: Operating within normal thermal & electrical limits. Routine maintenance cycle.
2026-06-04 19:00:00,TX-GAMMA-03,56.21,61.38,52.39,6.32,9.14,11.82,8.68,LOW,NOMINAL: Operating within normal thermal & electrical limits. Routine maintenance cycle.
2026-06-04 20:00:00,TX-GAMMA-03,57.28,59.34,50.48,9.13,19.14,8.95,12.59,LOW,NOMINAL: Operating within normal thermal & electrical limits. Routine maintenance cycle.
2026-06-04 21:00:00,TX-GAMMA-03,61.03,55.39,45.62,6.87,3.67,5.13,5.32,LOW,NOMINAL: Operating within normal thermal & electrical limits. Routine maintenance cycle.
2026-06-04 22:00:00,TX-GAMMA-03,77.87,65.18,48.26,25.67,11.82,10.8,17.11,LOW,NOMINAL: Operating within normal thermal & electrical limits. Routine maintenance cycle.
2026-06-04 23:00:00,TX-GAMMA-03,74.06,58.72,43.62,19.17,8.69,13.66,14.12,LOW,NOMINAL: Operating within normal thermal & electrical limits. Routine maintenance cycle.
2026-06-05 00:00:00,TX-GAMMA-03,72.82,57.83,43.39,15.66,11.05,16.84,14.34,LOW,NOMINAL: Operating within normal thermal & electrical limits. Routine maintenance cycle.
2026-06-05 01:00:00,TX-GAMMA-03,76.62,63.74,47.1,22.59,11.21,5.16,14.25,LOW,NOMINAL: Operating within normal thermal & electrical limits. Routine maintenance cycle.
2026-06-05 02:00:00,TX-GAMMA-03,76.39,60.67,44.55,19.88,19.89,11.18,17.71,LOW,NOMINAL: Operating within normal thermal & electrical limits. Routine maintenance cycle.
2026-06-05 03:00:00,TX-GAMMA-03,69.38,52.85,39.39,13.18,9.61,9.55,11.02,LOW,NOMINAL: Operating within normal thermal & electrical limits. Routine maintenance cycle.
2026-06-05 04:00:00,TX-GAMMA-03,60.24,49.22,38.73,8.22,25.25,14.59,15.77,LOW,NOMINAL: Operating within normal thermal & electrical limits. Routine maintenance cycle.
2026-06-05 05:00:00,TX-GAMMA-03,53.89,54.31,43.48,4.04,10.95,4.85,6.66,LOW,NOMINAL: Operating within normal thermal & electrical limits. Routine maintenance cycle.
2026-06-05 06:00:00,TX-GAMMA-03,55.73,50.62,42.33,4.62,8.56,6.26,6.41,LOW,NOMINAL: Operating within normal thermal & electrical limits. Routine maintenance cycle.
2026-06-05 07:00:00,TX-GAMMA-03,57.4,54.59,44.83,5.83,2.94,9.12,5.64,LOW,NOMINAL: Operating within normal thermal & electrical limits. Routine maintenance cycle.
2026-06-05 08:00:00,TX-GAMMA-03,57.36,59.77,49.22,7.16,81.03,100.0,56.22,MEDIUM,ADVISORY: Increase SCADA polling frequency to 5 minutes; monitor hot-spot temperature delta.
2026-06-05 09:00:00,TX-GAMMA-03,115.96,96.5,54.01,61.42,84.96,12.36,57.39,MEDIUM,ADVISORY: Increase SCADA polling frequency to 5 minutes; monitor hot-spot temperature delta.
2026-06-05 10:00:00,TX-GAMMA-03,75.19,68.96,54.04,24.1,7.67,9.22,14.63,LOW,NOMINAL: Operating within normal thermal & electrical limits. Routine maintenance cycle.
2026-06-05 11:00:00,TX-GAMMA-03,78.01,78.08,60.83,34.82,15.13,12.9,22.45,LOW,NOMINAL: Operating within normal thermal & electrical limits. Routine maintenance cycle.
2026-06-05 12:00:00,TX-GAMMA-03,74.87,77.14,62.55,32.21,8.05,6.2,17.25,LOW,NOMINAL: Operating within normal thermal & electrical limits. Routine maintenance cycle.
2026-06-05 13:00:00,TX-GAMMA-03,72.67,78.18,63.12,30.38,20.05,7.8,21.12,LOW,NOMINAL: Operating within normal thermal & electrical limits. Routine maintenance cycle.
2026-06-05 14:00:00,TX-GAMMA-03,76.94,80.38,64.95,36.61,21.42,9.25,24.45,LOW,NOMINAL: Operating within normal thermal & electrical limits. Routine maintenance cycle.
2026-06-05 15:00:00,TX-GAMMA-03,69.41,73.64,60.91,24.37,8.07,4.33,13.65,LOW,NOMINAL: Operating within normal thermal & electrical limits. Routine maintenance cycle.
2026-06-05 16:00:00,TX-GAMMA-03,60.22,66.24,55.46,13.21,15.05,6.59,12.2,LOW,NOMINAL: Operating within normal thermal & electrical limits. Routine maintenance cycle.
2026-06-05 17:00:00,TX-GAMMA-03,59.09,66.04,56.17,15.38,11.05,6.63,11.68,LOW,NOMINAL: Operating within normal thermal & electrical limits. Routine maintenance cycle.
2026-06-05 18:00:00,TX-GAMMA-03,54.91,59.78,50.67,3.64,8.87,5.97,6.05,LOW,NOMINAL: Operating within normal thermal & electrical limits. Routine maintenance cycle.
2026-06-05 19:00:00,TX-GAMMA-03,61.15,56.95,47.39,10.73,14.16,10.47,11.87,LOW,NOMINAL: Operating within normal thermal & electrical limits. Routine maintenance cycle.
2026-06-05 20:00:00,TX-GAMMA-03,53.29,87.51,70.56,36.98,56.93,10.35,37.3,MEDIUM,ADVISORY: Increase SCADA polling frequency to 5 minutes; monitor hot-spot temperature delta.
2026-06-05 21:00:00,TX-GAMMA-03,68.45,63.94,50.04,13.82,5.31,6.56,9.02,LOW,NOMINAL: Operating within normal thermal & electrical limits. Routine maintenance cycle.
2026-06-05 22:00:00,TX-GAMMA-03,66.37,54.45,42.89,13.4,3.54,7.92,8.58,LOW,NOMINAL: Operating within normal thermal & electrical limits. Routine maintenance cycle.
2026-06-05 23:00:00,TX-GAMMA-03,82.98,65.6,48.33,27.87,26.17,14.21,23.86,LOW,NOMINAL: Operating within normal thermal & electrical limits. Routine maintenance cycle.
2026-06-06 00:00:00,TX-GAMMA-03,75.45,58.62,44.85,16.46,7.99,7.87,11.35,LOW,NOMINAL: Operating within normal thermal & electrical limits. Routine maintenance cycle.
2026-06-06 01:00:00,TX-GAMMA-03,85.55,67.63,46.67,31.99,36.24,6.35,27.07,LOW,NOMINAL: Operating within normal thermal & electrical limits. Routine maintenance cycle.
2026-06-06 02:00:00,TX-GAMMA-03,77.75,60.65,44.33,19.86,10.54,6.46,13.25,LOW,NOMINAL: Operating within normal thermal & electrical limits. Routine maintenance cycle.
2026-06-06 03:00:00,TX-GAMMA-03,63.33,45.68,34.29,9.19,16.29,9.73,11.81,LOW,NOMINAL: Operating within normal thermal & electrical limits. Routine maintenance cycle.
2026-06-06 04:00:00,TX-GAMMA-03,51.98,45.27,36.06,2.98,24.77,11.91,12.84,LOW,NOMINAL: Operating within normal thermal & electrical limits. Routine maintenance cycle.
2026-06-06 05:00:00,TX-GAMMA-03,61.12,48.97,38.97,8.1,11.6,4.51,8.43,LOW,NOMINAL: Operating within normal thermal & electrical limits. Routine maintenance cycle.
2026-06-06 06:00:00,TX-GAMMA-03,56.13,57.38,48.8,5.76,33.26,22.68,19.62,LOW,NOMINAL: Operating within normal thermal & electrical limits. Routine maintenance cycle.
2026-06-06 07:00:00,TX-GAMMA-03,56.83,56.81,47.44,5.66,6.26,7.59,6.35,LOW,NOMINAL: Operating within normal thermal & electrical limits. Routine maintenance cycle.
2026-06-06 08:00:00,TX-GAMMA-03,65.9,61.21,49.03,11.53,1.1,12.54,8.13,LOW,NOMINAL: Operating within normal thermal & electrical limits. Routine maintenance cycle.
2026-06-06 09:00:00,TX-GAMMA-03,69.98,63.99,50.99,17.91,14.53,9.25,14.56,LOW,NOMINAL: Operating within normal thermal & electrical limits. Routine maintenance cycle.
2026-06-06 10:00:00,TX-GAMMA-03,77.83,77.66,61.21,35.08,15.65,6.73,21.19,LOW,NOMINAL: Operating within normal thermal & electrical limits. Routine maintenance cycle.
2026-06-06 11:00:00,TX-GAMMA-03,81.43,81.84,62.43,40.47,31.69,4.56,28.42,LOW,NOMINAL: Operating within normal thermal & electrical limits. Routine maintenance cycle.
2026-06-06 12:00:00,TX-GAMMA-03,75.52,79.65,64.28,34.17,29.21,19.36,28.73,LOW,NOMINAL: Operating within normal thermal & electrical limits. Routine maintenance cycle.
2026-06-06 13:00:00,TX-GAMMA-03,76.45,83.17,67.28,30.42,28.1,4.79,23.2,LOW,NOMINAL: Operating within normal thermal & electrical limits. Routine maintenance cycle.
2026-06-06 14:00:00,TX-GAMMA-03,72.5,73.19,59.56,26.32,12.89,13.54,18.42,LOW,NOMINAL: Operating within normal thermal & electrical limits. Routine maintenance cycle.
2026-06-06 15:00:00,TX-GAMMA-03,69.12,75.16,61.72,27.93,13.2,16.54,19.92,LOW,NOMINAL: Operating within normal thermal & electrical limits. Routine maintenance cycle.
2026-06-06 16:00:00,TX-GAMMA-03,64.1,65.23,54.75,16.31,4.78,8.71,10.37,LOW,NOMINAL: Operating within normal thermal & electrical limits. Routine maintenance cycle.
2026-06-06 17:00:00,TX-GAMMA-03,58.74,72.36,62.01,15.0,15.17,9.64,13.72,LOW,NOMINAL: Operating within normal thermal & electrical limits. Routine maintenance cycle.
2026-06-06 18:00:00,TX-GAMMA-03,49.67,62.0,52.17,3.24,22.31,8.3,11.18,LOW,NOMINAL: Operating within normal thermal & electrical limits. Routine maintenance cycle.
2026-06-06 19:00:00,TX-GAMMA-03,57.06,62.64,54.15,9.08,9.36,5.52,8.29,LOW,NOMINAL: Operating within normal thermal & electrical limits. Routine maintenance cycle.
2026-06-06 20:00:00,TX-GAMMA-03,60.36,55.39,44.77,8.01,19.61,4.89,11.29,LOW,NOMINAL: Operating within normal thermal & electrical limits. Routine maintenance cycle.
2026-06-06 21:00:00,TX-GAMMA-03,66.38,54.77,43.14,11.16,6.3,5.09,7.94,LOW,NOMINAL: Operating within normal thermal & electrical limits. Routine maintenance cycle.
2026-06-06 22:00:00,TX-GAMMA-03,73.35,59.66,45.85,18.04,4.62,7.24,10.64,LOW,NOMINAL: Operating within normal thermal & electrical limits. Routine maintenance cycle.
2026-06-06 23:00:00,TX-GAMMA-03,70.22,55.27,41.67,13.98,6.32,15.41,11.65,LOW,NOMINAL: Operating within normal thermal & electrical limits. Routine maintenance cycle.
2026-06-07 00:00:00,TX-GAMMA-03,81.03,62.45,44.71,23.51,19.92,15.0,20.12,LOW,NOMINAL: Operating within normal thermal & electrical limits. Routine maintenance cycle.
2026-06-07 01:00:00,TX-GAMMA-03,78.1,60.51,43.98,20.04,20.65,8.67,17.41,LOW,NOMINAL: Operating within normal thermal & electrical limits. Routine maintenance cycle.
2026-06-07 02:00:00,TX-GAMMA-03,72.25,56.31,42.68,13.8,8.15,7.99,10.37,LOW,NOMINAL: Operating within normal thermal & electrical limits. Routine maintenance cycle.
2026-06-07 03:00:00,TX-GAMMA-03,65.97,51.2,35.58,11.28,10.43,8.75,10.35,LOW,NOMINAL: Operating within normal thermal & electrical limits. Routine maintenance cycle.
2026-06-07 04:00:00,TX-GAMMA-03,66.33,51.65,39.15,12.53,5.31,8.77,9.06,LOW,NOMINAL: Operating within normal thermal & electrical limits. Routine maintenance cycle.
2026-06-07 05:00:00,TX-GAMMA-03,54.75,48.24,39.71,4.9,22.92,13.64,13.39,LOW,NOMINAL: Operating within normal thermal & electrical limits. Routine maintenance cycle.
2026-06-07 06:00:00,TX-GAMMA-03,66.34,54.33,41.48,12.71,0.61,9.86,7.76,LOW,NOMINAL: Operating within normal thermal & electrical limits. Routine maintenance cycle.
2026-06-07 07:00:00,TX-GAMMA-03,60.92,53.47,42.65,9.9,9.4,9.46,9.62,LOW,NOMINAL: Operating within normal thermal & electrical limits. Routine maintenance cycle.
2026-06-07 08:00:00,TX-GAMMA-03,62.05,56.86,44.83,10.67,4.08,5.67,7.11,LOW,NOMINAL: Operating within normal thermal & electrical limits. Routine maintenance cycle.
2026-06-07 09:00:00,TX-GAMMA-03,68.25,68.93,55.63,21.1,3.97,8.74,12.01,LOW,NOMINAL: Operating within normal thermal & electrical limits. Routine maintenance cycle.
2026-06-07 10:00:00,TX-GAMMA-03,81.37,78.31,61.7,38.85,22.77,7.05,25.27,LOW,NOMINAL: Operating within normal thermal & electrical limits. Routine maintenance cycle.
2026-06-07 11:00:00,TX-GAMMA-03,84.75,111.87,84.88,76.68,74.24,10.34,59.24,MEDIUM,ADVISORY: Increase SCADA polling frequency to 5 minutes; monitor hot-spot temperature delta.
2026-06-07 12:00:00,TX-GAMMA-03,80.4,84.01,65.99,41.41,23.48,9.13,27.06,LOW,NOMINAL: Operating within normal thermal & electrical limits. Routine maintenance cycle.
2026-06-07 13:00:00,TX-GAMMA-03,84.73,89.67,71.86,47.27,58.72,15.83,43.42,MEDIUM,ADVISORY: Increase SCADA polling frequency to 5 minutes; monitor hot-spot temperature delta.
2026-06-07 14:00:00,TX-GAMMA-03,73.34,72.06,58.93,26.46,6.81,6.13,14.5,LOW,NOMINAL: Operating within normal thermal & electrical limits. Routine maintenance cycle.
2026-06-07 15:00:00,TX-GAMMA-03,68.46,70.98,58.05,22.17,8.91,13.05,15.25,LOW,NOMINAL: Operating within normal thermal & electrical limits. Routine maintenance cycle.
2026-06-07 16:00:00,TX-GAMMA-03,67.94,68.5,55.34,19.34,4.29,8.18,11.28,LOW,NOMINAL: Operating within normal thermal & electrical limits. Routine maintenance cycle.
2026-06-07 17:00:00,TX-GAMMA-03,61.97,67.4,56.78,10.42,15.74,11.87,12.65,LOW,NOMINAL: Operating within normal thermal & electrical limits. Routine maintenance cycle.
2026-06-07 18:00:00,TX-GAMMA-03,59.02,68.87,58.85,13.96,18.34,15.0,15.75,LOW,NOMINAL: Operating within normal thermal & electrical limits. Routine maintenance cycle.
2026-06-07 19:00:00,TX-GAMMA-03,55.17,63.34,54.14,7.14,17.19,8.84,11.08,LOW,NOMINAL: Operating within normal thermal & electrical limits. Routine maintenance cycle.
2026-06-07 20:00:00,TX-GAMMA-03,62.72,54.43,43.71,9.67,14.2,18.4,13.44,LOW,NOMINAL: Operating within normal thermal & electrical limits. Routine maintenance cycle.
2026-06-07 21:00:00,TX-GAMMA-03,64.2,59.17,46.82,11.52,0.0,6.78,6.3,LOW,NOMINAL: Operating within normal thermal & electrical limits. Routine maintenance cycle.
2026-06-07 22:00:00,TX-GAMMA-03,76.73,64.01,47.53,23.27,8.64,13.22,15.64,LOW,NOMINAL: Operating within normal thermal & electrical limits. Routine maintenance cycle.
2026-06-07 23:00:00,TX-GAMMA-03,72.6,56.54,42.85,16.25,3.74,9.2,10.11,LOW,NOMINAL: Operating within normal thermal & electrical limits. Routine maintenance cycle.
2026-06-08 00:00:00,TX-GAMMA-03,82.36,61.13,44.41,24.93,22.36,11.29,20.62,LOW,NOMINAL: Operating within normal thermal & electrical limits. Routine maintenance cycle.
2026-06-08 01:00:00,TX-GAMMA-03,79.03,60.2,43.1,22.55,18.43,4.9,16.69,LOW,NOMINAL: Operating within normal thermal & electrical limits. Routine maintenance cycle.
2026-06-08 02:00:00,TX-GAMMA-03,71.12,51.57,38.66,12.82,11.07,11.27,11.82,LOW,NOMINAL: Operating within normal thermal & electrical limits. Routine maintenance cycle.
2026-06-08 03:00:00,TX-GAMMA-03,63.12,49.55,38.17,10.2,16.69,12.91,13.15,LOW,NOMINAL: Operating within normal thermal & electrical limits. Routine maintenance cycle.
2026-06-08 04:00:00,TX-GAMMA-03,53.1,48.88,39.72,1.69,18.39,4.56,8.25,LOW,NOMINAL: Operating within normal thermal & electrical limits. Routine maintenance cycle.
2026-06-08 05:00:00,TX-GAMMA-03,57.34,60.82,49.46,7.71,3.73,5.29,5.71,LOW,NOMINAL: Operating within normal thermal & electrical limits. Routine maintenance cycle.
2026-06-08 06:00:00,TX-GAMMA-03,56.38,57.25,48.16,4.95,5.62,8.02,5.95,LOW,NOMINAL: Operating within normal thermal & electrical limits. Routine maintenance cycle.
2026-06-08 07:00:00,TX-GAMMA-03,55.5,57.77,48.26,4.85,10.74,10.27,8.27,LOW,NOMINAL: Operating within normal thermal & electrical limits. Routine maintenance cycle.
2026-06-08 08:00:00,TX-GAMMA-03,60.03,57.16,45.57,8.1,3.16,5.47,5.71,LOW,NOMINAL: Operating within normal thermal & electrical limits. Routine maintenance cycle.
2026-06-08 09:00:00,TX-GAMMA-03,70.31,77.89,61.19,26.94,16.8,6.66,18.32,LOW,NOMINAL: Operating within normal thermal & electrical limits. Routine maintenance cycle.
2026-06-08 10:00:00,TX-GAMMA-03,74.08,75.31,61.1,28.57,16.42,15.57,21.07,LOW,NOMINAL: Operating within normal thermal & electrical limits. Routine maintenance cycle.
2026-06-08 11:00:00,TX-GAMMA-03,78.01,77.06,62.06,33.56,16.23,10.42,21.71,LOW,NOMINAL: Operating within normal thermal & electrical limits. Routine maintenance cycle.
2026-06-08 12:00:00,TX-GAMMA-03,82.68,89.47,70.14,43.19,51.01,4.09,36.15,MEDIUM,ADVISORY: Increase SCADA polling frequency to 5 minutes; monitor hot-spot temperature delta.
2026-06-08 13:00:00,TX-GAMMA-03,73.93,77.18,62.65,32.51,12.42,6.8,19.05,LOW,NOMINAL: Operating within normal thermal & electrical limits. Routine maintenance cycle.
2026-06-08 14:00:00,TX-GAMMA-03,71.8,75.3,60.36,29.84,9.49,6.68,16.93,LOW,NOMINAL: Operating within normal thermal & electrical limits. Routine maintenance cycle.
2026-06-08 15:00:00,TX-GAMMA-03,72.89,75.69,60.44,29.28,6.25,5.68,15.32,LOW,NOMINAL: Operating within normal thermal & electrical limits. Routine maintenance cycle.
2026-06-08 16:00:00,TX-GAMMA-03,66.37,67.83,55.24,17.52,12.03,14.86,14.94,LOW,NOMINAL: Operating within normal thermal & electrical limits. Routine maintenance cycle.
2026-06-08 17:00:00,TX-GAMMA-03,50.53,65.06,57.03,4.41,31.75,11.84,15.84,LOW,NOMINAL: Operating within normal thermal & electrical limits. Routine maintenance cycle.
2026-06-08 18:00:00,TX-GAMMA-03,52.19,58.04,50.77,1.5,24.87,11.84,12.27,LOW,NOMINAL: Operating within normal thermal & electrical limits. Routine maintenance cycle.
2026-06-08 19:00:00,TX-GAMMA-03,56.66,63.4,55.4,6.28,14.49,11.79,10.53,LOW,NOMINAL: Operating within normal thermal & electrical limits. Routine maintenance cycle.
2026-06-08 20:00:00,TX-GAMMA-03,59.12,59.29,50.21,8.58,4.88,8.64,7.3,LOW,NOMINAL: Operating within normal thermal & electrical limits. Routine maintenance cycle.
2026-06-08 21:00:00,TX-GAMMA-03,63.93,58.6,45.91,10.34,16.24,21.96,15.31,LOW,NOMINAL: Operating within normal thermal & electrical limits. Routine maintenance cycle.
2026-06-08 22:00:00,TX-GAMMA-03,72.13,60.88,46.47,13.98,5.04,4.56,8.5,LOW,NOMINAL: Operating within normal thermal & electrical limits. Routine maintenance cycle.
2026-06-08 23:00:00,TX-GAMMA-03,72.77,57.79,45.31,37.1,29.46,5.22,26.45,LOW,NOMINAL: Operating within normal thermal & electrical limits. Routine maintenance cycle.
2026-06-09 00:00:00,TX-GAMMA-03,78.26,63.75,47.5,22.97,10.9,8.91,15.23,LOW,NOMINAL: Operating within normal thermal & electrical limits. Routine maintenance cycle.
2026-06-09 01:00:00,TX-GAMMA-03,74.54,88.6,65.7,51.31,50.92,7.39,40.19,MEDIUM,ADVISORY: Increase SCADA polling frequency to 5 minutes; monitor hot-spot temperature delta.
2026-06-09 02:00:00,TX-GAMMA-03,80.45,58.63,43.42,22.37,19.29,14.8,19.4,LOW,NOMINAL: Operating within normal thermal & electrical limits. Routine maintenance cycle.
2026-06-09 03:00:00,TX-GAMMA-03,68.24,51.06,37.89,12.95,17.21,8.61,13.35,LOW,NOMINAL: Operating within normal thermal & electrical limits. Routine maintenance cycle.
2026-06-09 04:00:00,TX-GAMMA-03,58.47,53.23,42.2,5.27,10.55,7.2,7.6,LOW,NOMINAL: Operating within normal thermal & electrical limits. Routine maintenance cycle.
2026-06-09 05:00:00,TX-GAMMA-03,46.73,47.61,39.71,0.19,42.1,11.11,17.59,LOW,NOMINAL: Operating within normal thermal & electrical limits. Routine maintenance cycle.
2026-06-09 06:00:00,TX-GAMMA-03,57.56,49.87,39.79,26.73,97.74,100.0,69.9,HIGH,ELEVATED DEGRADATION: Schedule field acoustic vibration test and oil sampling within 48 hours.
2026-06-09 07:00:00,TX-GAMMA-03,50.66,55.06,45.3,2.11,20.12,8.35,9.98,LOW,NOMINAL: Operating within normal thermal & electrical limits. Routine maintenance cycle.
2026-06-09 08:00:00,TX-GAMMA-03,59.49,62.14,53.17,8.79,12.84,6.9,9.73,LOW,NOMINAL: Operating within normal thermal & electrical limits. Routine maintenance cycle.
2026-06-09 09:00:00,TX-GAMMA-03,65.09,62.71,50.78,13.95,2.48,4.85,7.66,LOW,NOMINAL: Operating within normal thermal & electrical limits. Routine maintenance cycle.
2026-06-09 10:00:00,TX-GAMMA-03,73.69,72.22,57.28,26.86,8.08,8.94,15.81,LOW,NOMINAL: Operating within normal thermal & electrical limits. Routine maintenance cycle.
2026-06-09 11:00:00,TX-GAMMA-03,75.04,74.6,58.54,30.1,10.93,10.31,18.44,LOW,NOMINAL: Operating within normal thermal & electrical limits. Routine maintenance cycle.
2026-06-09 12:00:00,TX-GAMMA-03,86.01,78.62,60.74,39.87,24.81,8.87,26.85,LOW,NOMINAL: Operating within normal thermal & electrical limits. Routine maintenance cycle.
2026-06-09 13:00:00,TX-GAMMA-03,81.58,85.12,66.61,42.88,34.11,13.48,32.46,LOW,NOMINAL: Operating within normal thermal & electrical limits. Routine maintenance cycle.
2026-06-09 14:00:00,TX-GAMMA-03,67.77,75.72,62.79,25.16,9.48,7.28,15.2,LOW,NOMINAL: Operating within normal thermal & electrical limits. Routine maintenance cycle.
2026-06-09 15:00:00,TX-GAMMA-03,64.01,66.81,55.16,14.31,10.05,10.1,11.76,LOW,NOMINAL: Operating within normal thermal & electrical limits. Routine maintenance cycle.
2026-06-09 16:00:00,TX-GAMMA-03,65.78,70.45,56.8,20.92,5.3,10.76,12.91,LOW,NOMINAL: Operating within normal thermal & electrical limits. Routine maintenance cycle.
2026-06-09 17:00:00,TX-GAMMA-03,56.74,67.81,56.63,12.23,8.75,14.16,11.49,LOW,NOMINAL: Operating within normal thermal & electrical limits. Routine maintenance cycle.
2026-06-09 18:00:00,TX-GAMMA-03,62.93,60.78,49.72,11.25,4.95,8.59,8.38,LOW,NOMINAL: Operating within normal thermal & electrical limits. Routine maintenance cycle.
2026-06-09 19:00:00,TX-GAMMA-03,55.98,62.88,54.75,7.22,14.31,12.91,11.12,LOW,NOMINAL: Operating within normal thermal & electrical limits. Routine maintenance cycle.
2026-06-09 20:00:00,TX-GAMMA-03,52.35,55.16,46.4,4.93,10.65,7.62,7.6,LOW,NOMINAL: Operating within normal thermal & electrical limits. Routine maintenance cycle.
2026-06-09 21:00:00,TX-GAMMA-03,66.44,58.65,47.86,10.94,4.03,9.74,8.22,LOW,NOMINAL: Operating within normal thermal & electrical limits. Routine maintenance cycle.
2026-06-09 22:00:00,TX-GAMMA-03,79.3,65.72,49.09,26.6,10.97,7.55,16.37,LOW,NOMINAL: Operating within normal thermal & electrical limits. Routine maintenance cycle.
2026-06-09 23:00:00,TX-GAMMA-03,79.01,63.08,46.83,23.55,12.47,6.97,15.53,LOW,NOMINAL: Operating within normal thermal & electrical limits. Routine maintenance cycle.
2026-06-10 00:00:00,TX-GAMMA-03,78.19,58.45,43.16,19.96,10.55,7.95,13.66,LOW,NOMINAL: Operating within normal thermal & electrical limits. Routine maintenance cycle.
2026-06-10 01:00:00,TX-GAMMA-03,75.78,59.71,43.02,19.01,9.1,8.4,12.89,LOW,NOMINAL: Operating within normal thermal & electrical limits. Routine maintenance cycle.
2026-06-10 02:00:00,TX-GAMMA-03,80.6,64.98,47.53,24.48,36.85,26.05,29.2,LOW,NOMINAL: Operating within normal thermal & electrical limits. Routine maintenance cycle.
2026-06-10 03:00:00,TX-GAMMA-03,127.67,82.87,42.26,52.27,99.89,14.04,59.38,MEDIUM,ADVISORY: Increase SCADA polling frequency to 5 minutes; monitor hot-spot temperature delta.
2026-06-10 04:00:00,TX-GAMMA-03,60.43,49.09,36.03,9.22,13.98,7.86,10.54,LOW,NOMINAL: Operating within normal thermal & electrical limits. Routine maintenance cycle.
2026-06-10 05:00:00,TX-GAMMA-03,58.59,54.48,46.13,6.34,10.63,9.05,8.52,LOW,NOMINAL: Operating within normal thermal & electrical limits. Routine maintenance cycle.
2026-06-10 06:00:00,TX-GAMMA-03,50.96,48.5,39.96,3.95,26.6,14.26,14.46,LOW,NOMINAL: Operating within normal thermal & electrical limits. Routine maintenance cycle.
2026-06-10 07:00:00,TX-GAMMA-03,57.91,57.78,46.94,5.17,5.94,8.65,6.31,LOW,NOMINAL: Operating within normal thermal & electrical limits. Routine maintenance cycle.
2026-06-10 08:00:00,TX-GAMMA-03,67.06,62.78,50.57,14.24,6.72,17.15,12.34,LOW,NOMINAL: Operating within normal thermal & electrical limits. Routine maintenance cycle.
2026-06-10 09:00:00,TX-GAMMA-03,63.59,62.06,49.29,12.78,3.57,10.07,8.88,LOW,NOMINAL: Operating within normal thermal & electrical limits. Routine maintenance cycle.
2026-06-10 10:00:00,TX-GAMMA-03,79.85,75.31,59.07,31.37,11.98,6.76,18.43,LOW,NOMINAL: Operating within normal thermal & electrical limits. Routine maintenance cycle.
2026-06-10 11:00:00,TX-GAMMA-03,76.32,77.41,61.63,33.47,18.99,5.02,21.29,LOW,NOMINAL: Operating within normal thermal & electrical limits. Routine maintenance cycle.
2026-06-10 12:00:00,TX-GAMMA-03,80.35,83.15,65.42,40.91,30.12,13.74,30.34,LOW,NOMINAL: Operating within normal thermal & electrical limits. Routine maintenance cycle.
2026-06-10 13:00:00,TX-GAMMA-03,84.89,86.22,67.98,46.26,44.65,12.42,37.24,MEDIUM,ADVISORY: Increase SCADA polling frequency to 5 minutes; monitor hot-spot temperature delta.
2026-06-10 14:00:00,TX-GAMMA-03,79.7,83.24,66.01,40.52,29.64,12.71,29.76,LOW,NOMINAL: Operating within normal thermal & electrical limits. Routine maintenance cycle.
2026-06-10 15:00:00,TX-GAMMA-03,68.69,75.56,62.84,26.4,11.32,8.73,16.7,LOW,NOMINAL: Operating within normal thermal & electrical limits. Routine maintenance cycle.
2026-06-10 16:00:00,TX-GAMMA-03,54.35,68.68,58.69,11.64,19.09,9.87,13.8,LOW,NOMINAL: Operating within normal thermal & electrical limits. Routine maintenance cycle.
2026-06-10 17:00:00,TX-GAMMA-03,58.19,70.04,60.64,15.57,13.12,9.41,13.17,LOW,NOMINAL: Operating within normal thermal & electrical limits. Routine maintenance cycle.
2026-06-10 18:00:00,TX-GAMMA-03,58.3,62.21,53.73,9.17,9.94,4.1,8.17,LOW,NOMINAL: Operating within normal thermal & electrical limits. Routine maintenance cycle.
2026-06-10 19:00:00,TX-GAMMA-03,68.41,64.1,51.38,15.6,17.24,21.44,17.63,LOW,NOMINAL: Operating within normal thermal & electrical limits. Routine maintenance cycle.
2026-06-10 20:00:00,TX-GAMMA-03,61.28,54.99,44.84,6.65,3.92,8.91,6.26,LOW,NOMINAL: Operating within normal thermal & electrical limits. Routine maintenance cycle.
2026-06-10 21:00:00,TX-GAMMA-03,64.19,54.55,42.83,10.46,1.72,8.09,6.81,LOW,NOMINAL: Operating within normal thermal & electrical limits. Routine maintenance cycle.
2026-06-10 22:00:00,TX-GAMMA-03,80.16,66.11,49.28,26.67,10.93,6.84,16.21,LOW,NOMINAL: Operating within normal thermal & electrical limits. Routine maintenance cycle.
2026-06-10 23:00:00,TX-GAMMA-03,75.11,58.03,44.61,19.33,5.97,4.78,11.02,LOW,NOMINAL: Operating within normal thermal & electrical limits. Routine maintenance cycle.
2026-06-11 00:00:00,TX-GAMMA-03,71.23,56.11,41.06,12.9,9.23,11.35,11.23,LOW,NOMINAL: Operating within normal thermal & electrical limits. Routine maintenance cycle.
2026-06-11 01:00:00,TX-GAMMA-03,75.6,57.05,43.02,18.35,6.92,8.79,11.96,LOW,NOMINAL: Operating within normal thermal & electrical limits. Routine maintenance cycle.
2026-06-11 02:00:00,TX-GAMMA-03,75.91,56.13,40.91,19.3,17.74,6.65,15.59,LOW,NOMINAL: Operating within normal thermal & electrical limits. Routine maintenance cycle.
2026-06-11 03:00:00,TX-GAMMA-03,73.85,59.83,45.85,18.53,14.44,15.89,16.44,LOW,NOMINAL: Operating within normal thermal & electrical limits. Routine maintenance cycle.
2026-06-11 04:00:00,TX-GAMMA-03,61.92,50.01,38.01,7.99,7.05,8.18,7.71,LOW,NOMINAL: Operating within normal thermal & electrical limits. Routine maintenance cycle.
2026-06-11 05:00:00,TX-GAMMA-03,54.66,50.02,39.64,6.01,10.35,4.94,7.26,LOW,NOMINAL: Operating within normal thermal & electrical limits. Routine maintenance cycle.
2026-06-11 06:00:00,TX-GAMMA-03,54.2,54.57,45.36,2.55,12.72,6.34,7.06,LOW,NOMINAL: Operating within normal thermal & electrical limits. Routine maintenance cycle.
2026-06-11 07:00:00,TX-GAMMA-03,52.98,58.64,48.17,1.88,22.57,11.37,11.5,LOW,NOMINAL: Operating within normal thermal & electrical limits. Routine maintenance cycle.
2026-06-11 08:00:00,TX-GAMMA-03,62.38,61.43,50.41,10.73,5.92,9.71,8.79,LOW,NOMINAL: Operating within normal thermal & electrical limits. Routine maintenance cycle.
2026-06-11 09:00:00,TX-GAMMA-03,62.86,63.63,51.01,11.44,4.95,5.45,7.67,LOW,NOMINAL: Operating within normal thermal & electrical limits. Routine maintenance cycle.
2026-06-11 10:00:00,TX-GAMMA-03,74.46,74.56,59.17,31.16,11.59,10.28,19.09,LOW,NOMINAL: Operating within normal thermal & electrical limits. Routine maintenance cycle.
2026-06-11 11:00:00,TX-GAMMA-03,69.19,66.9,52.85,18.36,2.58,9.67,10.66,LOW,NOMINAL: Operating within normal thermal & electrical limits. Routine maintenance cycle.
2026-06-11 12:00:00,TX-GAMMA-03,83.81,80.46,63.18,40.4,32.69,12.34,30.69,LOW,NOMINAL: Operating within normal thermal & electrical limits. Routine maintenance cycle.
2026-06-11 13:00:00,TX-GAMMA-03,73.46,77.77,61.66,30.54,8.49,7.92,17.17,LOW,NOMINAL: Operating within normal thermal & electrical limits. Routine maintenance cycle.
2026-06-11 14:00:00,TX-GAMMA-03,78.16,82.16,67.04,36.86,22.4,9.52,24.96,LOW,NOMINAL: Operating within normal thermal & electrical limits. Routine maintenance cycle.
2026-06-11 15:00:00,TX-GAMMA-03,62.22,67.81,55.47,14.71,8.31,4.99,10.04,LOW,NOMINAL: Operating within normal thermal & electrical limits. Routine maintenance cycle.
2026-06-11 16:00:00,TX-GAMMA-03,62.36,63.69,52.8,12.76,10.19,5.66,10.09,LOW,NOMINAL: Operating within normal thermal & electrical limits. Routine maintenance cycle.
2026-06-11 17:00:00,TX-GAMMA-03,51.1,60.34,53.1,1.95,22.98,13.83,12.28,LOW,NOMINAL: Operating within normal thermal & electrical limits. Routine maintenance cycle.
2026-06-11 18:00:00,TX-GAMMA-03,49.91,56.76,48.76,1.2,23.53,8.45,10.83,LOW,NOMINAL: Operating within normal thermal & electrical limits. Routine maintenance cycle.
2026-06-11 19:00:00,TX-GAMMA-03,57.95,63.04,53.45,9.79,2.13,7.32,6.49,LOW,NOMINAL: Operating within normal thermal & electrical limits. Routine maintenance cycle.
2026-06-11 20:00:00,TX-GAMMA-03,56.64,60.65,49.9,7.88,7.09,7.42,7.49,LOW,NOMINAL: Operating within normal thermal & electrical limits. Routine maintenance cycle.
2026-06-11 21:00:00,TX-GAMMA-03,71.65,60.82,46.69,14.57,4.27,11.46,10.19,LOW,NOMINAL: Operating within normal thermal & electrical limits. Routine maintenance cycle.
2026-06-11 22:00:00,TX-GAMMA-03,80.49,69.57,52.03,31.56,23.88,12.77,24.17,LOW,NOMINAL: Operating within normal thermal & electrical limits. Routine maintenance cycle.
2026-06-11 23:00:00,TX-GAMMA-03,83.04,68.04,50.82,32.97,28.47,15.19,26.95,LOW,NOMINAL: Operating within normal thermal & electrical limits. Routine maintenance cycle.
2026-06-12 00:00:00,TX-GAMMA-03,84.51,67.64,48.05,49.97,50.68,11.58,40.62,MEDIUM,ADVISORY: Increase SCADA polling frequency to 5 minutes; monitor hot-spot temperature delta.
2026-06-12 01:00:00,TX-GAMMA-03,80.73,61.05,43.11,22.97,14.98,8.64,16.59,LOW,NOMINAL: Operating within normal thermal & electrical limits. Routine maintenance cycle.
2026-06-12 02:00:00,TX-GAMMA-03,74.43,56.41,41.33,16.67,8.37,8.97,11.84,LOW,NOMINAL: Operating within normal thermal & electrical limits. Routine maintenance cycle.
2026-06-12 03:00:00,TX-GAMMA-03,67.42,49.87,36.97,11.68,10.97,8.43,10.62,LOW,NOMINAL: Operating within normal thermal & electrical limits. Routine maintenance cycle.
2026-06-12 04:00:00,TX-GAMMA-03,56.4,51.23,39.89,8.51,17.8,7.68,11.55,LOW,NOMINAL: Operating within normal thermal & electrical limits. Routine maintenance cycle.
2026-06-12 05:00:00,TX-GAMMA-03,50.56,47.19,39.03,1.49,24.07,8.95,11.26,LOW,NOMINAL: Operating within normal thermal & electrical limits. Routine maintenance cycle.
2026-06-12 06:00:00,TX-GAMMA-03,52.5,49.45,39.92,3.17,17.64,14.94,11.18,LOW,NOMINAL: Operating within normal thermal & electrical limits. Routine maintenance cycle.
2026-06-12 07:00:00,TX-GAMMA-03,51.92,56.47,49.2,2.88,21.57,8.57,10.84,LOW,NOMINAL: Operating within normal thermal & electrical limits. Routine maintenance cycle.
2026-06-12 08:00:00,TX-GAMMA-03,64.41,59.38,48.44,12.65,5.54,5.25,8.31,LOW,NOMINAL: Operating within normal thermal & electrical limits. Routine maintenance cycle.
2026-06-12 09:00:00,TX-GAMMA-03,66.32,64.76,52.65,16.61,2.17,6.2,8.96,LOW,NOMINAL: Operating within normal thermal & electrical limits. Routine maintenance cycle.
2026-06-12 10:00:00,TX-GAMMA-03,76.91,70.79,55.49,29.31,6.98,5.67,15.59,LOW,NOMINAL: Operating within normal thermal & electrical limits. Routine maintenance cycle.
2026-06-12 11:00:00,TX-GAMMA-03,73.75,71.31,56.92,25.46,5.44,5.67,13.5,LOW,NOMINAL: Operating within normal thermal & electrical limits. Routine maintenance cycle.
2026-06-12 12:00:00,TX-GAMMA-03,78.63,82.61,66.93,37.45,26.03,6.43,25.7,LOW,NOMINAL: Operating within normal thermal & electrical limits. Routine maintenance cycle.
2026-06-12 13:00:00,TX-GAMMA-03,74.43,84.01,68.85,37.67,29.67,8.0,27.45,LOW,NOMINAL: Operating within normal thermal & electrical limits. Routine maintenance cycle.
2026-06-12 14:00:00,TX-GAMMA-03,77.17,83.34,68.38,37.68,32.38,9.07,28.67,LOW,NOMINAL: Operating within normal thermal & electrical limits. Routine maintenance cycle.
2026-06-12 15:00:00,TX-GAMMA-03,66.3,78.53,65.11,21.72,31.42,5.08,20.95,LOW,NOMINAL: Operating within normal thermal & electrical limits. Routine maintenance cycle.
2026-06-12 16:00:00,TX-GAMMA-03,62.92,74.59,62.09,23.77,22.0,14.37,20.8,LOW,NOMINAL: Operating within normal thermal & electrical limits. Routine maintenance cycle.
2026-06-12 17:00:00,TX-GAMMA-03,51.9,63.78,53.37,5.62,16.25,12.42,11.04,LOW,NOMINAL: Operating within normal thermal & electrical limits. Routine maintenance cycle.
2026-06-12 18:00:00,TX-GAMMA-03,53.31,64.26,55.94,6.3,17.82,8.33,10.84,LOW,NOMINAL: Operating within normal thermal & electrical limits. Routine maintenance cycle.
2026-06-12 19:00:00,TX-GAMMA-03,61.24,59.66,50.27,8.08,14.09,6.14,9.7,LOW,NOMINAL: Operating within normal thermal & electrical limits. Routine maintenance cycle.
2026-06-12 20:00:00,TX-GAMMA-03,62.56,60.41,47.33,8.92,3.78,5.88,6.36,LOW,NOMINAL: Operating within normal thermal & electrical limits. Routine maintenance cycle.
2026-06-12 21:00:00,TX-GAMMA-03,64.21,62.07,48.76,13.62,13.12,9.43,12.4,LOW,NOMINAL: Operating within normal thermal & electrical limits. Routine maintenance cycle.
2026-06-12 22:00:00,TX-GAMMA-03,75.68,63.16,47.76,42.2,30.5,5.46,28.92,LOW,NOMINAL: Operating within normal thermal & electrical limits. Routine maintenance cycle.
2026-06-12 23:00:00,TX-GAMMA-03,81.0,68.76,49.66,29.68,30.48,11.59,25.44,LOW,NOMINAL: Operating within normal thermal & electrical limits. Routine maintenance cycle.
2026-06-13 00:00:00,TX-GAMMA-03,79.99,65.82,49.22,26.5,16.35,11.77,19.26,LOW,NOMINAL: Operating within normal thermal & electrical limits. Routine maintenance cycle.
2026-06-13 01:00:00,TX-GAMMA-03,79.16,58.94,43.44,18.93,10.57,6.91,13.0,LOW,NOMINAL: Operating within normal thermal & electrical limits. Routine maintenance cycle.
2026-06-13 02:00:00,TX-GAMMA-03,79.44,59.96,42.79,22.65,20.58,10.85,18.98,LOW,NOMINAL: Operating within normal thermal & electrical limits. Routine maintenance cycle.
2026-06-13 03:00:00,TX-GAMMA-03,69.38,55.6,41.73,13.05,5.83,9.54,9.65,LOW,NOMINAL: Operating within normal thermal & electrical limits. Routine maintenance cycle.
2026-06-13 04:00:00,TX-GAMMA-03,63.88,49.72,37.41,10.17,24.12,15.52,16.39,LOW,NOMINAL: Operating within normal thermal & electrical limits. Routine maintenance cycle.
2026-06-13 05:00:00,TX-GAMMA-03,61.54,47.81,36.84,9.96,15.14,13.72,12.71,LOW,NOMINAL: Operating within normal thermal & electrical limits. Routine maintenance cycle.
2026-06-13 06:00:00,TX-GAMMA-03,54.41,54.75,44.62,3.03,7.69,8.34,5.99,LOW,NOMINAL: Operating within normal thermal & electrical limits. Routine maintenance cycle.
2026-06-13 07:00:00,TX-GAMMA-03,53.1,52.08,43.84,1.7,12.82,6.2,6.72,LOW,NOMINAL: Operating within normal thermal & electrical limits. Routine maintenance cycle.
2026-06-13 08:00:00,TX-GAMMA-03,61.87,57.68,47.53,7.23,2.84,6.04,5.4,LOW,NOMINAL: Operating within normal thermal & electrical limits. Routine maintenance cycle.
2026-06-13 09:00:00,TX-GAMMA-03,76.21,71.27,55.07,29.05,11.55,11.95,18.65,LOW,NOMINAL: Operating within normal thermal & electrical limits. Routine maintenance cycle.
2026-06-13 10:00:00,TX-GAMMA-03,64.05,65.54,53.11,15.74,12.18,10.22,13.12,LOW,NOMINAL: Operating within normal thermal & electrical limits. Routine maintenance cycle.
2026-06-13 11:00:00,TX-GAMMA-03,77.14,76.51,59.57,32.26,14.36,8.17,19.97,LOW,NOMINAL: Operating within normal thermal & electrical limits. Routine maintenance cycle.
2026-06-13 12:00:00,TX-GAMMA-03,81.59,83.55,64.35,42.39,31.48,13.62,31.38,LOW,NOMINAL: Operating within normal thermal & electrical limits. Routine maintenance cycle.
2026-06-13 13:00:00,TX-GAMMA-03,77.19,78.91,63.03,36.34,16.08,7.88,22.14,LOW,NOMINAL: Operating within normal thermal & electrical limits. Routine maintenance cycle.
2026-06-13 14:00:00,TX-GAMMA-03,74.91,81.64,64.93,34.14,33.26,21.11,30.57,LOW,NOMINAL: Operating within normal thermal & electrical limits. Routine maintenance cycle.
2026-06-13 15:00:00,TX-GAMMA-03,63.55,68.04,55.98,16.94,3.18,8.5,10.01,LOW,NOMINAL: Operating within normal thermal & electrical limits. Routine maintenance cycle.
2026-06-13 16:00:00,TX-GAMMA-03,133.83,98.09,57.67,57.82,98.82,9.11,59.99,MEDIUM,ADVISORY: Increase SCADA polling frequency to 5 minutes; monitor hot-spot temperature delta.
2026-06-13 17:00:00,TX-GAMMA-03,54.35,66.39,56.43,10.18,23.95,9.96,14.94,LOW,NOMINAL: Operating within normal thermal & electrical limits. Routine maintenance cycle.
2026-06-13 18:00:00,TX-GAMMA-03,59.95,67.75,56.6,13.92,9.41,7.32,10.69,LOW,NOMINAL: Operating within normal thermal & electrical limits. Routine maintenance cycle.
2026-06-13 19:00:00,TX-GAMMA-03,56.05,61.46,51.98,7.15,10.34,9.9,8.95,LOW,NOMINAL: Operating within normal thermal & electrical limits. Routine maintenance cycle.
2026-06-13 20:00:00,TX-GAMMA-03,64.68,64.33,51.6,13.42,4.2,9.48,9.21,LOW,NOMINAL: Operating within normal thermal & electrical limits. Routine maintenance cycle.
2026-06-13 21:00:00,TX-GAMMA-03,63.42,55.01,44.01,31.89,79.66,97.66,65.05,HIGH,ELEVATED DEGRADATION: Schedule field acoustic vibration test and oil sampling within 48 hours.
2026-06-13 22:00:00,TX-GAMMA-03,77.64,65.85,47.49,25.88,12.91,4.16,15.91,LOW,NOMINAL: Operating within normal thermal & electrical limits. Routine maintenance cycle.
2026-06-13 23:00:00,TX-GAMMA-03,81.92,65.1,48.8,29.0,22.45,11.22,22.26,LOW,NOMINAL: Operating within normal thermal & electrical limits. Routine maintenance cycle.
2026-06-14 00:00:00,TX-GAMMA-03,75.83,61.38,45.77,17.79,10.66,12.12,13.88,LOW,NOMINAL: Operating within normal thermal & electrical limits. Routine maintenance cycle.
2026-06-14 01:00:00,TX-GAMMA-03,72.02,59.06,44.29,14.26,6.33,6.6,9.57,LOW,NOMINAL: Operating within normal thermal & electrical limits. Routine maintenance cycle.
2026-06-14 02:00:00,TX-GAMMA-03,68.42,50.53,37.96,13.99,8.0,6.14,9.93,LOW,NOMINAL: Operating within normal thermal & electrical limits. Routine maintenance cycle.
2026-06-14 03:00:00,TX-GAMMA-03,67.84,55.36,41.39,12.12,3.41,6.96,7.78,LOW,NOMINAL: Operating within normal thermal & electrical limits. Routine maintenance cycle.
2026-06-14 04:00:00,TX-GAMMA-03,64.21,51.76,40.04,11.65,7.12,9.71,9.58,LOW,NOMINAL: Operating within normal thermal & electrical limits. Routine maintenance cycle.
2026-06-14 05:00:00,TX-GAMMA-03,123.54,80.53,43.41,45.51,83.23,4.67,48.5,MEDIUM,ADVISORY: Increase SCADA polling frequency to 5 minutes; monitor hot-spot temperature delta.
2026-06-14 06:00:00,TX-GAMMA-03,61.67,51.66,40.44,6.66,7.34,8.59,7.38,LOW,NOMINAL: Operating within normal thermal & electrical limits. Routine maintenance cycle.
2026-06-14 07:00:00,TX-GAMMA-03,49.81,54.79,45.83,1.45,23.86,12.13,11.96,LOW,NOMINAL: Operating within normal thermal & electrical limits. Routine maintenance cycle.
2026-06-14 08:00:00,TX-GAMMA-03,66.09,63.03,51.66,13.95,13.61,21.42,15.7,LOW,NOMINAL: Operating within normal thermal & electrical limits. Routine maintenance cycle.
2026-06-14 09:00:00,TX-GAMMA-03,65.54,68.62,54.23,16.13,33.32,21.88,23.58,LOW,NOMINAL: Operating within normal thermal & electrical limits. Routine maintenance cycle.
2026-06-14 10:00:00,TX-GAMMA-03,76.79,73.39,57.02,30.63,18.24,13.91,22.11,LOW,NOMINAL: Operating within normal thermal & electrical limits. Routine maintenance cycle.
2026-06-14 11:00:00,TX-GAMMA-03,72.89,73.64,60.33,27.43,6.94,6.48,15.02,LOW,NOMINAL: Operating within normal thermal & electrical limits. Routine maintenance cycle.
2026-06-14 12:00:00,TX-GAMMA-03,81.99,80.02,65.52,41.18,29.87,13.05,30.19,LOW,NOMINAL: Operating within normal thermal & electrical limits. Routine maintenance cycle.
2026-06-14 13:00:00,TX-GAMMA-03,76.3,80.22,64.9,35.76,19.99,12.26,24.37,LOW,NOMINAL: Operating within normal thermal & electrical limits. Routine maintenance cycle.
2026-06-14 14:00:00,TX-GAMMA-03,75.0,82.54,66.48,37.41,22.93,8.82,25.19,LOW,NOMINAL: Operating within normal thermal & electrical limits. Routine maintenance cycle.
2026-06-14 15:00:00,TX-GAMMA-03,127.63,97.78,58.0,64.31,93.78,9.75,60.99,HIGH,ELEVATED DEGRADATION: Schedule field acoustic vibration test and oil sampling within 48 hours.
2026-06-14 16:00:00,TX-GAMMA-03,60.98,67.26,56.96,14.13,24.92,13.71,17.8,LOW,NOMINAL: Operating within normal thermal & electrical limits. Routine maintenance cycle.
2026-06-14 17:00:00,TX-GAMMA-03,61.54,62.48,52.4,9.65,2.48,6.2,6.28,LOW,NOMINAL: Operating within normal thermal & electrical limits. Routine maintenance cycle.
2026-06-14 18:00:00,TX-GAMMA-03,54.99,61.48,52.0,3.91,14.68,8.4,8.8,LOW,NOMINAL: Operating within normal thermal & electrical limits. Routine maintenance cycle.
2026-06-14 19:00:00,TX-GAMMA-03,53.1,55.37,47.33,4.23,11.16,11.76,8.54,LOW,NOMINAL: Operating within normal thermal & electrical limits. Routine maintenance cycle.
2026-06-14 20:00:00,TX-GAMMA-03,53.48,56.8,48.87,2.85,24.95,17.76,14.31,LOW,NOMINAL: Operating within normal thermal & electrical limits. Routine maintenance cycle.
2026-06-14 21:00:00,TX-GAMMA-03,58.69,60.25,49.13,5.69,8.78,4.22,6.4,LOW,NOMINAL: Operating within normal thermal & electrical limits. Routine maintenance cycle.
2026-06-14 22:00:00,TX-GAMMA-03,76.49,59.69,44.34,24.75,11.5,7.64,15.83,LOW,NOMINAL: Operating within normal thermal & electrical limits. Routine maintenance cycle.
2026-06-14 23:00:00,TX-GAMMA-03,77.99,96.29,72.99,59.8,60.53,3.95,46.09,MEDIUM,ADVISORY: Increase SCADA polling frequency to 5 minutes; monitor hot-spot temperature delta.
2026-06-15 00:00:00,TX-GAMMA-03,75.79,56.83,40.47,19.4,7.61,6.24,11.98,LOW,NOMINAL: Operating within normal thermal & electrical limits. Routine maintenance cycle.
2026-06-15 01:00:00,TX-GAMMA-03,77.8,64.43,48.41,24.28,21.64,16.01,21.29,LOW,NOMINAL: Operating within normal thermal & electrical limits. Routine maintenance cycle.
2026-06-15 02:00:00,TX-GAMMA-03,78.22,59.22,43.75,18.04,6.2,4.31,10.46,LOW,NOMINAL: Operating within normal thermal & electrical limits. Routine maintenance cycle.
2026-06-15 03:00:00,TX-GAMMA-03,58.15,50.54,40.52,6.6,10.36,3.68,7.19,LOW,NOMINAL: Operating within normal thermal & electrical limits. Routine maintenance cycle.
2026-06-15 04:00:00,TX-GAMMA-03,61.61,46.63,34.85,8.11,14.28,13.08,11.51,LOW,NOMINAL: Operating within normal thermal & electrical limits. Routine maintenance cycle.
2026-06-15 05:00:00,TX-GAMMA-03,57.24,48.34,38.8,5.21,14.06,11.85,9.97,LOW,NOMINAL: Operating within normal thermal & electrical limits. Routine maintenance cycle.
2026-06-15 06:00:00,TX-GAMMA-03,52.84,49.66,41.33,2.26,22.33,16.14,12.75,LOW,NOMINAL: Operating within normal thermal & electrical limits. Routine maintenance cycle.
2026-06-15 07:00:00,TX-GAMMA-03,52.16,52.88,44.13,1.4,18.16,10.27,9.48,LOW,NOMINAL: Operating within normal thermal & electrical limits. Routine maintenance cycle.
2026-06-15 08:00:00,TX-GAMMA-03,50.83,56.91,48.03,2.84,24.6,11.17,12.54,LOW,NOMINAL: Operating within normal thermal & electrical limits. Routine maintenance cycle.
2026-06-15 09:00:00,TX-GAMMA-03,75.54,72.8,55.5,33.38,15.8,13.32,22.21,LOW,NOMINAL: Operating within normal thermal & electrical limits. Routine maintenance cycle.
2026-06-15 10:00:00,TX-GAMMA-03,78.98,77.21,60.26,35.41,15.6,11.44,22.48,LOW,NOMINAL: Operating within normal thermal & electrical limits. Routine maintenance cycle.
2026-06-15 11:00:00,TX-GAMMA-03,69.38,72.07,57.78,24.81,3.11,10.52,13.64,LOW,NOMINAL: Operating within normal thermal & electrical limits. Routine maintenance cycle.
2026-06-15 12:00:00,TX-GAMMA-03,77.29,79.78,63.77,35.51,11.06,9.26,20.39,LOW,NOMINAL: Operating within normal thermal & electrical limits. Routine maintenance cycle.
2026-06-15 13:00:00,TX-GAMMA-03,82.52,85.95,68.4,43.46,36.63,6.38,31.8,LOW,NOMINAL: Operating within normal thermal & electrical limits. Routine maintenance cycle.
2026-06-15 14:00:00,TX-GAMMA-03,73.83,73.69,58.15,31.2,9.44,6.98,17.53,LOW,NOMINAL: Operating within normal thermal & electrical limits. Routine maintenance cycle.
2026-06-15 15:00:00,TX-GAMMA-03,65.35,71.26,59.94,20.79,7.55,5.95,12.45,LOW,NOMINAL: Operating within normal thermal & electrical limits. Routine maintenance cycle.
2026-06-15 16:00:00,TX-GAMMA-03,52.87,64.62,56.82,8.36,20.51,13.97,14.02,LOW,NOMINAL: Operating within normal thermal & electrical limits. Routine maintenance cycle.
2026-06-15 17:00:00,TX-GAMMA-03,57.2,68.97,57.1,13.78,10.13,11.71,11.99,LOW,NOMINAL: Operating within normal thermal & electrical limits. Routine maintenance cycle.
2026-06-15 18:00:00,TX-GAMMA-03,46.61,51.12,44.8,0.18,40.06,13.3,17.42,LOW,NOMINAL: Operating within normal thermal & electrical limits. Routine maintenance cycle.
2026-06-15 19:00:00,TX-GAMMA-03,50.6,58.17,50.12,1.99,34.04,24.01,18.71,LOW,NOMINAL: Operating within normal thermal & electrical limits. Routine maintenance cycle.
2026-06-15 20:00:00,TX-GAMMA-03,64.03,65.44,51.9,16.28,16.73,8.21,14.42,LOW,NOMINAL: Operating within normal thermal & electrical limits. Routine maintenance cycle.
2026-06-15 21:00:00,TX-GAMMA-03,71.44,63.83,50.55,20.61,4.62,9.82,12.32,LOW,NOMINAL: Operating within normal thermal & electrical limits. Routine maintenance cycle.
2026-06-15 22:00:00,TX-GAMMA-03,72.43,92.86,69.22,52.59,63.89,14.97,47.14,MEDIUM,ADVISORY: Increase SCADA polling frequency to 5 minutes; monitor hot-spot temperature delta.
2026-06-15 23:00:00,TX-GAMMA-03,76.37,61.33,46.09,20.43,15.65,7.93,15.63,LOW,NOMINAL: Operating within normal thermal & electrical limits. Routine maintenance cycle.
2026-06-16 00:00:00,TX-GAMMA-03,71.5,55.46,42.16,15.08,2.27,8.05,8.84,LOW,NOMINAL: Operating within normal thermal & electrical limits. Routine maintenance cycle.
2026-06-16 01:00:00,TX-GAMMA-03,79.56,63.62,47.93,24.99,31.27,19.6,25.84,LOW,NOMINAL: Operating within normal thermal & electrical limits. Routine maintenance cycle.
2026-06-16 02:00:00,TX-GAMMA-03,72.01,53.54,39.12,16.73,23.35,15.51,18.74,LOW,NOMINAL: Operating within normal thermal & electrical limits. Routine maintenance cycle.
2026-06-16 03:00:00,TX-GAMMA-03,66.38,47.95,36.1,12.2,18.23,7.71,13.19,LOW,NOMINAL: Operating within normal thermal & electrical limits. Routine maintenance cycle.
2026-06-16 04:00:00,TX-GAMMA-03,61.67,49.08,38.07,6.71,15.6,16.71,12.32,LOW,NOMINAL: Operating within normal thermal & electrical limits. Routine maintenance cycle.
2026-06-16 05:00:00,TX-GAMMA-03,51.93,48.62,41.11,2.07,13.65,8.95,7.84,LOW,NOMINAL: Operating within normal thermal & electrical limits. Routine maintenance cycle.
2026-06-16 06:00:00,TX-GAMMA-03,57.29,54.61,45.35,6.81,3.09,8.9,6.03,LOW,NOMINAL: Operating within normal thermal & electrical limits. Routine maintenance cycle.
2026-06-16 07:00:00,TX-GAMMA-03,58.51,57.96,47.91,7.45,5.54,5.96,6.41,LOW,NOMINAL: Operating within normal thermal & electrical limits. Routine maintenance cycle.
2026-06-16 08:00:00,TX-GAMMA-03,53.56,59.85,51.19,2.06,20.12,12.21,10.92,LOW,NOMINAL: Operating within normal thermal & electrical limits. Routine maintenance cycle.
2026-06-16 09:00:00,TX-GAMMA-03,67.47,62.23,49.25,15.15,0.51,9.21,8.54,LOW,NOMINAL: Operating within normal thermal & electrical limits. Routine maintenance cycle.
2026-06-16 10:00:00,TX-GAMMA-03,73.61,71.89,57.67,25.61,10.74,11.9,16.98,LOW,NOMINAL: Operating within normal thermal & electrical limits. Routine maintenance cycle.
2026-06-16 11:00:00,TX-GAMMA-03,71.63,74.45,59.56,28.52,4.88,10.19,15.66,LOW,NOMINAL: Operating within normal thermal & electrical limits. Routine maintenance cycle.
2026-06-16 12:00:00,TX-GAMMA-03,73.38,73.04,57.8,24.42,14.64,8.37,16.99,LOW,NOMINAL: Operating within normal thermal & electrical limits. Routine maintenance cycle.
2026-06-16 13:00:00,TX-GAMMA-03,73.66,74.63,59.7,28.78,8.39,5.72,15.88,LOW,NOMINAL: Operating within normal thermal & electrical limits. Routine maintenance cycle.
2026-06-16 14:00:00,TX-GAMMA-03,77.66,82.15,65.9,36.61,23.61,14.27,26.47,LOW,NOMINAL: Operating within normal thermal & electrical limits. Routine maintenance cycle.
2026-06-16 15:00:00,TX-GAMMA-03,69.23,74.51,60.66,26.27,6.14,4.34,13.74,LOW,NOMINAL: Operating within normal thermal & electrical limits. Routine maintenance cycle.
2026-06-16 16:00:00,TX-GAMMA-03,58.67,67.72,58.45,14.13,13.77,7.79,12.42,LOW,NOMINAL: Operating within normal thermal & electrical limits. Routine maintenance cycle.
2026-06-16 17:00:00,TX-GAMMA-03,58.2,67.79,56.18,11.37,15.07,10.15,12.36,LOW,NOMINAL: Operating within normal thermal & electrical limits. Routine maintenance cycle.
2026-06-16 18:00:00,TX-GAMMA-03,52.65,61.36,52.02,3.63,21.19,12.04,11.88,LOW,NOMINAL: Operating within normal thermal & electrical limits. Routine maintenance cycle.
2026-06-16 19:00:00,TX-GAMMA-03,56.29,63.52,54.55,7.27,24.0,14.62,14.96,LOW,NOMINAL: Operating within normal thermal & electrical limits. Routine maintenance cycle.
2026-06-16 20:00:00,TX-GAMMA-03,66.01,64.02,50.03,13.27,6.95,9.87,10.21,LOW,NOMINAL: Operating within normal thermal & electrical limits. Routine maintenance cycle.
2026-06-16 21:00:00,TX-GAMMA-03,65.11,57.38,45.16,12.33,2.06,9.57,8.05,LOW,NOMINAL: Operating within normal thermal & electrical limits. Routine maintenance cycle.
2026-06-16 22:00:00,TX-GAMMA-03,68.07,57.8,43.84,14.65,2.72,10.99,9.56,LOW,NOMINAL: Operating within normal thermal & electrical limits. Routine maintenance cycle.
2026-06-16 23:00:00,TX-GAMMA-03,75.81,63.09,49.12,19.85,8.73,10.43,13.6,LOW,NOMINAL: Operating within normal thermal & electrical limits. Routine maintenance cycle.
2026-06-17 00:00:00,TX-GAMMA-03,77.27,62.9,47.05,22.12,7.93,6.22,13.18,LOW,NOMINAL: Operating within normal thermal & electrical limits. Routine maintenance cycle.
2026-06-17 01:00:00,TX-GAMMA-03,85.58,62.28,43.65,27.26,27.46,12.44,23.63,LOW,NOMINAL: Operating within normal thermal & electrical limits. Routine maintenance cycle.
2026-06-17 02:00:00,TX-GAMMA-03,78.06,61.16,44.66,22.17,8.43,9.52,14.2,LOW,NOMINAL: Operating within normal thermal & electrical limits. Routine maintenance cycle.
2026-06-17 03:00:00,TX-GAMMA-03,64.79,49.5,38.33,10.3,23.62,10.83,15.09,LOW,NOMINAL: Operating within normal thermal & electrical limits. Routine maintenance cycle.
2026-06-17 04:00:00,TX-GAMMA-03,68.09,52.95,39.63,13.53,10.84,12.94,12.44,LOW,NOMINAL: Operating within normal thermal & electrical limits. Routine maintenance cycle.
2026-06-17 05:00:00,TX-GAMMA-03,54.13,59.15,49.49,4.31,16.65,11.44,10.41,LOW,NOMINAL: Operating within normal thermal & electrical limits. Routine maintenance cycle.
2026-06-17 06:00:00,TX-GAMMA-03,65.05,53.91,43.09,11.25,7.35,14.68,10.74,LOW,NOMINAL: Operating within normal thermal & electrical limits. Routine maintenance cycle.
2026-06-17 07:00:00,TX-GAMMA-03,54.57,58.92,50.32,2.81,15.35,8.1,8.52,LOW,NOMINAL: Operating within normal thermal & electrical limits. Routine maintenance cycle.
2026-06-17 08:00:00,TX-GAMMA-03,59.63,60.07,48.93,6.33,10.07,5.55,7.45,LOW,NOMINAL: Operating within normal thermal & electrical limits. Routine maintenance cycle.
2026-06-17 09:00:00,TX-GAMMA-03,71.05,66.8,52.34,20.36,7.25,15.16,14.47,LOW,NOMINAL: Operating within normal thermal & electrical limits. Routine maintenance cycle.
2026-06-17 10:00:00,TX-GAMMA-03,68.18,65.14,54.8,16.42,14.54,20.57,16.8,LOW,NOMINAL: Operating within normal thermal & electrical limits. Routine maintenance cycle.
2026-06-17 11:00:00,TX-GAMMA-03,77.66,76.38,58.81,34.62,14.09,5.94,20.27,LOW,NOMINAL: Operating within normal thermal & electrical limits. Routine maintenance cycle.
2026-06-17 12:00:00,TX-GAMMA-03,75.48,77.86,63.64,33.35,11.36,11.7,20.24,LOW,NOMINAL: Operating within normal thermal & electrical limits. Routine maintenance cycle.
2026-06-17 13:00:00,TX-GAMMA-03,79.21,83.43,65.9,39.48,31.08,8.23,28.73,LOW,NOMINAL: Operating within normal thermal & electrical limits. Routine maintenance cycle.
2026-06-17 14:00:00,TX-GAMMA-03,70.04,75.85,61.23,27.45,7.4,5.28,14.89,LOW,NOMINAL: Operating within normal thermal & electrical limits. Routine maintenance cycle.
2026-06-17 15:00:00,TX-GAMMA-03,69.08,76.33,61.42,28.33,25.03,21.36,25.43,LOW,NOMINAL: Operating within normal thermal & electrical limits. Routine maintenance cycle.
2026-06-01 00:00:00,TX-DELTA-04,84.13,58.92,45.05,23.96,20.23,5.82,18.12,LOW,NOMINAL: Operating within normal thermal & electrical limits. Routine maintenance cycle.
2026-06-01 01:00:00,TX-DELTA-04,69.95,48.76,36.41,16.2,11.58,5.98,12.03,LOW,NOMINAL: Operating within normal thermal & electrical limits. Routine maintenance cycle.
2026-06-01 02:00:00,TX-DELTA-04,72.71,46.14,33.6,15.37,21.52,5.43,15.04,LOW,NOMINAL: Operating within normal thermal & electrical limits. Routine maintenance cycle.
2026-06-01 03:00:00,TX-DELTA-04,67.47,44.48,32.5,11.29,19.81,8.6,13.6,LOW,NOMINAL: Operating within normal thermal & electrical limits. Routine maintenance cycle.
2026-06-01 04:00:00,TX-DELTA-04,65.76,45.43,34.71,12.9,20.54,8.25,14.41,LOW,NOMINAL: Operating within normal thermal & electrical limits. Routine maintenance cycle.
2026-06-01 05:00:00,TX-DELTA-04,53.75,45.57,38.89,2.53,19.78,10.74,10.62,LOW,NOMINAL: Operating within normal thermal & electrical limits. Routine maintenance cycle.
2026-06-01 06:00:00,TX-DELTA-04,55.08,47.43,38.67,2.78,16.68,12.47,10.07,LOW,NOMINAL: Operating within normal thermal & electrical limits. Routine maintenance cycle.
2026-06-01 07:00:00,TX-DELTA-04,56.91,56.42,46.91,5.51,7.22,11.6,7.63,LOW,NOMINAL: Operating within normal thermal & electrical limits. Routine maintenance cycle.
2026-06-01 08:00:00,TX-DELTA-04,56.73,54.15,46.5,5.42,13.51,13.6,10.3,LOW,NOMINAL: Operating within normal thermal & electrical limits. Routine maintenance cycle.
2026-06-01 09:00:00,TX-DELTA-04,69.91,64.73,53.03,14.76,17.11,6.15,13.43,LOW,NOMINAL: Operating within normal thermal & electrical limits. Routine maintenance cycle.
2026-06-01 10:00:00,TX-DELTA-04,72.41,62.74,50.3,17.63,3.3,6.53,9.84,LOW,NOMINAL: Operating within normal thermal & electrical limits. Routine maintenance cycle.
2026-06-01 11:00:00,TX-DELTA-04,78.12,70.07,56.46,30.19,14.13,13.14,20.31,LOW,NOMINAL: Operating within normal thermal & electrical limits. Routine maintenance cycle.
2026-06-01 12:00:00,TX-DELTA-04,75.72,68.85,55.49,23.37,9.6,13.62,16.11,LOW,NOMINAL: Operating within normal thermal & electrical limits. Routine maintenance cycle.
2026-06-01 13:00:00,TX-DELTA-04,77.03,70.01,56.45,28.83,14.34,10.86,19.27,LOW,NOMINAL: Operating within normal thermal & electrical limits. Routine maintenance cycle.
2026-06-01 14:00:00,TX-DELTA-04,76.86,74.98,60.68,30.69,12.57,11.31,19.5,LOW,NOMINAL: Operating within normal thermal & electrical limits. Routine maintenance cycle.
2026-06-01 15:00:00,TX-DELTA-04,60.29,61.4,52.78,9.6,18.76,7.01,12.16,LOW,NOMINAL: Operating within normal thermal & electrical limits. Routine maintenance cycle.
2026-06-01 16:00:00,TX-DELTA-04,60.55,55.17,47.96,8.44,17.74,7.98,11.58,LOW,NOMINAL: Operating within normal thermal & electrical limits. Routine maintenance cycle.
2026-06-01 17:00:00,TX-DELTA-04,49.6,58.82,50.64,3.28,26.89,8.93,12.95,LOW,NOMINAL: Operating within normal thermal & electrical limits. Routine maintenance cycle.
2026-06-01 18:00:00,TX-DELTA-04,56.02,56.26,48.21,4.2,11.66,9.68,8.18,LOW,NOMINAL: Operating within normal thermal & electrical limits. Routine maintenance cycle.
2026-06-01 19:00:00,TX-DELTA-04,55.61,54.97,45.9,3.19,9.95,10.16,7.3,LOW,NOMINAL: Operating within normal thermal & electrical limits. Routine maintenance cycle.
2026-06-01 20:00:00,TX-DELTA-04,58.72,55.21,45.87,6.12,4.95,10.52,6.81,LOW,NOMINAL: Operating within normal thermal & electrical limits. Routine maintenance cycle.
2026-06-01 21:00:00,TX-DELTA-04,63.11,50.21,40.35,11.28,11.98,5.85,10.17,LOW,NOMINAL: Operating within normal thermal & electrical limits. Routine maintenance cycle.
2026-06-01 22:00:00,TX-DELTA-04,71.46,52.46,40.21,14.48,6.54,11.77,11.02,LOW,NOMINAL: Operating within normal thermal & electrical limits. Routine maintenance cycle.
2026-06-01 23:00:00,TX-DELTA-04,78.99,58.8,44.02,19.61,6.92,11.73,13.2,LOW,NOMINAL: Operating within normal thermal & electrical limits. Routine maintenance cycle.
2026-06-02 00:00:00,TX-DELTA-04,83.49,54.67,40.73,22.54,15.83,11.13,17.34,LOW,NOMINAL: Operating within normal thermal & electrical limits. Routine maintenance cycle.
2026-06-02 01:00:00,TX-DELTA-04,80.21,56.47,40.43,23.05,15.41,10.35,17.2,LOW,NOMINAL: Operating within normal thermal & electrical limits. Routine maintenance cycle.
2026-06-02 02:00:00,TX-DELTA-04,72.97,53.9,40.68,17.95,13.02,6.98,13.48,LOW,NOMINAL: Operating within normal thermal & electrical limits. Routine maintenance cycle.
2026-06-02 03:00:00,TX-DELTA-04,68.46,45.72,34.4,14.75,17.03,6.83,13.57,LOW,NOMINAL: Operating within normal thermal & electrical limits. Routine maintenance cycle.
2026-06-02 04:00:00,TX-DELTA-04,57.69,48.12,40.02,6.33,11.97,4.44,7.83,LOW,NOMINAL: Operating within normal thermal & electrical limits. Routine maintenance cycle.
2026-06-02 05:00:00,TX-DELTA-04,59.68,46.97,39.11,7.05,11.93,4.63,8.15,LOW,NOMINAL: Operating within normal thermal & electrical limits. Routine maintenance cycle.
2026-06-02 06:00:00,TX-DELTA-04,54.11,46.69,39.07,2.63,23.24,15.1,12.96,LOW,NOMINAL: Operating within normal thermal & electrical limits. Routine maintenance cycle.
2026-06-02 07:00:00,TX-DELTA-04,53.9,48.15,41.06,6.54,14.9,4.93,9.06,LOW,NOMINAL: Operating within normal thermal & electrical limits. Routine maintenance cycle.
2026-06-02 08:00:00,TX-DELTA-04,65.08,84.06,65.0,46.22,37.23,5.0,32.77,LOW,NOMINAL: Operating within normal thermal & electrical limits. Routine maintenance cycle.
2026-06-02 09:00:00,TX-DELTA-04,67.57,56.79,47.55,11.43,9.88,5.43,9.39,LOW,NOMINAL: Operating within normal thermal & electrical limits. Routine maintenance cycle.
2026-06-02 10:00:00,TX-DELTA-04,71.14,63.3,51.97,17.61,2.12,6.94,9.52,LOW,NOMINAL: Operating within normal thermal & electrical limits. Routine maintenance cycle.
2026-06-02 11:00:00,TX-DELTA-04,83.59,71.15,56.0,29.58,16.59,8.36,19.73,LOW,NOMINAL: Operating within normal thermal & electrical limits. Routine maintenance cycle.
2026-06-02 12:00:00,TX-DELTA-04,75.96,70.64,57.53,27.18,4.46,11.43,15.29,LOW,NOMINAL: Operating within normal thermal & electrical limits. Routine maintenance cycle.
2026-06-02 13:00:00,TX-DELTA-04,82.39,78.71,63.75,38.44,28.74,5.81,26.89,LOW,NOMINAL: Operating within normal thermal & electrical limits. Routine maintenance cycle.
2026-06-02 14:00:00,TX-DELTA-04,80.61,75.69,59.37,34.33,11.37,9.98,20.21,LOW,NOMINAL: Operating within normal thermal & electrical limits. Routine maintenance cycle.
2026-06-02 15:00:00,TX-DELTA-04,65.27,67.11,56.19,18.49,19.34,11.99,17.16,LOW,NOMINAL: Operating within normal thermal & electrical limits. Routine maintenance cycle.
2026-06-02 16:00:00,TX-DELTA-04,60.2,57.92,49.82,7.86,17.96,7.04,11.19,LOW,NOMINAL: Operating within normal thermal & electrical limits. Routine maintenance cycle.
2026-06-02 17:00:00,TX-DELTA-04,50.82,54.81,48.86,3.4,35.77,12.64,17.04,LOW,NOMINAL: Operating within normal thermal & electrical limits. Routine maintenance cycle.
2026-06-02 18:00:00,TX-DELTA-04,55.96,59.76,52.59,4.83,13.18,10.3,9.12,LOW,NOMINAL: Operating within normal thermal & electrical limits. Routine maintenance cycle.
2026-06-02 19:00:00,TX-DELTA-04,50.92,53.4,44.77,0.99,19.06,6.09,8.59,LOW,NOMINAL: Operating within normal thermal & electrical limits. Routine maintenance cycle.
2026-06-02 20:00:00,TX-DELTA-04,60.46,51.05,40.62,7.07,96.92,100.0,61.75,HIGH,ELEVATED DEGRADATION: Schedule field acoustic vibration test and oil sampling within 48 hours.
2026-06-02 21:00:00,TX-DELTA-04,67.35,81.06,62.0,45.9,49.42,24.06,41.67,MEDIUM,ADVISORY: Increase SCADA polling frequency to 5 minutes; monitor hot-spot temperature delta.
2026-06-02 22:00:00,TX-DELTA-04,73.72,55.01,42.6,18.06,7.05,3.96,10.68,LOW,NOMINAL: Operating within normal thermal & electrical limits. Routine maintenance cycle.
2026-06-02 23:00:00,TX-DELTA-04,75.65,51.49,38.41,19.41,20.44,11.16,17.71,LOW,NOMINAL: Operating within normal thermal & electrical limits. Routine maintenance cycle.
2026-06-03 00:00:00,TX-DELTA-04,83.1,59.87,43.61,25.77,21.86,12.47,21.08,LOW,NOMINAL: Operating within normal thermal & electrical limits. Routine maintenance cycle.
2026-06-03 01:00:00,TX-DELTA-04,70.12,50.85,38.52,12.41,12.46,6.7,11.0,LOW,NOMINAL: Operating within normal thermal & electrical limits. Routine maintenance cycle.
2026-06-03 02:00:00,TX-DELTA-04,74.54,53.12,39.68,16.83,6.68,7.08,10.84,LOW,NOMINAL: Operating within normal thermal & electrical limits. Routine maintenance cycle.
2026-06-03 03:00:00,TX-DELTA-04,72.11,48.42,36.28,16.11,15.64,6.67,13.59,LOW,NOMINAL: Operating within normal thermal & electrical limits. Routine maintenance cycle.
2026-06-03 04:00:00,TX-DELTA-04,58.74,47.57,39.89,6.75,13.83,9.42,9.9,LOW,NOMINAL: Operating within normal thermal & electrical limits. Routine maintenance cycle.
2026-06-03 05:00:00,TX-DELTA-04,59.98,49.91,40.5,6.16,12.7,7.96,8.9,LOW,NOMINAL: Operating within normal thermal & electrical limits. Routine maintenance cycle.
2026-06-03 06:00:00,TX-DELTA-04,60.18,45.49,36.96,6.58,17.31,5.15,9.98,LOW,NOMINAL: Operating within normal thermal & electrical limits. Routine maintenance cycle.
2026-06-03 07:00:00,TX-DELTA-04,54.45,51.76,43.99,2.64,15.18,8.78,8.56,LOW,NOMINAL: Operating within normal thermal & electrical limits. Routine maintenance cycle.
2026-06-03 08:00:00,TX-DELTA-04,59.21,52.26,44.56,6.86,20.56,9.13,12.22,LOW,NOMINAL: Operating within normal thermal & electrical limits. Routine maintenance cycle.
2026-06-03 09:00:00,TX-DELTA-04,69.44,58.23,48.53,12.71,2.93,5.9,7.58,LOW,NOMINAL: Operating within normal thermal & electrical limits. Routine maintenance cycle.
2026-06-03 10:00:00,TX-DELTA-04,72.71,62.21,51.01,15.06,14.54,9.79,13.56,LOW,NOMINAL: Operating within normal thermal & electrical limits. Routine maintenance cycle.
2026-06-03 11:00:00,TX-DELTA-04,80.06,73.3,58.51,31.82,28.83,23.56,28.71,LOW,NOMINAL: Operating within normal thermal & electrical limits. Routine maintenance cycle.
2026-06-03 12:00:00,TX-DELTA-04,79.7,77.14,62.58,37.77,22.49,10.34,25.56,LOW,NOMINAL: Operating within normal thermal & electrical limits. Routine maintenance cycle.
2026-06-03 13:00:00,TX-DELTA-04,79.29,71.2,57.22,50.23,37.2,11.54,36.0,MEDIUM,ADVISORY: Increase SCADA polling frequency to 5 minutes; monitor hot-spot temperature delta.
2026-06-03 14:00:00,TX-DELTA-04,131.03,93.62,53.79,62.21,97.5,7.08,60.78,HIGH,ELEVATED DEGRADATION: Schedule field acoustic vibration test and oil sampling within 48 hours.
2026-06-03 15:00:00,TX-DELTA-04,63.09,61.68,51.55,17.65,12.86,11.33,14.39,LOW,NOMINAL: Operating within normal thermal & electrical limits. Routine maintenance cycle.
2026-06-03 16:00:00,TX-DELTA-04,64.03,61.67,51.76,11.71,11.59,10.0,11.24,LOW,NOMINAL: Operating within normal thermal & electrical limits. Routine maintenance cycle.
2026-06-03 17:00:00,TX-DELTA-04,62.36,59.35,49.66,9.96,15.29,12.91,12.56,LOW,NOMINAL: Operating within normal thermal & electrical limits. Routine maintenance cycle.
2026-06-03 18:00:00,TX-DELTA-04,54.52,58.63,51.57,4.97,12.05,8.53,8.34,LOW,NOMINAL: Operating within normal thermal & electrical limits. Routine maintenance cycle.
2026-06-03 19:00:00,TX-DELTA-04,60.22,51.44,43.01,7.71,12.56,7.54,9.37,LOW,NOMINAL: Operating within normal thermal & electrical limits. Routine maintenance cycle.
2026-06-03 20:00:00,TX-DELTA-04,62.14,50.26,40.96,8.55,13.62,8.24,10.25,LOW,NOMINAL: Operating within normal thermal & electrical limits. Routine maintenance cycle.
2026-06-03 21:00:00,TX-DELTA-04,59.84,53.18,43.57,7.66,6.56,6.81,7.06,LOW,NOMINAL: Operating within normal thermal & electrical limits. Routine maintenance cycle.
2026-06-03 22:00:00,TX-DELTA-04,73.27,51.73,40.32,19.11,15.83,6.58,14.83,LOW,NOMINAL: Operating within normal thermal & electrical limits. Routine maintenance cycle.
2026-06-03 23:00:00,TX-DELTA-04,77.45,56.2,43.1,20.35,9.36,9.69,13.84,LOW,NOMINAL: Operating within normal thermal & electrical limits. Routine maintenance cycle.
2026-06-04 00:00:00,TX-DELTA-04,75.48,49.08,36.02,16.99,26.6,19.78,21.05,LOW,NOMINAL: Operating within normal thermal & electrical limits. Routine maintenance cycle.
2026-06-04 01:00:00,TX-DELTA-04,76.16,52.43,39.57,20.14,24.03,8.41,18.57,LOW,NOMINAL: Operating within normal thermal & electrical limits. Routine maintenance cycle.
2026-06-04 02:00:00,TX-DELTA-04,80.74,56.09,40.87,21.94,16.29,7.68,16.39,LOW,NOMINAL: Operating within normal thermal & electrical limits. Routine maintenance cycle.
2026-06-04 03:00:00,TX-DELTA-04,70.68,47.52,34.96,14.23,13.37,6.55,12.01,LOW,NOMINAL: Operating within normal thermal & electrical limits. Routine maintenance cycle.
2026-06-04 04:00:00,TX-DELTA-04,61.92,41.82,31.79,10.15,26.72,9.07,15.68,LOW,NOMINAL: Operating within normal thermal & electrical limits. Routine maintenance cycle.
2026-06-04 05:00:00,TX-DELTA-04,57.46,46.0,37.91,5.64,15.94,9.68,10.25,LOW,NOMINAL: Operating within normal thermal & electrical limits. Routine maintenance cycle.
2026-06-04 06:00:00,TX-DELTA-04,65.18,45.67,35.59,10.52,17.57,8.07,12.37,LOW,NOMINAL: Operating within normal thermal & electrical limits. Routine maintenance cycle.
2026-06-04 07:00:00,TX-DELTA-04,55.13,50.97,43.4,2.64,31.52,19.4,16.94,LOW,NOMINAL: Operating within normal thermal & electrical limits. Routine maintenance cycle.
2026-06-04 08:00:00,TX-DELTA-04,58.5,53.16,45.09,6.68,7.22,4.68,6.37,LOW,NOMINAL: Operating within normal thermal & electrical limits. Routine maintenance cycle.
2026-06-04 09:00:00,TX-DELTA-04,70.6,61.07,48.51,14.56,0.68,4.85,7.27,LOW,NOMINAL: Operating within normal thermal & electrical limits. Routine maintenance cycle.
2026-06-04 10:00:00,TX-DELTA-04,80.94,68.44,54.15,27.09,23.78,10.23,21.72,LOW,NOMINAL: Operating within normal thermal & electrical limits. Routine maintenance cycle.
2026-06-04 11:00:00,TX-DELTA-04,78.77,66.31,53.44,26.63,12.18,8.59,17.06,LOW,NOMINAL: Operating within normal thermal & electrical limits. Routine maintenance cycle.
2026-06-04 12:00:00,TX-DELTA-04,79.89,76.18,61.98,34.34,17.2,13.88,23.23,LOW,NOMINAL: Operating within normal thermal & electrical limits. Routine maintenance cycle.
2026-06-04 13:00:00,TX-DELTA-04,72.87,69.71,56.72,24.05,4.55,6.47,12.83,LOW,NOMINAL: Operating within normal thermal & electrical limits. Routine maintenance cycle.
2026-06-04 14:00:00,TX-DELTA-04,73.08,65.3,54.05,22.69,12.61,8.95,15.73,LOW,NOMINAL: Operating within normal thermal & electrical limits. Routine maintenance cycle.
2026-06-04 15:00:00,TX-DELTA-04,68.95,63.67,53.2,17.57,10.4,5.8,12.12,LOW,NOMINAL: Operating within normal thermal & electrical limits. Routine maintenance cycle.
2026-06-04 16:00:00,TX-DELTA-04,55.49,60.62,53.38,5.07,14.89,9.21,9.54,LOW,NOMINAL: Operating within normal thermal & electrical limits. Routine maintenance cycle.
2026-06-04 17:00:00,TX-DELTA-04,56.2,56.78,49.51,7.06,7.22,7.25,7.16,LOW,NOMINAL: Operating within normal thermal & electrical limits. Routine maintenance cycle.
2026-06-04 18:00:00,TX-DELTA-04,56.21,64.02,56.28,4.51,21.91,7.73,11.4,LOW,NOMINAL: Operating within normal thermal & electrical limits. Routine maintenance cycle.
2026-06-04 19:00:00,TX-DELTA-04,59.01,56.64,48.52,8.09,17.67,12.52,12.55,LOW,NOMINAL: Operating within normal thermal & electrical limits. Routine maintenance cycle.
2026-06-04 20:00:00,TX-DELTA-04,63.02,48.08,39.78,12.06,18.51,7.19,13.1,LOW,NOMINAL: Operating within normal thermal & electrical limits. Routine maintenance cycle.
2026-06-04 21:00:00,TX-DELTA-04,70.95,56.34,43.32,17.06,4.34,11.6,11.24,LOW,NOMINAL: Operating within normal thermal & electrical limits. Routine maintenance cycle.
2026-06-04 22:00:00,TX-DELTA-04,70.61,54.14,42.39,14.35,15.85,19.52,16.17,LOW,NOMINAL: Operating within normal thermal & electrical limits. Routine maintenance cycle.
2026-06-04 23:00:00,TX-DELTA-04,80.05,54.29,39.98,21.78,13.1,7.46,15.16,LOW,NOMINAL: Operating within normal thermal & electrical limits. Routine maintenance cycle.
2026-06-05 00:00:00,TX-DELTA-04,82.08,54.67,40.89,25.25,21.57,18.96,22.39,LOW,NOMINAL: Operating within normal thermal & electrical limits. Routine maintenance cycle.
2026-06-05 01:00:00,TX-DELTA-04,78.52,52.61,37.89,19.77,19.94,15.23,18.7,LOW,NOMINAL: Operating within normal thermal & electrical limits. Routine maintenance cycle.
2026-06-05 02:00:00,TX-DELTA-04,79.17,53.18,39.37,21.96,20.98,5.42,17.48,LOW,NOMINAL: Operating within normal thermal & electrical limits. Routine maintenance cycle.
2026-06-05 03:00:00,TX-DELTA-04,67.46,49.19,37.19,12.97,10.59,6.73,10.58,LOW,NOMINAL: Operating within normal thermal & electrical limits. Routine maintenance cycle.
2026-06-05 04:00:00,TX-DELTA-04,64.94,40.78,32.39,9.96,27.19,13.73,16.93,LOW,NOMINAL: Operating within normal thermal & electrical limits. Routine maintenance cycle.
2026-06-05 05:00:00,TX-DELTA-04,62.24,42.93,31.78,9.69,29.61,13.31,17.57,LOW,NOMINAL: Operating within normal thermal & electrical limits. Routine maintenance cycle.
2026-06-05 06:00:00,TX-DELTA-04,58.14,46.91,38.85,7.43,10.29,6.09,8.1,LOW,NOMINAL: Operating within normal thermal & electrical limits. Routine maintenance cycle.
2026-06-05 07:00:00,TX-DELTA-04,47.07,45.35,38.61,0.44,41.88,7.21,16.64,LOW,NOMINAL: Operating within normal thermal & electrical limits. Routine maintenance cycle.
2026-06-05 08:00:00,TX-DELTA-04,65.2,52.0,41.49,10.94,24.16,8.97,15.08,LOW,NOMINAL: Operating within normal thermal & electrical limits. Routine maintenance cycle.
2026-06-05 09:00:00,TX-DELTA-04,68.08,57.96,47.01,14.7,8.33,8.7,10.97,LOW,NOMINAL: Operating within normal thermal & electrical limits. Routine maintenance cycle.
2026-06-05 10:00:00,TX-DELTA-04,76.68,66.77,52.49,24.29,6.71,8.24,14.12,LOW,NOMINAL: Operating within normal thermal & electrical limits. Routine maintenance cycle.
2026-06-05 11:00:00,TX-DELTA-04,80.67,69.09,55.59,29.65,14.33,4.72,18.06,LOW,NOMINAL: Operating within normal thermal & electrical limits. Routine maintenance cycle.
2026-06-05 12:00:00,TX-DELTA-04,81.79,71.05,57.41,30.6,12.37,8.16,18.61,LOW,NOMINAL: Operating within normal thermal & electrical limits. Routine maintenance cycle.
2026-06-05 13:00:00,TX-DELTA-04,77.45,71.93,59.84,30.29,13.0,8.16,18.71,LOW,NOMINAL: Operating within normal thermal & electrical limits. Routine maintenance cycle.
2026-06-05 14:00:00,TX-DELTA-04,73.17,66.86,54.07,24.64,19.72,16.01,20.76,LOW,NOMINAL: Operating within normal thermal & electrical limits. Routine maintenance cycle.
2026-06-05 15:00:00,TX-DELTA-04,70.0,67.7,56.3,21.52,14.08,7.38,15.38,LOW,NOMINAL: Operating within normal thermal & electrical limits. Routine maintenance cycle.
2026-06-05 16:00:00,TX-DELTA-04,56.46,63.62,54.07,6.86,10.43,8.53,8.53,LOW,NOMINAL: Operating within normal thermal & electrical limits. Routine maintenance cycle.
2026-06-05 17:00:00,TX-DELTA-04,53.26,59.49,52.66,5.34,13.97,8.31,9.1,LOW,NOMINAL: Operating within normal thermal & electrical limits. Routine maintenance cycle.
2026-06-05 18:00:00,TX-DELTA-04,53.76,59.13,50.83,2.77,11.13,11.2,7.8,LOW,NOMINAL: Operating within normal thermal & electrical limits. Routine maintenance cycle.
2026-06-05 19:00:00,TX-DELTA-04,48.64,50.99,44.49,1.56,31.39,8.58,13.76,LOW,NOMINAL: Operating within normal thermal & electrical limits. Routine maintenance cycle.
2026-06-05 20:00:00,TX-DELTA-04,65.63,52.53,41.6,10.67,8.04,7.74,9.02,LOW,NOMINAL: Operating within normal thermal & electrical limits. Routine maintenance cycle.
2026-06-05 21:00:00,TX-DELTA-04,74.19,55.66,43.79,16.85,6.6,7.07,10.82,LOW,NOMINAL: Operating within normal thermal & electrical limits. Routine maintenance cycle.
2026-06-05 22:00:00,TX-DELTA-04,75.3,52.81,40.04,19.83,82.51,100.0,61.81,HIGH,ELEVATED DEGRADATION: Schedule field acoustic vibration test and oil sampling within 48 hours.
2026-06-05 23:00:00,TX-DELTA-04,77.69,55.93,41.34,19.72,13.84,5.86,14.2,LOW,NOMINAL: Operating within normal thermal & electrical limits. Routine maintenance cycle.
2026-06-06 00:00:00,TX-DELTA-04,80.11,53.42,39.85,22.09,24.25,17.79,21.77,LOW,NOMINAL: Operating within normal thermal & electrical limits. Routine maintenance cycle.
2026-06-06 01:00:00,TX-DELTA-04,87.02,54.48,38.94,26.46,28.17,6.49,22.07,LOW,NOMINAL: Operating within normal thermal & electrical limits. Routine maintenance cycle.
2026-06-06 02:00:00,TX-DELTA-04,68.73,45.09,33.43,12.56,20.04,5.33,13.37,LOW,NOMINAL: Operating within normal thermal & electrical limits. Routine maintenance cycle.
2026-06-06 03:00:00,TX-DELTA-04,63.61,40.27,31.43,10.31,26.69,7.24,15.28,LOW,NOMINAL: Operating within normal thermal & electrical limits. Routine maintenance cycle.
2026-06-06 04:00:00,TX-DELTA-04,61.59,40.52,32.47,8.91,26.58,9.65,15.28,LOW,NOMINAL: Operating within normal thermal & electrical limits. Routine maintenance cycle.
2026-06-06 05:00:00,TX-DELTA-04,57.35,48.64,41.11,6.26,10.08,9.55,8.42,LOW,NOMINAL: Operating within normal thermal & electrical limits. Routine maintenance cycle.
2026-06-06 06:00:00,TX-DELTA-04,51.9,44.44,36.69,2.88,24.35,8.94,11.91,LOW,NOMINAL: Operating within normal thermal & electrical limits. Routine maintenance cycle.
2026-06-06 07:00:00,TX-DELTA-04,60.32,52.45,42.48,9.02,21.5,4.63,12.29,LOW,NOMINAL: Operating within normal thermal & electrical limits. Routine maintenance cycle.
2026-06-06 08:00:00,TX-DELTA-04,70.63,57.11,45.37,12.43,3.81,5.62,7.71,LOW,NOMINAL: Operating within normal thermal & electrical limits. Routine maintenance cycle.
2026-06-06 09:00:00,TX-DELTA-04,61.92,51.59,43.49,8.46,13.33,6.41,9.65,LOW,NOMINAL: Operating within normal thermal & electrical limits. Routine maintenance cycle.
2026-06-06 10:00:00,TX-DELTA-04,75.93,66.65,54.9,24.51,15.4,13.46,18.56,LOW,NOMINAL: Operating within normal thermal & electrical limits. Routine maintenance cycle.
2026-06-06 11:00:00,TX-DELTA-04,79.8,66.29,53.63,27.97,15.75,12.38,19.79,LOW,NOMINAL: Operating within normal thermal & electrical limits. Routine maintenance cycle.
2026-06-06 12:00:00,TX-DELTA-04,75.09,71.38,56.27,25.95,7.22,7.24,14.71,LOW,NOMINAL: Operating within normal thermal & electrical limits. Routine maintenance cycle.
2026-06-06 13:00:00,TX-DELTA-04,77.25,73.39,58.27,31.21,7.66,5.04,16.42,LOW,NOMINAL: Operating within normal thermal & electrical limits. Routine maintenance cycle.
2026-06-06 14:00:00,TX-DELTA-04,73.25,70.15,57.49,23.62,7.19,7.24,13.77,LOW,NOMINAL: Operating within normal thermal & electrical limits. Routine maintenance cycle.
2026-06-06 15:00:00,TX-DELTA-04,63.71,59.35,51.84,8.98,30.99,17.46,18.81,LOW,NOMINAL: Operating within normal thermal & electrical limits. Routine maintenance cycle.
2026-06-06 16:00:00,TX-DELTA-04,66.46,60.53,49.65,11.51,8.28,7.26,9.32,LOW,NOMINAL: Operating within normal thermal & electrical limits. Routine maintenance cycle.
2026-06-06 17:00:00,TX-DELTA-04,50.6,56.56,50.3,1.98,37.39,10.13,16.41,LOW,NOMINAL: Operating within normal thermal & electrical limits. Routine maintenance cycle.
2026-06-06 18:00:00,TX-DELTA-04,54.32,57.35,49.33,4.45,11.95,10.85,8.68,LOW,NOMINAL: Operating within normal thermal & electrical limits. Routine maintenance cycle.
2026-06-06 19:00:00,TX-DELTA-04,60.22,56.04,46.06,7.91,9.06,8.65,8.5,LOW,NOMINAL: Operating within normal thermal & electrical limits. Routine maintenance cycle.
2026-06-06 20:00:00,TX-DELTA-04,60.36,55.86,46.19,8.1,17.07,12.62,12.37,LOW,NOMINAL: Operating within normal thermal & electrical limits. Routine maintenance cycle.
2026-06-06 21:00:00,TX-DELTA-04,62.72,48.52,40.76,8.93,15.76,15.1,12.86,LOW,NOMINAL: Operating within normal thermal & electrical limits. Routine maintenance cycle.
2026-06-06 22:00:00,TX-DELTA-04,74.96,53.95,41.01,19.06,8.69,5.1,11.94,LOW,NOMINAL: Operating within normal thermal & electrical limits. Routine maintenance cycle.
2026-06-06 23:00:00,TX-DELTA-04,133.13,74.96,37.82,54.3,91.22,9.48,56.02,MEDIUM,ADVISORY: Increase SCADA polling frequency to 5 minutes; monitor hot-spot temperature delta.
2026-06-07 00:00:00,TX-DELTA-04,126.84,84.89,37.67,67.5,88.06,4.14,58.86,MEDIUM,ADVISORY: Increase SCADA polling frequency to 5 minutes; monitor hot-spot temperature delta.
2026-06-07 01:00:00,TX-DELTA-04,81.86,53.68,38.73,44.46,95.37,100.0,76.16,HIGH,ELEVATED DEGRADATION: Schedule field acoustic vibration test and oil sampling within 48 hours.
2026-06-07 02:00:00,TX-DELTA-04,69.16,47.55,35.26,13.6,10.85,11.41,12.09,LOW,NOMINAL: Operating within normal thermal & electrical limits. Routine maintenance cycle.
2026-06-07 03:00:00,TX-DELTA-04,57.23,43.64,34.82,7.21,17.8,11.75,12.05,LOW,NOMINAL: Operating within normal thermal & electrical limits. Routine maintenance cycle.
2026-06-07 04:00:00,TX-DELTA-04,58.56,41.19,32.27,7.64,26.32,6.52,13.9,LOW,NOMINAL: Operating within normal thermal & electrical limits. Routine maintenance cycle.
2026-06-07 05:00:00,TX-DELTA-04,60.54,42.47,33.39,7.92,25.08,8.34,14.03,LOW,NOMINAL: Operating within normal thermal & electrical limits. Routine maintenance cycle.
2026-06-07 06:00:00,TX-DELTA-04,54.08,49.88,41.57,2.57,14.98,8.44,8.38,LOW,NOMINAL: Operating within normal thermal & electrical limits. Routine maintenance cycle.
2026-06-07 07:00:00,TX-DELTA-04,63.49,50.22,41.8,11.83,9.41,6.83,9.73,LOW,NOMINAL: Operating within normal thermal & electrical limits. Routine maintenance cycle.
2026-06-07 08:00:00,TX-DELTA-04,57.21,48.34,41.72,6.29,17.54,7.06,10.42,LOW,NOMINAL: Operating within normal thermal & electrical limits. Routine maintenance cycle.
2026-06-07 09:00:00,TX-DELTA-04,66.9,55.89,45.13,13.04,12.27,9.45,11.87,LOW,NOMINAL: Operating within normal thermal & electrical limits. Routine maintenance cycle.
2026-06-07 10:00:00,TX-DELTA-04,63.78,56.05,47.04,10.63,12.65,7.43,10.54,LOW,NOMINAL: Operating within normal thermal & electrical limits. Routine maintenance cycle.
2026-06-07 11:00:00,TX-DELTA-04,82.19,72.29,57.38,33.25,13.74,6.74,19.79,LOW,NOMINAL: Operating within normal thermal & electrical limits. Routine maintenance cycle.
2026-06-07 12:00:00,TX-DELTA-04,78.7,72.14,58.61,29.24,16.15,11.16,20.14,LOW,NOMINAL: Operating within normal thermal & electrical limits. Routine maintenance cycle.
2026-06-07 13:00:00,TX-DELTA-04,78.41,71.7,58.61,29.87,8.46,8.43,17.02,LOW,NOMINAL: Operating within normal thermal & electrical limits. Routine maintenance cycle.
2026-06-07 14:00:00,TX-DELTA-04,78.14,73.16,58.6,32.17,9.69,8.95,18.49,LOW,NOMINAL: Operating within normal thermal & electrical limits. Routine maintenance cycle.
2026-06-07 15:00:00,TX-DELTA-04,71.37,67.29,54.5,23.26,9.8,9.07,15.0,LOW,NOMINAL: Operating within normal thermal & electrical limits. Routine maintenance cycle.
2026-06-07 16:00:00,TX-DELTA-04,69.95,64.24,52.94,20.1,6.7,5.82,11.84,LOW,NOMINAL: Operating within normal thermal & electrical limits. Routine maintenance cycle.
2026-06-07 17:00:00,TX-DELTA-04,61.15,59.04,50.18,6.85,15.64,8.66,10.38,LOW,NOMINAL: Operating within normal thermal & electrical limits. Routine maintenance cycle.
2026-06-07 18:00:00,TX-DELTA-04,57.76,57.42,49.4,6.3,14.11,16.08,11.48,LOW,NOMINAL: Operating within normal thermal & electrical limits. Routine maintenance cycle.
2026-06-07 19:00:00,TX-DELTA-04,59.54,58.68,49.75,8.34,4.15,7.13,6.57,LOW,NOMINAL: Operating within normal thermal & electrical limits. Routine maintenance cycle.
2026-06-07 20:00:00,TX-DELTA-04,60.46,50.61,40.17,8.51,13.68,8.93,10.42,LOW,NOMINAL: Operating within normal thermal & electrical limits. Routine maintenance cycle.
2026-06-07 21:00:00,TX-DELTA-04,71.22,53.53,41.65,13.27,7.73,9.0,10.27,LOW,NOMINAL: Operating within normal thermal & electrical limits. Routine maintenance cycle.
2026-06-07 22:00:00,TX-DELTA-04,81.44,59.69,43.45,23.16,10.49,7.94,14.92,LOW,NOMINAL: Operating within normal thermal & electrical limits. Routine maintenance cycle.
2026-06-07 23:00:00,TX-DELTA-04,73.86,55.55,41.58,18.15,6.28,4.71,10.64,LOW,NOMINAL: Operating within normal thermal & electrical limits. Routine maintenance cycle.
2026-06-08 00:00:00,TX-DELTA-04,81.99,58.5,44.18,26.43,33.05,23.16,27.93,LOW,NOMINAL: Operating within normal thermal & electrical limits. Routine maintenance cycle.
2026-06-08 01:00:00,TX-DELTA-04,78.41,51.55,37.8,20.12,18.45,17.1,18.78,LOW,NOMINAL: Operating within normal thermal & electrical limits. Routine maintenance cycle.
2026-06-08 02:00:00,TX-DELTA-04,72.5,52.23,40.29,16.23,7.56,10.47,11.76,LOW,NOMINAL: Operating within normal thermal & electrical limits. Routine maintenance cycle.
2026-06-08 03:00:00,TX-DELTA-04,65.4,46.4,37.23,10.71,11.67,8.86,10.58,LOW,NOMINAL: Operating within normal thermal & electrical limits. Routine maintenance cycle.
2026-06-08 04:00:00,TX-DELTA-04,60.87,43.41,33.01,7.87,23.25,4.79,12.49,LOW,NOMINAL: Operating within normal thermal & electrical limits. Routine maintenance cycle.
2026-06-08 05:00:00,TX-DELTA-04,52.87,47.92,39.08,1.83,24.79,7.15,11.2,LOW,NOMINAL: Operating within normal thermal & electrical limits. Routine maintenance cycle.
2026-06-08 06:00:00,TX-DELTA-04,49.45,43.04,36.19,0.47,54.5,28.41,26.36,LOW,NOMINAL: Operating within normal thermal & electrical limits. Routine maintenance cycle.
2026-06-08 07:00:00,TX-DELTA-04,57.48,53.34,44.87,6.56,7.66,9.06,7.57,LOW,NOMINAL: Operating within normal thermal & electrical limits. Routine maintenance cycle.
2026-06-08 08:00:00,TX-DELTA-04,54.56,51.55,44.79,3.94,23.05,4.08,10.66,LOW,NOMINAL: Operating within normal thermal & electrical limits. Routine maintenance cycle.
2026-06-08 09:00:00,TX-DELTA-04,62.58,54.4,45.29,8.56,17.52,18.61,14.21,LOW,NOMINAL: Operating within normal thermal & electrical limits. Routine maintenance cycle.
2026-06-08 10:00:00,TX-DELTA-04,71.5,62.49,49.15,18.4,5.21,6.78,10.88,LOW,NOMINAL: Operating within normal thermal & electrical limits. Routine maintenance cycle.
2026-06-08 11:00:00,TX-DELTA-04,86.67,71.46,53.9,39.27,23.67,7.24,25.8,LOW,NOMINAL: Operating within normal thermal & electrical limits. Routine maintenance cycle.
2026-06-08 12:00:00,TX-DELTA-04,81.8,75.13,60.36,34.2,17.44,8.13,21.81,LOW,NOMINAL: Operating within normal thermal & electrical limits. Routine maintenance cycle.
2026-06-08 13:00:00,TX-DELTA-04,73.96,69.03,56.02,24.75,11.54,8.38,16.03,LOW,NOMINAL: Operating within normal thermal & electrical limits. Routine maintenance cycle.
2026-06-08 14:00:00,TX-DELTA-04,72.62,66.24,53.57,21.14,13.27,12.96,16.34,LOW,NOMINAL: Operating within normal thermal & electrical limits. Routine maintenance cycle.
2026-06-08 15:00:00,TX-DELTA-04,66.74,69.78,58.25,38.93,96.55,100.0,74.36,HIGH,ELEVATED DEGRADATION: Schedule field acoustic vibration test and oil sampling within 48 hours.
2026-06-08 16:00:00,TX-DELTA-04,67.1,93.08,74.77,48.99,42.37,5.99,35.92,MEDIUM,ADVISORY: Increase SCADA polling frequency to 5 minutes; monitor hot-spot temperature delta.
2026-06-08 17:00:00,TX-DELTA-04,49.65,59.79,52.08,0.2,31.9,9.86,13.71,LOW,NOMINAL: Operating within normal thermal & electrical limits. Routine maintenance cycle.
2026-06-08 18:00:00,TX-DELTA-04,62.86,57.88,47.54,7.85,5.43,5.36,6.38,LOW,NOMINAL: Operating within normal thermal & electrical limits. Routine maintenance cycle.
2026-06-08 19:00:00,TX-DELTA-04,56.67,55.31,47.43,4.75,8.11,6.63,6.4,LOW,NOMINAL: Operating within normal thermal & electrical limits. Routine maintenance cycle.
2026-06-08 20:00:00,TX-DELTA-04,60.52,51.41,42.4,10.48,15.16,8.01,11.5,LOW,NOMINAL: Operating within normal thermal & electrical limits. Routine maintenance cycle.
2026-06-08 21:00:00,TX-DELTA-04,72.04,57.79,44.62,17.42,6.79,12.4,12.45,LOW,NOMINAL: Operating within normal thermal & electrical limits. Routine maintenance cycle.
2026-06-08 22:00:00,TX-DELTA-04,68.86,46.34,36.62,11.2,17.98,10.15,13.31,LOW,NOMINAL: Operating within normal thermal & electrical limits. Routine maintenance cycle.
2026-06-08 23:00:00,TX-DELTA-04,78.03,55.61,42.5,19.31,8.29,7.17,12.42,LOW,NOMINAL: Operating within normal thermal & electrical limits. Routine maintenance cycle.
2026-06-09 00:00:00,TX-DELTA-04,80.13,56.22,42.64,20.54,8.74,9.54,13.66,LOW,NOMINAL: Operating within normal thermal & electrical limits. Routine maintenance cycle.
2026-06-09 01:00:00,TX-DELTA-04,75.66,54.01,39.96,16.75,20.31,23.93,19.79,LOW,NOMINAL: Operating within normal thermal & electrical limits. Routine maintenance cycle.
2026-06-09 02:00:00,TX-DELTA-04,74.46,48.67,36.59,17.52,14.15,9.85,14.42,LOW,NOMINAL: Operating within normal thermal & electrical limits. Routine maintenance cycle.
2026-06-09 03:00:00,TX-DELTA-04,65.3,44.27,32.72,12.08,22.8,5.71,14.24,LOW,NOMINAL: Operating within normal thermal & electrical limits. Routine maintenance cycle.
2026-06-09 04:00:00,TX-DELTA-04,66.39,50.8,39.12,11.02,4.09,5.39,7.19,LOW,NOMINAL: Operating within normal thermal & electrical limits. Routine maintenance cycle.
2026-06-09 05:00:00,TX-DELTA-04,57.98,50.9,40.64,6.67,4.99,5.87,5.88,LOW,NOMINAL: Operating within normal thermal & electrical limits. Routine maintenance cycle.
2026-06-09 06:00:00,TX-DELTA-04,55.47,48.48,39.09,4.27,10.87,7.5,7.39,LOW,NOMINAL: Operating within normal thermal & electrical limits. Routine maintenance cycle.
2026-06-09 07:00:00,TX-DELTA-04,53.97,46.81,40.38,10.03,27.12,9.0,15.75,LOW,NOMINAL: Operating within normal thermal & electrical limits. Routine maintenance cycle.
2026-06-09 08:00:00,TX-DELTA-04,59.63,56.52,46.7,7.23,5.78,10.65,7.58,LOW,NOMINAL: Operating within normal thermal & electrical limits. Routine maintenance cycle.
2026-06-09 09:00:00,TX-DELTA-04,63.77,57.88,47.52,12.33,11.08,8.72,10.99,LOW,NOMINAL: Operating within normal thermal & electrical limits. Routine maintenance cycle.
2026-06-09 10:00:00,TX-DELTA-04,73.51,62.45,51.99,18.27,4.58,4.71,10.09,LOW,NOMINAL: Operating within normal thermal & electrical limits. Routine maintenance cycle.
2026-06-09 11:00:00,TX-DELTA-04,76.46,70.15,55.75,28.36,11.43,15.31,19.17,LOW,NOMINAL: Operating within normal thermal & electrical limits. Routine maintenance cycle.
2026-06-09 12:00:00,TX-DELTA-04,82.45,74.31,58.24,36.62,18.71,8.96,23.44,LOW,NOMINAL: Operating within normal thermal & electrical limits. Routine maintenance cycle.
2026-06-09 13:00:00,TX-DELTA-04,88.26,71.69,55.76,34.23,27.17,8.92,25.43,LOW,NOMINAL: Operating within normal thermal & electrical limits. Routine maintenance cycle.
2026-06-09 14:00:00,TX-DELTA-04,72.31,67.67,54.94,23.07,7.15,8.77,13.92,LOW,NOMINAL: Operating within normal thermal & electrical limits. Routine maintenance cycle.
2026-06-09 15:00:00,TX-DELTA-04,69.8,66.99,57.1,20.54,15.88,5.33,15.11,LOW,NOMINAL: Operating within normal thermal & electrical limits. Routine maintenance cycle.
2026-06-09 16:00:00,TX-DELTA-04,58.58,67.7,59.16,11.57,20.74,7.43,13.75,LOW,NOMINAL: Operating within normal thermal & electrical limits. Routine maintenance cycle.
2026-06-09 17:00:00,TX-DELTA-04,119.42,90.07,53.43,48.64,90.21,5.65,52.45,MEDIUM,ADVISORY: Increase SCADA polling frequency to 5 minutes; monitor hot-spot temperature delta.
2026-06-09 18:00:00,TX-DELTA-04,53.08,57.23,51.1,4.56,16.63,10.14,10.18,LOW,NOMINAL: Operating within normal thermal & electrical limits. Routine maintenance cycle.
2026-06-09 19:00:00,TX-DELTA-04,62.19,51.65,43.71,7.65,16.19,8.75,10.92,LOW,NOMINAL: Operating within normal thermal & electrical limits. Routine maintenance cycle.
2026-06-09 20:00:00,TX-DELTA-04,58.37,57.73,47.94,7.14,0.19,8.36,5.01,LOW,NOMINAL: Operating within normal thermal & electrical limits. Routine maintenance cycle.
2026-06-09 21:00:00,TX-DELTA-04,69.36,51.48,41.19,13.59,4.19,8.43,9.01,LOW,NOMINAL: Operating within normal thermal & electrical limits. Routine maintenance cycle.
2026-06-09 22:00:00,TX-DELTA-04,78.59,59.71,45.07,20.54,9.72,8.87,13.84,LOW,NOMINAL: Operating within normal thermal & electrical limits. Routine maintenance cycle.
2026-06-09 23:00:00,TX-DELTA-04,76.86,53.25,40.08,19.95,14.41,4.8,14.22,LOW,NOMINAL: Operating within normal thermal & electrical limits. Routine maintenance cycle.
2026-06-10 00:00:00,TX-DELTA-04,74.2,51.15,39.33,17.7,28.88,22.9,22.91,LOW,NOMINAL: Operating within normal thermal & electrical limits. Routine maintenance cycle.
2026-06-10 01:00:00,TX-DELTA-04,76.38,48.41,34.92,17.58,21.09,11.11,17.19,LOW,NOMINAL: Operating within normal thermal & electrical limits. Routine maintenance cycle.
2026-06-10 02:00:00,TX-DELTA-04,72.27,48.33,35.62,13.96,23.58,11.85,16.8,LOW,NOMINAL: Operating within normal thermal & electrical limits. Routine maintenance cycle.
2026-06-10 03:00:00,TX-DELTA-04,67.65,44.43,32.53,10.8,25.15,7.33,14.96,LOW,NOMINAL: Operating within normal thermal & electrical limits. Routine maintenance cycle.
2026-06-10 04:00:00,TX-DELTA-04,67.72,46.76,34.48,15.38,24.0,18.03,19.06,LOW,NOMINAL: Operating within normal thermal & electrical limits. Routine maintenance cycle.
2026-06-10 05:00:00,TX-DELTA-04,58.48,46.83,38.14,8.78,13.24,7.38,9.99,LOW,NOMINAL: Operating within normal thermal & electrical limits. Routine maintenance cycle.
2026-06-10 06:00:00,TX-DELTA-04,48.3,45.6,38.47,1.52,32.8,7.35,13.93,LOW,NOMINAL: Operating within normal thermal & electrical limits. Routine maintenance cycle.
2026-06-10 07:00:00,TX-DELTA-04,60.06,47.15,38.3,7.77,10.32,8.66,8.89,LOW,NOMINAL: Operating within normal thermal & electrical limits. Routine maintenance cycle.
2026-06-10 08:00:00,TX-DELTA-04,68.25,85.17,66.83,48.81,42.14,14.54,37.91,MEDIUM,ADVISORY: Increase SCADA polling frequency to 5 minutes; monitor hot-spot temperature delta.
2026-06-10 09:00:00,TX-DELTA-04,67.31,55.54,45.26,12.91,10.87,6.65,10.63,LOW,NOMINAL: Operating within normal thermal & electrical limits. Routine maintenance cycle.
2026-06-10 10:00:00,TX-DELTA-04,69.23,55.47,46.79,13.18,9.67,8.74,10.84,LOW,NOMINAL: Operating within normal thermal & electrical limits. Routine maintenance cycle.
2026-06-10 11:00:00,TX-DELTA-04,74.91,71.15,57.83,27.44,5.84,8.04,15.03,LOW,NOMINAL: Operating within normal thermal & electrical limits. Routine maintenance cycle.
2026-06-10 12:00:00,TX-DELTA-04,89.73,74.03,56.95,38.92,25.48,8.61,26.64,LOW,NOMINAL: Operating within normal thermal & electrical limits. Routine maintenance cycle.
2026-06-10 13:00:00,TX-DELTA-04,78.08,72.98,59.04,31.11,9.98,7.52,17.82,LOW,NOMINAL: Operating within normal thermal & electrical limits. Routine maintenance cycle.
2026-06-10 14:00:00,TX-DELTA-04,77.35,71.48,57.49,29.38,7.72,9.57,16.84,LOW,NOMINAL: Operating within normal thermal & electrical limits. Routine maintenance cycle.
2026-06-10 15:00:00,TX-DELTA-04,65.13,67.45,56.87,16.98,11.09,7.45,12.54,LOW,NOMINAL: Operating within normal thermal & electrical limits. Routine maintenance cycle.
2026-06-10 16:00:00,TX-DELTA-04,59.74,67.15,57.22,12.31,12.48,10.42,11.9,LOW,NOMINAL: Operating within normal thermal & electrical limits. Routine maintenance cycle.
2026-06-10 17:00:00,TX-DELTA-04,56.59,61.72,53.43,7.55,7.23,9.45,7.91,LOW,NOMINAL: Operating within normal thermal & electrical limits. Routine maintenance cycle.
2026-06-10 18:00:00,TX-DELTA-04,58.36,60.74,50.95,7.67,11.52,14.92,10.83,LOW,NOMINAL: Operating within normal thermal & electrical limits. Routine maintenance cycle.
2026-06-10 19:00:00,TX-DELTA-04,51.04,52.1,45.48,0.77,25.73,7.7,11.24,LOW,NOMINAL: Operating within normal thermal & electrical limits. Routine maintenance cycle.
2026-06-10 20:00:00,TX-DELTA-04,53.24,46.29,40.07,2.53,25.62,10.32,12.56,LOW,NOMINAL: Operating within normal thermal & electrical limits. Routine maintenance cycle.
2026-06-10 21:00:00,TX-DELTA-04,67.05,85.66,65.53,47.6,43.34,15.37,38.05,MEDIUM,ADVISORY: Increase SCADA polling frequency to 5 minutes; monitor hot-spot temperature delta.
2026-06-10 22:00:00,TX-DELTA-04,68.9,57.89,46.28,11.71,2.64,9.5,7.98,LOW,NOMINAL: Operating within normal thermal & electrical limits. Routine maintenance cycle.
2026-06-10 23:00:00,TX-DELTA-04,73.53,55.36,42.51,17.5,9.99,14.32,14.07,LOW,NOMINAL: Operating within normal thermal & electrical limits. Routine maintenance cycle.
2026-06-11 00:00:00,TX-DELTA-04,88.54,53.65,36.25,26.29,31.37,8.04,23.51,LOW,NOMINAL: Operating within normal thermal & electrical limits. Routine maintenance cycle.
2026-06-11 01:00:00,TX-DELTA-04,76.03,49.43,36.67,18.74,18.2,11.24,16.68,LOW,NOMINAL: Operating within normal thermal & electrical limits. Routine maintenance cycle.
2026-06-11 02:00:00,TX-DELTA-04,74.27,49.94,38.18,17.45,10.93,5.48,12.17,LOW,NOMINAL: Operating within normal thermal & electrical limits. Routine maintenance cycle.
2026-06-11 03:00:00,TX-DELTA-04,67.3,46.37,35.08,13.46,12.31,8.97,11.94,LOW,NOMINAL: Operating within normal thermal & electrical limits. Routine maintenance cycle.
2026-06-11 04:00:00,TX-DELTA-04,57.77,48.5,39.19,6.15,11.66,9.63,8.95,LOW,NOMINAL: Operating within normal thermal & electrical limits. Routine maintenance cycle.
2026-06-11 05:00:00,TX-DELTA-04,62.79,40.92,32.92,8.61,33.15,9.68,17.47,LOW,NOMINAL: Operating within normal thermal & electrical limits. Routine maintenance cycle.
2026-06-11 06:00:00,TX-DELTA-04,59.12,51.09,41.05,5.69,10.13,7.86,7.79,LOW,NOMINAL: Operating within normal thermal & electrical limits. Routine maintenance cycle.
2026-06-11 07:00:00,TX-DELTA-04,57.68,50.17,42.82,6.56,12.22,5.37,8.24,LOW,NOMINAL: Operating within normal thermal & electrical limits. Routine maintenance cycle.
2026-06-11 08:00:00,TX-DELTA-04,64.58,51.96,43.07,10.35,15.6,13.17,12.89,LOW,NOMINAL: Operating within normal thermal & electrical limits. Routine maintenance cycle.
2026-06-11 09:00:00,TX-DELTA-04,70.64,60.92,50.75,13.63,3.51,5.59,8.08,LOW,NOMINAL: Operating within normal thermal & electrical limits. Routine maintenance cycle.
2026-06-11 10:00:00,TX-DELTA-04,77.66,64.06,50.47,23.72,6.78,10.6,14.51,LOW,NOMINAL: Operating within normal thermal & electrical limits. Routine maintenance cycle.
2026-06-11 11:00:00,TX-DELTA-04,78.17,68.14,55.16,23.9,13.57,12.57,17.45,LOW,NOMINAL: Operating within normal thermal & electrical limits. Routine maintenance cycle.
2026-06-11 12:00:00,TX-DELTA-04,80.45,73.8,60.04,33.35,14.34,11.68,21.28,LOW,NOMINAL: Operating within normal thermal & electrical limits. Routine maintenance cycle.
2026-06-11 13:00:00,TX-DELTA-04,80.27,73.96,61.38,32.24,34.35,19.57,29.81,LOW,NOMINAL: Operating within normal thermal & electrical limits. Routine maintenance cycle.
2026-06-11 14:00:00,TX-DELTA-04,66.69,65.0,53.54,15.26,8.1,10.44,11.55,LOW,NOMINAL: Operating within normal thermal & electrical limits. Routine maintenance cycle.
2026-06-11 15:00:00,TX-DELTA-04,73.05,64.58,52.59,22.83,11.46,10.06,15.66,LOW,NOMINAL: Operating within normal thermal & electrical limits. Routine maintenance cycle.
2026-06-11 16:00:00,TX-DELTA-04,62.77,68.04,56.24,13.19,22.75,9.17,15.53,LOW,NOMINAL: Operating within normal thermal & electrical limits. Routine maintenance cycle.
2026-06-11 17:00:00,TX-DELTA-04,52.02,62.85,55.11,3.43,30.09,10.31,14.48,LOW,NOMINAL: Operating within normal thermal & electrical limits. Routine maintenance cycle.
2026-06-11 18:00:00,TX-DELTA-04,47.01,51.61,44.52,0.28,37.63,5.64,14.69,LOW,NOMINAL: Operating within normal thermal & electrical limits. Routine maintenance cycle.
2026-06-11 19:00:00,TX-DELTA-04,49.42,50.53,42.04,0.2,28.81,7.08,11.93,LOW,NOMINAL: Operating within normal thermal & electrical limits. Routine maintenance cycle.
2026-06-11 20:00:00,TX-DELTA-04,58.45,60.21,50.75,6.45,13.02,8.21,9.19,LOW,NOMINAL: Operating within normal thermal & electrical limits. Routine maintenance cycle.
2026-06-11 21:00:00,TX-DELTA-04,66.04,47.62,36.67,11.18,12.33,5.25,10.1,LOW,NOMINAL: Operating within normal thermal & electrical limits. Routine maintenance cycle.
2026-06-11 22:00:00,TX-DELTA-04,77.15,58.82,43.88,20.22,6.74,7.34,12.28,LOW,NOMINAL: Operating within normal thermal & electrical limits. Routine maintenance cycle.
2026-06-11 23:00:00,TX-DELTA-04,75.45,57.65,43.82,18.98,10.91,7.58,13.31,LOW,NOMINAL: Operating within normal thermal & electrical limits. Routine maintenance cycle.
2026-06-12 00:00:00,TX-DELTA-04,80.05,56.32,42.6,21.11,15.44,6.3,15.42,LOW,NOMINAL: Operating within normal thermal & electrical limits. Routine maintenance cycle.
2026-06-12 01:00:00,TX-DELTA-04,83.05,54.13,40.21,22.73,19.81,7.85,17.99,LOW,NOMINAL: Operating within normal thermal & electrical limits. Routine maintenance cycle.
2026-06-12 02:00:00,TX-DELTA-04,76.04,51.62,40.1,19.02,13.9,9.47,14.84,LOW,NOMINAL: Operating within normal thermal & electrical limits. Routine maintenance cycle.
2026-06-12 03:00:00,TX-DELTA-04,71.29,45.45,34.04,13.93,20.77,5.77,14.29,LOW,NOMINAL: Operating within normal thermal & electrical limits. Routine maintenance cycle.
2026-06-12 04:00:00,TX-DELTA-04,60.92,44.07,32.77,8.01,24.47,8.28,13.84,LOW,NOMINAL: Operating within normal thermal & electrical limits. Routine maintenance cycle.
2026-06-12 05:00:00,TX-DELTA-04,61.33,45.43,35.34,9.43,17.07,12.0,12.75,LOW,NOMINAL: Operating within normal thermal & electrical limits. Routine maintenance cycle.
2026-06-12 06:00:00,TX-DELTA-04,53.96,44.09,37.35,4.26,40.79,22.51,21.61,LOW,NOMINAL: Operating within normal thermal & electrical limits. Routine maintenance cycle.
2026-06-12 07:00:00,TX-DELTA-04,53.49,46.56,39.85,3.49,21.61,8.67,11.13,LOW,NOMINAL: Operating within normal thermal & electrical limits. Routine maintenance cycle.
2026-06-12 08:00:00,TX-DELTA-04,59.62,62.8,51.91,6.33,23.12,15.93,14.61,LOW,NOMINAL: Operating within normal thermal & electrical limits. Routine maintenance cycle.
2026-06-12 09:00:00,TX-DELTA-04,63.25,64.16,52.84,11.37,21.27,8.56,14.13,LOW,NOMINAL: Operating within normal thermal & electrical limits. Routine maintenance cycle.
2026-06-12 10:00:00,TX-DELTA-04,64.46,60.78,50.02,11.22,7.07,6.04,8.47,LOW,NOMINAL: Operating within normal thermal & electrical limits. Routine maintenance cycle.
2026-06-12 11:00:00,TX-DELTA-04,77.2,71.84,59.44,26.87,21.06,17.4,22.47,LOW,NOMINAL: Operating within normal thermal & electrical limits. Routine maintenance cycle.
2026-06-12 12:00:00,TX-DELTA-04,82.9,74.11,57.21,34.2,16.99,6.76,21.31,LOW,NOMINAL: Operating within normal thermal & electrical limits. Routine maintenance cycle.
2026-06-12 13:00:00,TX-DELTA-04,73.21,65.26,54.86,21.46,15.31,12.13,16.97,LOW,NOMINAL: Operating within normal thermal & electrical limits. Routine maintenance cycle.
2026-06-12 14:00:00,TX-DELTA-04,67.21,67.13,56.44,19.85,7.42,9.03,12.79,LOW,NOMINAL: Operating within normal thermal & electrical limits. Routine maintenance cycle.
2026-06-12 15:00:00,TX-DELTA-04,65.04,63.08,51.38,36.11,81.37,99.56,67.81,HIGH,ELEVATED DEGRADATION: Schedule field acoustic vibration test and oil sampling within 48 hours.
2026-06-12 16:00:00,TX-DELTA-04,56.69,59.56,50.88,5.98,16.41,4.88,9.36,LOW,NOMINAL: Operating within normal thermal & electrical limits. Routine maintenance cycle.
2026-06-12 17:00:00,TX-DELTA-04,58.09,63.14,54.09,9.15,12.66,13.82,11.55,LOW,NOMINAL: Operating within normal thermal & electrical limits. Routine maintenance cycle.
2026-06-12 18:00:00,TX-DELTA-04,60.39,51.54,42.01,8.37,22.95,7.83,13.34,LOW,NOMINAL: Operating within normal thermal & electrical limits. Routine maintenance cycle.
2026-06-12 19:00:00,TX-DELTA-04,55.84,55.14,46.66,4.8,9.87,10.05,7.89,LOW,NOMINAL: Operating within normal thermal & electrical limits. Routine maintenance cycle.
2026-06-12 20:00:00,TX-DELTA-04,64.86,52.91,43.5,9.84,16.39,15.97,13.66,LOW,NOMINAL: Operating within normal thermal & electrical limits. Routine maintenance cycle.
2026-06-12 21:00:00,TX-DELTA-04,64.1,49.89,41.89,11.69,6.62,10.19,9.54,LOW,NOMINAL: Operating within normal thermal & electrical limits. Routine maintenance cycle.
2026-06-12 22:00:00,TX-DELTA-04,69.26,49.92,38.53,13.46,11.08,9.03,11.52,LOW,NOMINAL: Operating within normal thermal & electrical limits. Routine maintenance cycle.
2026-06-12 23:00:00,TX-DELTA-04,84.68,66.26,51.27,28.02,30.45,16.05,25.88,LOW,NOMINAL: Operating within normal thermal & electrical limits. Routine maintenance cycle.
2026-06-13 00:00:00,TX-DELTA-04,83.31,58.67,43.41,23.69,19.48,6.89,18.02,LOW,NOMINAL: Operating within normal thermal & electrical limits. Routine maintenance cycle.
2026-06-13 01:00:00,TX-DELTA-04,78.21,48.11,34.95,21.1,19.62,7.21,17.11,LOW,NOMINAL: Operating within normal thermal & electrical limits. Routine maintenance cycle.
2026-06-13 02:00:00,TX-DELTA-04,80.1,54.45,40.06,22.92,16.48,12.41,18.04,LOW,NOMINAL: Operating within normal thermal & electrical limits. Routine maintenance cycle.
2026-06-13 03:00:00,TX-DELTA-04,64.93,45.58,33.26,10.08,21.51,6.65,13.22,LOW,NOMINAL: Operating within normal thermal & electrical limits. Routine maintenance cycle.
2026-06-13 04:00:00,TX-DELTA-04,67.9,48.06,37.53,13.8,10.7,10.18,11.81,LOW,NOMINAL: Operating within normal thermal & electrical limits. Routine maintenance cycle.
2026-06-13 05:00:00,TX-DELTA-04,54.95,46.36,38.85,4.03,16.55,8.67,9.57,LOW,NOMINAL: Operating within normal thermal & electrical limits. Routine maintenance cycle.
2026-06-13 06:00:00,TX-DELTA-04,59.91,47.62,39.45,9.42,10.53,5.35,8.79,LOW,NOMINAL: Operating within normal thermal & electrical limits. Routine maintenance cycle.
2026-06-13 07:00:00,TX-DELTA-04,62.64,49.14,38.29,10.37,12.67,8.07,10.6,LOW,NOMINAL: Operating within normal thermal & electrical limits. Routine maintenance cycle.
2026-06-13 08:00:00,TX-DELTA-04,69.15,56.78,44.5,15.42,5.23,6.56,9.64,LOW,NOMINAL: Operating within normal thermal & electrical limits. Routine maintenance cycle.
2026-06-13 09:00:00,TX-DELTA-04,71.63,58.94,46.23,15.2,2.94,7.71,9.04,LOW,NOMINAL: Operating within normal thermal & electrical limits. Routine maintenance cycle.
2026-06-13 10:00:00,TX-DELTA-04,70.45,65.91,53.47,20.27,4.6,8.65,11.88,LOW,NOMINAL: Operating within normal thermal & electrical limits. Routine maintenance cycle.
2026-06-13 11:00:00,TX-DELTA-04,73.18,67.19,53.9,23.71,6.65,7.04,13.57,LOW,NOMINAL: Operating within normal thermal & electrical limits. Routine maintenance cycle.
2026-06-13 12:00:00,TX-DELTA-04,82.9,73.16,58.69,32.48,18.65,9.78,21.97,LOW,NOMINAL: Operating within normal thermal & electrical limits. Routine maintenance cycle.
2026-06-13 13:00:00,TX-DELTA-04,70.88,66.37,54.42,20.52,6.9,8.15,12.66,LOW,NOMINAL: Operating within normal thermal & electrical limits. Routine maintenance cycle.
2026-06-13 14:00:00,TX-DELTA-04,75.64,71.23,57.21,26.54,6.84,13.13,16.29,LOW,NOMINAL: Operating within normal thermal & electrical limits. Routine maintenance cycle.
2026-06-13 15:00:00,TX-DELTA-04,66.8,62.54,52.5,14.43,17.69,14.51,15.59,LOW,NOMINAL: Operating within normal thermal & electrical limits. Routine maintenance cycle.
2026-06-13 16:00:00,TX-DELTA-04,57.87,61.66,53.28,8.17,23.61,20.0,16.53,LOW,NOMINAL: Operating within normal thermal & electrical limits. Routine maintenance cycle.
2026-06-13 17:00:00,TX-DELTA-04,54.0,56.35,49.33,3.87,16.23,5.62,8.63,LOW,NOMINAL: Operating within normal thermal & electrical limits. Routine maintenance cycle.
2026-06-13 18:00:00,TX-DELTA-04,53.0,56.6,48.43,3.25,19.02,10.94,10.69,LOW,NOMINAL: Operating within normal thermal & electrical limits. Routine maintenance cycle.
2026-06-13 19:00:00,TX-DELTA-04,58.63,54.91,45.53,6.84,16.75,8.69,10.77,LOW,NOMINAL: Operating within normal thermal & electrical limits. Routine maintenance cycle.
2026-06-13 20:00:00,TX-DELTA-04,60.22,47.52,40.44,8.52,22.12,5.69,12.57,LOW,NOMINAL: Operating within normal thermal & electrical limits. Routine maintenance cycle.
2026-06-13 21:00:00,TX-DELTA-04,73.9,58.23,43.06,17.94,6.32,10.33,11.97,LOW,NOMINAL: Operating within normal thermal & electrical limits. Routine maintenance cycle.
2026-06-13 22:00:00,TX-DELTA-04,66.21,51.9,39.6,12.03,7.71,10.7,10.19,LOW,NOMINAL: Operating within normal thermal & electrical limits. Routine maintenance cycle.
2026-06-13 23:00:00,TX-DELTA-04,76.05,56.53,44.0,18.61,12.12,11.03,14.44,LOW,NOMINAL: Operating within normal thermal & electrical limits. Routine maintenance cycle.
2026-06-14 00:00:00,TX-DELTA-04,78.7,53.2,37.95,21.76,12.27,9.33,15.33,LOW,NOMINAL: Operating within normal thermal & electrical limits. Routine maintenance cycle.
2026-06-14 01:00:00,TX-DELTA-04,75.84,51.52,38.69,18.34,16.27,12.02,16.03,LOW,NOMINAL: Operating within normal thermal & electrical limits. Routine maintenance cycle.
2026-06-14 02:00:00,TX-DELTA-04,75.59,51.18,37.8,17.61,7.05,9.64,11.92,LOW,NOMINAL: Operating within normal thermal & electrical limits. Routine maintenance cycle.
2026-06-14 03:00:00,TX-DELTA-04,69.33,46.66,35.47,14.46,27.05,12.95,18.49,LOW,NOMINAL: Operating within normal thermal & electrical limits. Routine maintenance cycle.
2026-06-14 04:00:00,TX-DELTA-04,63.66,47.24,36.2,9.27,14.99,8.28,11.03,LOW,NOMINAL: Operating within normal thermal & electrical limits. Routine maintenance cycle.
2026-06-14 05:00:00,TX-DELTA-04,55.16,43.59,36.42,4.07,19.59,5.74,9.92,LOW,NOMINAL: Operating within normal thermal & electrical limits. Routine maintenance cycle.
2026-06-14 06:00:00,TX-DELTA-04,60.92,47.49,37.24,7.19,14.8,12.44,11.17,LOW,NOMINAL: Operating within normal thermal & electrical limits. Routine maintenance cycle.
2026-06-14 07:00:00,TX-DELTA-04,54.09,48.89,41.46,6.43,20.72,6.82,11.53,LOW,NOMINAL: Operating within normal thermal & electrical limits. Routine maintenance cycle.
2026-06-14 08:00:00,TX-DELTA-04,58.46,53.08,44.44,5.52,7.01,8.41,6.76,LOW,NOMINAL: Operating within normal thermal & electrical limits. Routine maintenance cycle.
2026-06-14 09:00:00,TX-DELTA-04,66.24,65.16,52.92,17.07,19.69,11.31,16.54,LOW,NOMINAL: Operating within normal thermal & electrical limits. Routine maintenance cycle.
2026-06-14 10:00:00,TX-DELTA-04,73.35,62.21,49.21,17.19,4.65,4.6,9.66,LOW,NOMINAL: Operating within normal thermal & electrical limits. Routine maintenance cycle.
2026-06-14 11:00:00,TX-DELTA-04,78.4,68.68,53.83,31.19,23.99,13.6,24.27,LOW,NOMINAL: Operating within normal thermal & electrical limits. Routine maintenance cycle.
2026-06-14 12:00:00,TX-DELTA-04,80.85,71.85,56.86,30.02,14.84,13.57,20.59,LOW,NOMINAL: Operating within normal thermal & electrical limits. Routine maintenance cycle.
2026-06-14 13:00:00,TX-DELTA-04,74.51,73.4,58.48,28.39,6.16,6.15,15.05,LOW,NOMINAL: Operating within normal thermal & electrical limits. Routine maintenance cycle.
2026-06-14 14:00:00,TX-DELTA-04,75.69,67.61,55.63,24.91,10.64,6.29,15.26,LOW,NOMINAL: Operating within normal thermal & electrical limits. Routine maintenance cycle.
2026-06-14 15:00:00,TX-DELTA-04,74.86,72.17,58.1,27.42,7.14,6.32,15.04,LOW,NOMINAL: Operating within normal thermal & electrical limits. Routine maintenance cycle.
2026-06-14 16:00:00,TX-DELTA-04,63.88,58.62,50.51,11.88,13.5,6.85,11.19,LOW,NOMINAL: Operating within normal thermal & electrical limits. Routine maintenance cycle.
2026-06-14 17:00:00,TX-DELTA-04,61.98,57.61,47.98,7.13,13.99,8.65,9.91,LOW,NOMINAL: Operating within normal thermal & electrical limits. Routine maintenance cycle.
2026-06-14 18:00:00,TX-DELTA-04,55.36,58.79,49.96,2.96,13.76,10.59,8.65,LOW,NOMINAL: Operating within normal thermal & electrical limits. Routine maintenance cycle.
2026-06-14 19:00:00,TX-DELTA-04,56.54,53.49,46.86,5.22,11.27,9.52,8.41,LOW,NOMINAL: Operating within normal thermal & electrical limits. Routine maintenance cycle.
2026-06-14 20:00:00,TX-DELTA-04,60.21,51.67,42.62,8.5,7.76,6.07,7.64,LOW,NOMINAL: Operating within normal thermal & electrical limits. Routine maintenance cycle.
2026-06-14 21:00:00,TX-DELTA-04,67.89,52.61,41.63,14.69,5.53,7.48,9.68,LOW,NOMINAL: Operating within normal thermal & electrical limits. Routine maintenance cycle.
2026-06-14 22:00:00,TX-DELTA-04,73.0,54.07,41.11,20.1,10.18,8.17,13.65,LOW,NOMINAL: Operating within normal thermal & electrical limits. Routine maintenance cycle.
2026-06-14 23:00:00,TX-DELTA-04,83.11,55.99,41.43,24.84,20.8,4.39,18.31,LOW,NOMINAL: Operating within normal thermal & electrical limits. Routine maintenance cycle.
2026-06-15 00:00:00,TX-DELTA-04,78.89,53.5,41.82,20.69,11.36,8.01,14.25,LOW,NOMINAL: Operating within normal thermal & electrical limits. Routine maintenance cycle.
2026-06-15 01:00:00,TX-DELTA-04,76.62,48.3,36.97,17.55,15.63,11.6,15.39,LOW,NOMINAL: Operating within normal thermal & electrical limits. Routine maintenance cycle.
2026-06-15 02:00:00,TX-DELTA-04,73.59,51.27,37.28,17.44,12.75,14.88,15.16,LOW,NOMINAL: Operating within normal thermal & electrical limits. Routine maintenance cycle.
2026-06-15 03:00:00,TX-DELTA-04,71.22,45.54,33.65,13.46,18.28,7.82,13.74,LOW,NOMINAL: Operating within normal thermal & electrical limits. Routine maintenance cycle.
2026-06-15 04:00:00,TX-DELTA-04,58.51,49.21,39.64,7.29,15.21,14.71,11.92,LOW,NOMINAL: Operating within normal thermal & electrical limits. Routine maintenance cycle.
2026-06-15 05:00:00,TX-DELTA-04,56.97,47.72,40.5,4.79,9.87,7.73,7.3,LOW,NOMINAL: Operating within normal thermal & electrical limits. Routine maintenance cycle.
2026-06-15 06:00:00,TX-DELTA-04,59.17,51.8,41.4,6.11,4.55,6.79,5.74,LOW,NOMINAL: Operating within normal thermal & electrical limits. Routine maintenance cycle.
2026-06-15 07:00:00,TX-DELTA-04,50.76,48.39,42.25,1.5,21.85,15.94,12.23,LOW,NOMINAL: Operating within normal thermal & electrical limits. Routine maintenance cycle.
2026-06-15 08:00:00,TX-DELTA-04,66.36,53.52,42.37,9.43,8.36,9.98,9.19,LOW,NOMINAL: Operating within normal thermal & electrical limits. Routine maintenance cycle.
2026-06-15 09:00:00,TX-DELTA-04,69.43,60.39,48.16,14.53,1.82,6.55,8.09,LOW,NOMINAL: Operating within normal thermal & electrical limits. Routine maintenance cycle.
2026-06-15 10:00:00,TX-DELTA-04,78.96,68.64,54.71,27.55,5.58,7.11,14.75,LOW,NOMINAL: Operating within normal thermal & electrical limits. Routine maintenance cycle.
2026-06-15 11:00:00,TX-DELTA-04,80.23,69.7,55.5,28.0,19.64,16.37,22.17,LOW,NOMINAL: Operating within normal thermal & electrical limits. Routine maintenance cycle.
2026-06-15 12:00:00,TX-DELTA-04,75.86,67.8,54.26,30.19,13.58,8.37,18.92,LOW,NOMINAL: Operating within normal thermal & electrical limits. Routine maintenance cycle.
2026-06-15 13:00:00,TX-DELTA-04,78.0,73.13,57.9,30.64,21.01,16.21,23.66,LOW,NOMINAL: Operating within normal thermal & electrical limits. Routine maintenance cycle.
2026-06-15 14:00:00,TX-DELTA-04,73.48,69.54,57.91,26.37,19.84,14.94,21.23,LOW,NOMINAL: Operating within normal thermal & electrical limits. Routine maintenance cycle.
2026-06-15 15:00:00,TX-DELTA-04,70.91,68.97,57.31,21.75,15.5,15.22,17.93,LOW,NOMINAL: Operating within normal thermal & electrical limits. Routine maintenance cycle.
2026-06-15 16:00:00,TX-DELTA-04,55.4,61.37,54.16,4.24,14.13,6.04,8.15,LOW,NOMINAL: Operating within normal thermal & electrical limits. Routine maintenance cycle.
2026-06-15 17:00:00,TX-DELTA-04,49.24,60.13,52.86,0.0,43.74,11.0,18.06,LOW,NOMINAL: Operating within normal thermal & electrical limits. Routine maintenance cycle.
2026-06-15 18:00:00,TX-DELTA-04,60.29,52.62,44.05,7.24,17.72,9.6,11.5,LOW,NOMINAL: Operating within normal thermal & electrical limits. Routine maintenance cycle.
2026-06-15 19:00:00,TX-DELTA-04,58.26,56.57,48.35,5.99,17.02,18.17,12.89,LOW,NOMINAL: Operating within normal thermal & electrical limits. Routine maintenance cycle.
2026-06-15 20:00:00,TX-DELTA-04,62.94,53.15,42.39,7.33,11.49,7.08,8.72,LOW,NOMINAL: Operating within normal thermal & electrical limits. Routine maintenance cycle.
2026-06-15 21:00:00,TX-DELTA-04,60.75,51.21,42.59,10.4,12.94,5.56,10.08,LOW,NOMINAL: Operating within normal thermal & electrical limits. Routine maintenance cycle.
2026-06-15 22:00:00,TX-DELTA-04,76.21,53.06,41.32,19.68,9.73,7.3,13.1,LOW,NOMINAL: Operating within normal thermal & electrical limits. Routine maintenance cycle.
2026-06-15 23:00:00,TX-DELTA-04,79.32,52.81,37.08,21.27,19.97,10.63,18.15,LOW,NOMINAL: Operating within normal thermal & electrical limits. Routine maintenance cycle.
2026-06-16 00:00:00,TX-DELTA-04,84.81,59.92,43.08,26.13,32.56,11.86,24.81,LOW,NOMINAL: Operating within normal thermal & electrical limits. Routine maintenance cycle.
2026-06-16 01:00:00,TX-DELTA-04,71.71,51.3,38.98,16.71,7.56,5.66,10.75,LOW,NOMINAL: Operating within normal thermal & electrical limits. Routine maintenance cycle.
2026-06-16 02:00:00,TX-DELTA-04,66.91,48.28,37.05,11.44,7.75,5.67,8.71,LOW,NOMINAL: Operating within normal thermal & electrical limits. Routine maintenance cycle.
2026-06-16 03:00:00,TX-DELTA-04,66.02,49.37,37.61,10.66,7.12,9.9,9.23,LOW,NOMINAL: Operating within normal thermal & electrical limits. Routine maintenance cycle.
2026-06-16 04:00:00,TX-DELTA-04,64.44,45.13,33.17,9.91,17.71,5.71,11.59,LOW,NOMINAL: Operating within normal thermal & electrical limits. Routine maintenance cycle.
2026-06-16 05:00:00,TX-DELTA-04,56.81,48.5,38.28,8.56,17.55,17.06,13.83,LOW,NOMINAL: Operating within normal thermal & electrical limits. Routine maintenance cycle.
2026-06-16 06:00:00,TX-DELTA-04,51.77,45.71,37.59,2.66,24.66,10.2,12.25,LOW,NOMINAL: Operating within normal thermal & electrical limits. Routine maintenance cycle.
2026-06-16 07:00:00,TX-DELTA-04,53.44,46.2,40.59,7.39,21.44,8.78,12.66,LOW,NOMINAL: Operating within normal thermal & electrical limits. Routine maintenance cycle.
2026-06-16 08:00:00,TX-DELTA-04,67.51,57.73,46.77,10.48,4.64,6.98,7.56,LOW,NOMINAL: Operating within normal thermal & electrical limits. Routine maintenance cycle.
2026-06-16 09:00:00,TX-DELTA-04,70.0,58.25,47.79,16.85,14.63,14.23,15.42,LOW,NOMINAL: Operating within normal thermal & electrical limits. Routine maintenance cycle.
2026-06-16 10:00:00,TX-DELTA-04,77.46,63.92,51.45,23.48,7.41,7.22,13.79,LOW,NOMINAL: Operating within normal thermal & electrical limits. Routine maintenance cycle.
2026-06-16 11:00:00,TX-DELTA-04,72.98,63.12,51.13,21.21,26.39,18.84,22.43,LOW,NOMINAL: Operating within normal thermal & electrical limits. Routine maintenance cycle.
2026-06-16 12:00:00,TX-DELTA-04,77.86,68.24,55.17,25.55,5.52,7.18,13.95,LOW,NOMINAL: Operating within normal thermal & electrical limits. Routine maintenance cycle.
2026-06-16 13:00:00,TX-DELTA-04,82.08,73.65,58.63,33.7,12.17,5.29,19.06,LOW,NOMINAL: Operating within normal thermal & electrical limits. Routine maintenance cycle.
2026-06-16 14:00:00,TX-DELTA-04,76.06,68.33,55.9,24.88,6.98,5.54,13.78,LOW,NOMINAL: Operating within normal thermal & electrical limits. Routine maintenance cycle.
2026-06-16 15:00:00,TX-DELTA-04,67.78,66.6,54.35,19.42,7.85,6.42,12.12,LOW,NOMINAL: Operating within normal thermal & electrical limits. Routine maintenance cycle.
2026-06-16 16:00:00,TX-DELTA-04,61.26,90.18,71.99,42.87,48.52,7.7,36.05,MEDIUM,ADVISORY: Increase SCADA polling frequency to 5 minutes; monitor hot-spot temperature delta.
2026-06-16 17:00:00,TX-DELTA-04,50.96,55.8,48.18,1.03,21.01,13.4,11.12,LOW,NOMINAL: Operating within normal thermal & electrical limits. Routine maintenance cycle.
2026-06-16 18:00:00,TX-DELTA-04,49.13,53.11,46.73,0.61,36.15,9.25,15.21,LOW,NOMINAL: Operating within normal thermal & electrical limits. Routine maintenance cycle.
2026-06-16 19:00:00,TX-DELTA-04,51.56,53.29,45.94,6.12,17.52,5.76,10.02,LOW,NOMINAL: Operating within normal thermal & electrical limits. Routine maintenance cycle.
2026-06-16 20:00:00,TX-DELTA-04,62.5,52.14,41.59,9.98,13.24,10.43,11.23,LOW,NOMINAL: Operating within normal thermal & electrical limits. Routine maintenance cycle.
2026-06-16 21:00:00,TX-DELTA-04,66.79,53.81,44.02,13.24,1.61,5.89,7.33,LOW,NOMINAL: Operating within normal thermal & electrical limits. Routine maintenance cycle.
2026-06-16 22:00:00,TX-DELTA-04,74.89,57.15,44.74,19.85,14.87,18.52,17.77,LOW,NOMINAL: Operating within normal thermal & electrical limits. Routine maintenance cycle.
2026-06-16 23:00:00,TX-DELTA-04,76.62,54.15,41.35,19.46,14.72,16.96,17.18,LOW,NOMINAL: Operating within normal thermal & electrical limits. Routine maintenance cycle.
2026-06-17 00:00:00,TX-DELTA-04,76.35,52.18,38.89,20.99,17.16,10.03,16.91,LOW,NOMINAL: Operating within normal thermal & electrical limits. Routine maintenance cycle.
2026-06-17 01:00:00,TX-DELTA-04,80.26,53.67,40.07,21.33,16.54,10.8,17.02,LOW,NOMINAL: Operating within normal thermal & electrical limits. Routine maintenance cycle.
2026-06-17 02:00:00,TX-DELTA-04,75.21,49.16,35.24,19.12,16.46,6.96,15.15,LOW,NOMINAL: Operating within normal thermal & electrical limits. Routine maintenance cycle.
2026-06-17 03:00:00,TX-DELTA-04,65.33,44.67,34.25,10.25,18.05,8.02,12.42,LOW,NOMINAL: Operating within normal thermal & electrical limits. Routine maintenance cycle.
2026-06-17 04:00:00,TX-DELTA-04,56.24,44.39,37.09,4.34,24.38,12.88,13.49,LOW,NOMINAL: Operating within normal thermal & electrical limits. Routine maintenance cycle.
2026-06-17 05:00:00,TX-DELTA-04,59.87,47.9,39.18,6.48,12.88,11.19,9.9,LOW,NOMINAL: Operating within normal thermal & electrical limits. Routine maintenance cycle.
2026-06-17 06:00:00,TX-DELTA-04,54.8,44.37,37.36,5.09,22.03,7.13,11.53,LOW,NOMINAL: Operating within normal thermal & electrical limits. Routine maintenance cycle.
2026-06-17 07:00:00,TX-DELTA-04,54.48,49.91,42.06,2.61,24.97,14.55,13.42,LOW,NOMINAL: Operating within normal thermal & electrical limits. Routine maintenance cycle.
2026-06-17 08:00:00,TX-DELTA-04,59.62,56.44,48.11,7.79,17.35,21.22,14.49,LOW,NOMINAL: Operating within normal thermal & electrical limits. Routine maintenance cycle.
2026-06-17 09:00:00,TX-DELTA-04,123.89,90.71,49.59,59.03,91.44,13.62,59.02,MEDIUM,ADVISORY: Increase SCADA polling frequency to 5 minutes; monitor hot-spot temperature delta.
2026-06-17 10:00:00,TX-DELTA-04,76.0,66.96,53.16,23.92,4.72,8.17,13.26,LOW,NOMINAL: Operating within normal thermal & electrical limits. Routine maintenance cycle.
2026-06-17 11:00:00,TX-DELTA-04,79.95,104.23,81.49,66.95,66.88,9.8,52.64,MEDIUM,ADVISORY: Increase SCADA polling frequency to 5 minutes; monitor hot-spot temperature delta.
2026-06-17 12:00:00,TX-DELTA-04,76.15,67.34,54.49,26.12,14.97,15.9,19.66,LOW,NOMINAL: Operating within normal thermal & electrical limits. Routine maintenance cycle.
2026-06-17 13:00:00,TX-DELTA-04,76.95,74.2,60.16,31.51,14.77,5.54,19.16,LOW,NOMINAL: Operating within normal thermal & electrical limits. Routine maintenance cycle.
2026-06-17 14:00:00,TX-DELTA-04,73.72,67.4,55.36,23.97,20.53,18.74,21.46,LOW,NOMINAL: Operating within normal thermal & electrical limits. Routine maintenance cycle.
2026-06-17 15:00:00,TX-DELTA-04,64.77,62.4,52.35,11.97,11.94,4.33,10.05,LOW,NOMINAL: Operating within normal thermal & electrical limits. Routine maintenance cycle.
